date,user_id,user_type,group,converted
05.03.2023,205687,new,control,0
05.03.2023,209943,old,control,0
05.03.2023,205335,old,control,0
05.03.2023,208750,new,treatment,0
05.03.2023,200367,old,control,0
05.03.2023,204933,old,control,0
05.03.2023,201612,new,treatment,0
05.03.2023,206531,old,control,0
05.03.2023,204700,new,treatment,0
05.03.2023,210072,old,treatment,0
05.03.2023,205077,old,control,0
05.03.2023,204599,old,control,0
05.03.2023,200147,new,control,0
05.03.2023,203776,old,treatment,0
05.03.2023,207569,old,control,0
05.03.2023,206219,old,control,0
05.03.2023,206387,new,control,0
05.03.2023,207999,new,control,0
05.03.2023,202021,old,control,0
05.03.2023,207438,old,treatment,1
05.03.2023,200508,new,treatment,0
05.03.2023,202569,old,control,0
05.03.2023,204850,old,treatment,0
05.03.2023,208170,old,treatment,0
05.03.2023,208112,new,treatment,0
05.03.2023,206857,old,control,0
05.03.2023,206407,old,control,0
05.03.2023,204458,new,treatment,0
05.03.2023,210184,old,treatment,0
05.03.2023,207095,old,control,0
05.03.2023,205785,old,control,0
05.03.2023,202841,new,control,0
05.03.2023,206266,new,treatment,0
05.03.2023,210209,old,control,0
05.03.2023,209689,new,control,0
05.03.2023,209899,old,control,0
05.03.2023,208265,old,control,0
05.03.2023,210431,new,control,0
05.03.2023,200208,new,treatment,0
05.03.2023,203784,old,treatment,0
05.03.2023,207681,old,control,0
05.03.2023,202065,old,control,0
05.03.2023,204238,old,treatment,0
05.03.2023,210277,old,control,0
05.03.2023,205522,old,treatment,0
05.03.2023,204855,old,control,0
05.03.2023,202554,old,treatment,0
05.03.2023,201171,old,control,0
05.03.2023,200654,new,treatment,0
05.03.2023,210104,old,treatment,0
05.03.2023,201890,new,treatment,0
05.03.2023,203742,old,treatment,0
05.03.2023,204350,old,treatment,0
05.03.2023,204001,new,control,0
05.03.2023,203570,new,treatment,0
05.03.2023,207201,old,control,0
05.03.2023,205324,old,treatment,0
05.03.2023,205305,new,control,0
05.03.2023,200199,old,control,0
05.03.2023,209922,old,treatment,0
05.03.2023,210043,new,control,0
05.03.2023,202130,new,treatment,0
05.03.2023,203941,new,control,0
05.03.2023,201373,old,control,0
05.03.2023,201937,old,control,0
05.03.2023,205604,old,treatment,0
05.03.2023,204331,old,control,0
05.03.2023,207704,new,treatment,1
05.03.2023,205748,old,treatment,0
05.03.2023,207869,old,control,1
05.03.2023,208007,old,control,0
05.03.2023,209203,old,control,0
05.03.2023,204126,new,treatment,0
05.03.2023,208774,new,treatment,0
05.03.2023,210040,new,treatment,0
05.03.2023,208829,new,control,1
05.03.2023,210010,new,treatment,0
05.03.2023,200752,old,treatment,0
05.03.2023,209485,new,control,0
05.03.2023,207514,new,treatment,0
05.03.2023,202048,old,treatment,1
05.03.2023,208038,new,treatment,0
05.03.2023,209788,old,treatment,0
05.03.2023,208099,new,control,0
05.03.2023,201085,new,control,0
05.03.2023,206481,new,control,0
05.03.2023,203009,old,control,0
05.03.2023,206308,new,treatment,0
05.03.2023,210846,new,treatment,0
05.03.2023,205439,new,control,0
05.03.2023,201556,old,treatment,0
05.03.2023,207085,old,control,0
05.03.2023,202278,new,treatment,0
05.03.2023,201372,new,treatment,0
05.03.2023,208387,old,control,1
05.03.2023,201840,old,treatment,0
05.03.2023,204858,new,treatment,0
05.03.2023,204883,old,control,0
05.03.2023,209135,new,control,0
05.03.2023,203717,old,control,1
05.03.2023,210128,old,treatment,0
05.03.2023,207379,old,control,0
05.03.2023,209156,new,treatment,0
05.03.2023,206617,old,control,1
05.03.2023,207320,old,treatment,0
05.03.2023,202657,old,control,0
05.03.2023,202329,old,control,0
05.03.2023,205519,old,control,0
05.03.2023,204060,new,treatment,0
05.03.2023,205719,new,control,0
05.03.2023,205464,old,treatment,0
05.03.2023,210149,old,control,0
05.03.2023,203308,old,treatment,0
05.03.2023,200850,old,treatment,0
05.03.2023,207390,old,treatment,0
05.03.2023,202636,old,treatment,0
05.03.2023,203044,new,treatment,0
05.03.2023,210755,new,control,0
05.03.2023,207810,old,treatment,0
05.03.2023,208928,old,treatment,0
05.03.2023,200476,old,treatment,0
05.03.2023,208319,old,control,0
05.03.2023,206169,new,control,0
05.03.2023,200718,old,treatment,0
05.03.2023,206676,old,treatment,0
05.03.2023,207483,new,control,0
05.03.2023,206783,new,control,0
05.03.2023,207346,old,treatment,0
05.03.2023,210395,old,control,0
05.03.2023,206187,old,control,0
05.03.2023,200674,new,treatment,0
05.03.2023,210403,new,control,0
05.03.2023,208072,old,treatment,0
05.03.2023,205621,old,control,0
05.03.2023,206089,new,control,1
05.03.2023,210698,new,treatment,0
05.03.2023,201115,old,control,0
05.03.2023,207408,old,treatment,0
05.03.2023,200927,new,control,0
05.03.2023,206956,new,treatment,0
05.03.2023,207434,new,treatment,0
05.03.2023,204209,old,control,1
05.03.2023,202451,new,control,0
05.03.2023,204545,new,control,0
05.03.2023,207362,old,treatment,0
05.03.2023,209047,old,control,0
05.03.2023,210817,old,control,1
05.03.2023,210805,new,control,0
05.03.2023,200924,old,treatment,0
05.03.2023,201118,old,treatment,0
05.03.2023,208086,old,treatment,0
05.03.2023,203765,old,control,1
05.03.2023,205547,new,control,0
05.03.2023,205119,new,control,0
05.03.2023,207389,old,control,0
05.03.2023,201857,new,control,0
05.03.2023,202667,old,control,0
05.03.2023,209790,old,treatment,0
05.03.2023,207457,old,control,0
05.03.2023,207373,old,control,0
05.03.2023,204849,old,control,1
05.03.2023,201073,new,control,0
05.03.2023,205503,new,control,0
05.03.2023,201059,new,control,1
05.03.2023,205397,old,control,0
06.03.2023,201511,new,control,1
06.03.2023,208583,old,control,0
06.03.2023,209013,new,control,0
06.03.2023,202459,old,control,0
06.03.2023,202132,old,treatment,1
06.03.2023,209080,new,treatment,0
06.03.2023,208210,new,treatment,0
06.03.2023,202788,old,treatment,0
06.03.2023,200530,old,treatment,0
06.03.2023,203433,old,control,0
06.03.2023,202769,new,control,0
06.03.2023,208129,old,control,0
06.03.2023,201536,old,treatment,0
06.03.2023,208956,old,treatment,0
06.03.2023,207285,old,control,0
06.03.2023,208254,old,treatment,0
06.03.2023,202765,new,control,0
06.03.2023,200345,old,control,0
06.03.2023,206204,old,treatment,0
06.03.2023,208366,new,treatment,0
06.03.2023,201219,old,control,1
06.03.2023,205858,new,treatment,0
06.03.2023,204011,old,control,1
06.03.2023,206171,new,control,0
06.03.2023,209073,new,control,0
06.03.2023,203401,old,control,0
06.03.2023,204022,old,treatment,0
06.03.2023,207352,new,treatment,0
06.03.2023,206812,new,treatment,1
06.03.2023,204455,old,control,0
06.03.2023,208893,old,control,0
06.03.2023,207645,new,control,0
06.03.2023,207759,new,control,0
06.03.2023,207662,new,treatment,0
06.03.2023,206129,old,control,0
06.03.2023,208450,old,treatment,0
06.03.2023,200560,old,treatment,0
06.03.2023,208084,old,treatment,0
06.03.2023,205195,old,control,0
06.03.2023,203623,new,control,0
06.03.2023,206635,new,control,0
06.03.2023,209422,old,treatment,0
06.03.2023,209450,new,treatment,0
06.03.2023,209110,old,treatment,0
06.03.2023,203176,old,treatment,0
06.03.2023,205093,new,control,0
06.03.2023,200711,new,control,0
06.03.2023,204505,old,control,1
06.03.2023,208499,old,control,0
06.03.2023,207786,new,treatment,0
06.03.2023,205299,new,control,0
06.03.2023,202889,new,control,0
06.03.2023,200444,old,treatment,0
06.03.2023,203210,new,treatment,0
06.03.2023,201575,old,control,0
06.03.2023,204426,old,treatment,0
06.03.2023,208362,old,treatment,0
06.03.2023,210653,new,control,0
06.03.2023,203483,old,control,0
06.03.2023,200016,new,treatment,0
06.03.2023,208802,old,treatment,0
06.03.2023,207499,old,control,0
06.03.2023,206889,old,control,0
06.03.2023,204234,old,treatment,0
06.03.2023,204055,new,control,0
06.03.2023,209625,old,control,0
06.03.2023,200622,new,treatment,0
06.03.2023,202723,old,control,0
06.03.2023,208186,old,treatment,0
06.03.2023,202954,old,treatment,0
06.03.2023,208386,old,treatment,0
06.03.2023,203290,old,treatment,0
06.03.2023,210200,new,treatment,0
06.03.2023,203254,old,treatment,0
06.03.2023,204069,old,control,0
06.03.2023,201439,old,control,0
06.03.2023,201193,new,control,0
06.03.2023,208675,new,control,0
06.03.2023,207640,old,treatment,0
06.03.2023,201599,old,control,0
06.03.2023,200335,old,control,0
06.03.2023,207412,old,treatment,0
06.03.2023,205966,new,treatment,0
06.03.2023,203565,old,control,0
06.03.2023,202642,old,treatment,0
06.03.2023,209011,new,control,0
06.03.2023,200738,old,treatment,0
06.03.2023,201170,old,treatment,0
06.03.2023,204894,old,treatment,0
06.03.2023,208107,old,control,0
06.03.2023,206068,new,treatment,0
06.03.2023,204476,old,treatment,0
06.03.2023,201568,new,treatment,0
06.03.2023,210379,old,control,0
06.03.2023,207066,new,treatment,0
06.03.2023,205664,old,treatment,0
06.03.2023,209735,new,control,0
06.03.2023,207540,new,treatment,0
06.03.2023,209076,old,treatment,0
06.03.2023,206281,old,control,0
06.03.2023,202522,old,treatment,0
06.03.2023,203430,old,treatment,0
06.03.2023,208226,old,treatment,0
06.03.2023,208656,new,treatment,1
06.03.2023,202241,new,control,0
06.03.2023,209268,old,treatment,0
06.03.2023,204830,new,treatment,0
06.03.2023,203083,old,control,0
06.03.2023,203153,old,control,0
06.03.2023,208681,new,control,0
06.03.2023,201495,old,control,0
06.03.2023,204073,new,control,0
06.03.2023,208961,old,control,0
06.03.2023,207254,new,treatment,0
06.03.2023,209964,old,treatment,0
06.03.2023,202932,old,treatment,1
06.03.2023,200162,new,treatment,0
06.03.2023,200465,old,control,0
06.03.2023,200382,old,treatment,0
06.03.2023,205187,new,control,0
06.03.2023,208905,old,control,0
06.03.2023,208296,new,treatment,0
06.03.2023,204084,new,treatment,0
06.03.2023,208821,old,control,0
06.03.2023,208306,old,treatment,0
06.03.2023,202431,old,control,1
06.03.2023,202802,old,treatment,0
06.03.2023,201845,new,control,0
06.03.2023,205374,old,treatment,0
06.03.2023,210599,old,control,0
06.03.2023,209552,old,treatment,0
06.03.2023,203666,new,treatment,0
06.03.2023,205676,old,treatment,0
06.03.2023,208441,old,control,0
06.03.2023,205442,new,treatment,0
06.03.2023,203870,old,treatment,0
06.03.2023,203930,old,treatment,0
06.03.2023,203037,new,control,0
06.03.2023,200526,new,treatment,0
06.03.2023,202004,old,treatment,0
06.03.2023,203310,new,treatment,0
06.03.2023,206320,old,treatment,0
06.03.2023,204555,old,control,0
06.03.2023,201921,old,control,0
06.03.2023,204817,new,control,0
06.03.2023,210475,old,control,0
06.03.2023,210135,new,control,0
06.03.2023,203136,new,treatment,0
06.03.2023,204388,new,treatment,0
06.03.2023,205875,old,control,0
06.03.2023,209812,old,treatment,0
06.03.2023,206039,new,control,0
06.03.2023,210675,old,control,1
06.03.2023,203727,old,control,1
06.03.2023,205180,old,treatment,0
06.03.2023,201704,old,treatment,0
06.03.2023,207507,new,control,0
06.03.2023,205095,new,control,0
06.03.2023,209675,old,control,0
06.03.2023,209701,old,control,0
06.03.2023,201761,old,control,0
06.03.2023,200288,old,treatment,0
06.03.2023,206722,old,treatment,0
06.03.2023,210786,old,treatment,0
06.03.2023,210709,new,control,0
07.03.2023,207883,old,control,0
07.03.2023,201756,old,treatment,0
07.03.2023,201150,old,treatment,0
07.03.2023,208763,new,control,1
07.03.2023,206337,old,control,0
07.03.2023,203824,new,treatment,0
07.03.2023,206672,old,treatment,0
07.03.2023,206554,new,treatment,0
07.03.2023,206772,old,treatment,0
07.03.2023,202174,old,treatment,0
07.03.2023,205416,old,treatment,0
07.03.2023,209333,old,control,0
07.03.2023,201507,new,control,0
07.03.2023,208146,new,treatment,0
07.03.2023,204163,new,control,0
07.03.2023,201837,new,control,0
07.03.2023,205215,new,control,0
07.03.2023,207026,new,treatment,0
07.03.2023,209046,old,treatment,0
07.03.2023,204407,old,control,0
07.03.2023,205382,old,treatment,0
07.03.2023,209783,new,control,0
07.03.2023,204873,new,control,0
07.03.2023,202981,new,control,0
07.03.2023,207779,new,control,0
07.03.2023,209118,old,treatment,0
07.03.2023,207915,new,control,1
07.03.2023,202108,new,treatment,1
07.03.2023,209662,new,treatment,0
07.03.2023,204657,old,control,0
07.03.2023,210411,new,control,0
07.03.2023,204791,new,control,0
07.03.2023,200856,new,treatment,0
07.03.2023,206995,old,control,0
07.03.2023,202542,old,treatment,0
07.03.2023,204311,old,control,0
07.03.2023,210338,old,treatment,0
07.03.2023,207679,old,control,0
07.03.2023,207913,old,control,0
07.03.2023,208888,old,treatment,0
07.03.2023,200124,old,treatment,0
07.03.2023,207825,old,control,0
07.03.2023,208818,new,treatment,0
07.03.2023,204299,old,control,0
07.03.2023,208868,new,treatment,0
07.03.2023,209524,old,treatment,0
07.03.2023,209890,old,treatment,0
07.03.2023,202093,old,control,0
07.03.2023,206821,old,control,0
07.03.2023,205813,old,control,0
07.03.2023,204846,new,treatment,0
07.03.2023,206530,new,treatment,0
07.03.2023,204196,old,treatment,1
07.03.2023,206000,new,treatment,0
07.03.2023,203473,new,control,0
07.03.2023,200549,new,control,0
07.03.2023,210331,new,control,0
07.03.2023,207998,old,treatment,0
07.03.2023,201424,old,treatment,0
07.03.2023,201355,new,control,0
07.03.2023,206660,new,treatment,0
07.03.2023,203140,old,treatment,0
07.03.2023,204175,new,control,0
07.03.2023,206631,new,control,0
07.03.2023,201066,old,treatment,0
07.03.2023,202008,old,treatment,0
07.03.2023,204474,old,treatment,0
07.03.2023,210934,old,treatment,0
07.03.2023,210717,old,control,0
07.03.2023,203334,new,treatment,0
07.03.2023,202235,old,control,0
07.03.2023,202118,old,treatment,0
07.03.2023,210290,old,treatment,0
07.03.2023,200122,new,treatment,0
07.03.2023,206609,old,control,0
07.03.2023,207449,old,control,0
07.03.2023,208433,new,control,0
07.03.2023,209180,old,treatment,0
07.03.2023,201617,old,control,0
07.03.2023,201039,new,control,0
07.03.2023,209061,old,control,0
07.03.2023,204723,new,control,0
07.03.2023,200572,old,treatment,0
07.03.2023,201063,old,control,0
07.03.2023,210538,old,treatment,0
07.03.2023,209337,old,control,0
07.03.2023,207957,old,control,0
07.03.2023,209999,old,control,0
07.03.2023,201695,new,control,0
07.03.2023,210456,new,treatment,0
07.03.2023,205132,old,treatment,0
07.03.2023,202114,new,treatment,1
07.03.2023,203926,new,treatment,1
07.03.2023,204021,new,control,0
07.03.2023,208837,new,control,0
07.03.2023,201563,new,control,0
07.03.2023,208851,old,control,0
07.03.2023,208530,new,treatment,1
07.03.2023,207125,old,control,0
07.03.2023,203494,new,treatment,0
07.03.2023,209594,old,treatment,0
07.03.2023,206597,old,control,0
07.03.2023,206565,old,control,1
07.03.2023,207295,new,control,0
07.03.2023,202860,old,treatment,0
07.03.2023,204992,old,treatment,0
07.03.2023,200664,new,treatment,0
07.03.2023,210105,old,control,0
07.03.2023,200590,new,treatment,0
07.03.2023,201614,old,treatment,0
07.03.2023,207169,new,control,0
07.03.2023,209635,old,control,0
07.03.2023,203516,new,treatment,0
07.03.2023,204712,old,treatment,0
07.03.2023,203726,new,treatment,0
07.03.2023,209198,old,treatment,0
07.03.2023,209059,new,control,0
07.03.2023,206106,new,treatment,0
07.03.2023,205366,old,treatment,0
07.03.2023,205599,new,control,0
07.03.2023,202432,old,treatment,0
07.03.2023,204880,new,treatment,0
07.03.2023,209923,old,control,0
07.03.2023,200035,new,control,0
07.03.2023,208383,old,control,0
07.03.2023,205079,new,control,0
07.03.2023,203030,old,treatment,0
07.03.2023,201602,old,treatment,0
07.03.2023,207925,old,control,0
07.03.2023,205130,old,treatment,0
07.03.2023,204859,old,control,0
07.03.2023,205211,new,control,0
07.03.2023,202905,new,control,0
07.03.2023,205378,old,treatment,0
07.03.2023,208195,old,control,0
07.03.2023,206517,new,control,0
07.03.2023,210486,old,treatment,0
07.03.2023,208283,old,control,0
07.03.2023,205601,new,control,0
07.03.2023,201232,old,treatment,0
07.03.2023,204577,new,control,0
07.03.2023,202854,old,treatment,1
07.03.2023,209331,old,control,0
07.03.2023,208398,old,treatment,0
07.03.2023,200300,new,treatment,0
07.03.2023,208538,old,treatment,0
07.03.2023,208145,old,control,0
07.03.2023,207345,old,control,0
07.03.2023,210552,old,treatment,0
07.03.2023,201820,old,treatment,0
07.03.2023,206816,new,treatment,0
07.03.2023,204994,new,treatment,0
07.03.2023,207558,new,treatment,1
07.03.2023,205483,new,control,0
07.03.2023,200595,old,control,0
07.03.2023,209683,new,control,0
07.03.2023,203992,old,treatment,0
07.03.2023,204430,old,treatment,0
07.03.2023,203146,old,treatment,0
07.03.2023,210829,new,control,0
07.03.2023,204875,old,control,0
07.03.2023,203850,old,treatment,0
07.03.2023,206013,old,control,0
07.03.2023,210303,new,control,0
07.03.2023,202213,new,control,0
08.03.2023,203068,old,treatment,0
08.03.2023,202609,new,control,0
08.03.2023,210505,old,control,0
08.03.2023,210241,old,control,0
08.03.2023,204914,old,treatment,1
08.03.2023,206313,old,control,0
08.03.2023,200462,new,treatment,0
08.03.2023,210598,old,treatment,0
08.03.2023,204623,new,control,0
08.03.2023,210032,old,treatment,0
08.03.2023,204844,old,treatment,0
08.03.2023,209200,new,treatment,0
08.03.2023,208639,old,control,0
08.03.2023,200004,new,treatment,0
08.03.2023,202785,new,control,0
08.03.2023,202741,old,control,0
08.03.2023,202748,old,treatment,0
08.03.2023,200986,old,treatment,0
08.03.2023,209648,old,treatment,0
08.03.2023,206974,old,treatment,0
08.03.2023,203453,old,control,0
08.03.2023,208625,old,control,0
08.03.2023,210513,new,control,0
08.03.2023,206225,old,control,0
08.03.2023,206360,old,treatment,0
08.03.2023,202204,new,treatment,0
08.03.2023,200501,new,control,0
08.03.2023,207533,old,control,0
08.03.2023,209241,old,control,0
08.03.2023,203521,new,control,0
08.03.2023,206953,old,control,0
08.03.2023,200644,old,treatment,1
08.03.2023,203909,old,control,0
08.03.2023,207308,new,treatment,0
08.03.2023,209325,new,control,0
08.03.2023,207265,old,control,0
08.03.2023,201815,old,control,0
08.03.2023,207458,new,treatment,0
08.03.2023,201122,new,treatment,0
08.03.2023,204065,old,control,0
08.03.2023,203216,new,treatment,0
08.03.2023,201477,old,control,1
08.03.2023,209505,new,control,0
08.03.2023,207526,old,treatment,0
08.03.2023,209983,old,control,0
08.03.2023,207159,old,control,0
08.03.2023,208182,old,treatment,0
08.03.2023,206948,new,treatment,0
08.03.2023,210440,new,treatment,0
08.03.2023,201325,old,control,0
08.03.2023,204215,new,control,0
08.03.2023,204392,new,treatment,0
08.03.2023,201178,old,treatment,0
08.03.2023,210761,old,control,0
08.03.2023,208863,old,control,1
08.03.2023,206829,new,control,0
08.03.2023,203645,new,control,0
08.03.2023,205021,old,control,0
08.03.2023,209561,new,control,0
08.03.2023,204963,old,control,0
08.03.2023,209937,new,control,0
08.03.2023,203088,old,treatment,1
08.03.2023,204329,new,control,0
08.03.2023,209220,new,treatment,0
08.03.2023,206005,old,control,0
08.03.2023,209083,new,control,0
08.03.2023,200801,old,control,0
08.03.2023,206960,old,treatment,0
08.03.2023,200985,new,control,0
08.03.2023,208143,new,control,0
08.03.2023,202441,old,control,0
08.03.2023,209907,old,control,0
08.03.2023,207035,old,control,0
08.03.2023,200060,old,treatment,0
08.03.2023,202904,old,treatment,0
08.03.2023,206759,old,control,0
08.03.2023,210316,old,treatment,0
08.03.2023,209702,old,treatment,0
08.03.2023,201715,old,control,0
08.03.2023,203593,new,control,0
08.03.2023,201327,old,control,0
08.03.2023,201590,new,treatment,0
08.03.2023,206563,new,control,0
08.03.2023,202561,old,control,1
08.03.2023,201729,new,control,0
08.03.2023,202030,new,treatment,0
08.03.2023,206484,old,treatment,0
08.03.2023,201655,old,control,1
08.03.2023,205290,new,treatment,0
08.03.2023,205625,new,control,0
08.03.2023,200224,old,treatment,0
08.03.2023,208875,new,control,0
08.03.2023,204847,old,control,0
08.03.2023,200445,new,control,1
08.03.2023,200949,old,control,0
08.03.2023,210516,old,treatment,1
08.03.2023,204318,new,treatment,0
08.03.2023,207220,new,treatment,0
08.03.2023,200338,old,treatment,0
08.03.2023,207598,old,treatment,0
08.03.2023,203219,old,control,0
08.03.2023,206564,new,treatment,0
08.03.2023,200458,old,treatment,0
08.03.2023,207506,old,treatment,1
08.03.2023,202144,new,treatment,0
08.03.2023,205134,old,treatment,0
08.03.2023,210975,old,control,0
08.03.2023,206114,new,treatment,0
08.03.2023,203877,old,control,0
08.03.2023,204686,old,treatment,0
08.03.2023,203273,old,control,0
08.03.2023,204181,old,control,0
08.03.2023,202596,old,treatment,1
08.03.2023,206322,old,treatment,0
08.03.2023,209084,new,treatment,0
08.03.2023,210916,new,treatment,0
08.03.2023,200684,old,treatment,0
08.03.2023,208742,old,treatment,1
08.03.2023,202552,old,treatment,0
08.03.2023,201582,old,treatment,0
08.03.2023,202790,old,treatment,0
08.03.2023,203671,new,control,0
08.03.2023,206487,new,control,0
08.03.2023,204614,old,treatment,0
08.03.2023,210243,new,control,0
08.03.2023,202084,old,treatment,0
08.03.2023,207240,new,treatment,0
08.03.2023,200955,old,control,0
08.03.2023,207652,old,treatment,0
08.03.2023,210604,old,treatment,0
08.03.2023,207602,new,treatment,0
08.03.2023,204040,old,treatment,0
08.03.2023,208045,old,control,0
08.03.2023,204937,old,control,0
08.03.2023,206720,new,treatment,0
08.03.2023,204015,new,control,0
08.03.2023,207119,old,control,0
08.03.2023,201667,old,control,1
08.03.2023,206431,new,control,0
08.03.2023,202420,old,treatment,0
08.03.2023,203017,old,control,0
08.03.2023,201260,old,treatment,0
08.03.2023,202102,new,treatment,0
08.03.2023,204278,new,treatment,0
08.03.2023,202909,new,control,0
08.03.2023,208245,new,control,0
08.03.2023,202896,old,treatment,0
08.03.2023,207427,new,control,0
08.03.2023,204297,new,control,0
08.03.2023,205794,old,treatment,0
08.03.2023,201482,new,treatment,0
08.03.2023,210311,old,control,0
08.03.2023,202900,old,treatment,0
08.03.2023,209455,new,control,0
08.03.2023,203707,new,control,0
08.03.2023,201196,old,treatment,0
08.03.2023,206258,old,treatment,0
08.03.2023,200846,old,treatment,0
08.03.2023,203826,old,treatment,0
08.03.2023,206441,old,control,0
08.03.2023,205907,new,control,0
08.03.2023,208971,new,control,0
08.03.2023,204895,new,control,0
08.03.2023,209482,new,treatment,0
08.03.2023,210152,new,treatment,0
09.03.2023,201374,old,treatment,0
09.03.2023,208767,new,control,0
09.03.2023,202806,new,treatment,0
09.03.2023,200858,old,treatment,0
09.03.2023,206075,old,control,0
09.03.2023,209950,old,treatment,0
09.03.2023,200469,old,control,0
09.03.2023,208121,old,control,0
09.03.2023,209792,new,treatment,0
09.03.2023,209082,new,treatment,0
09.03.2023,203050,new,treatment,0
09.03.2023,203066,old,treatment,0
09.03.2023,202273,old,control,0
09.03.2023,209568,old,treatment,0
09.03.2023,202189,new,control,0
09.03.2023,201021,old,control,0
09.03.2023,208456,new,treatment,0
09.03.2023,207857,old,control,0
09.03.2023,202223,new,control,0
09.03.2023,205960,old,treatment,0
09.03.2023,202703,old,control,0
09.03.2023,200134,old,treatment,0
09.03.2023,209935,new,control,0
09.03.2023,205523,new,control,0
09.03.2023,210756,new,treatment,0
09.03.2023,208786,old,treatment,0
09.03.2023,206970,old,treatment,0
09.03.2023,208878,new,treatment,0
09.03.2023,203493,old,control,0
09.03.2023,210803,old,control,0
09.03.2023,206897,old,control,0
09.03.2023,208180,new,treatment,0
09.03.2023,210367,new,control,0
09.03.2023,206698,new,treatment,0
09.03.2023,200245,old,control,0
09.03.2023,205847,old,control,0
09.03.2023,202282,old,treatment,0
09.03.2023,201114,new,treatment,0
09.03.2023,200842,old,treatment,0
09.03.2023,210852,new,treatment,0
09.03.2023,208165,old,control,0
09.03.2023,208173,old,control,0
09.03.2023,206285,old,control,0
09.03.2023,207972,new,treatment,0
09.03.2023,203312,new,treatment,0
09.03.2023,200871,new,control,0
09.03.2023,209252,new,treatment,0
09.03.2023,208532,new,treatment,0
09.03.2023,204003,old,control,0
09.03.2023,203423,old,control,0
09.03.2023,206371,new,control,0
09.03.2023,205526,old,treatment,0
09.03.2023,200212,old,treatment,0
09.03.2023,209626,new,treatment,0
09.03.2023,203957,old,control,0
09.03.2023,201579,old,control,0
09.03.2023,200172,new,treatment,0
09.03.2023,209101,new,control,0
09.03.2023,204269,old,control,0
09.03.2023,206243,old,control,0
09.03.2023,210125,new,control,0
09.03.2023,209300,old,treatment,0
09.03.2023,208671,new,control,0
09.03.2023,207276,new,treatment,0
09.03.2023,203976,old,treatment,0
09.03.2023,209686,old,treatment,0
09.03.2023,202951,old,control,0
09.03.2023,207896,old,treatment,0
09.03.2023,206845,old,control,0
09.03.2023,208074,new,treatment,0
09.03.2023,207300,old,treatment,0
09.03.2023,210343,old,control,0
09.03.2023,206485,new,control,0
09.03.2023,205372,old,treatment,0
09.03.2023,208189,new,control,0
09.03.2023,206088,old,treatment,0
09.03.2023,203887,old,control,0
09.03.2023,204694,old,treatment,0
09.03.2023,204212,old,treatment,0
09.03.2023,203931,old,control,0
09.03.2023,202975,new,control,0
09.03.2023,207625,new,control,0
09.03.2023,205246,old,treatment,1
09.03.2023,207521,new,control,0
09.03.2023,204370,old,treatment,0
09.03.2023,209197,new,control,0
09.03.2023,209368,old,treatment,1
09.03.2023,204077,new,control,0
09.03.2023,204646,new,treatment,0
09.03.2023,207467,new,control,0
09.03.2023,204115,new,control,0
09.03.2023,206593,old,control,0
09.03.2023,200833,old,control,0
09.03.2023,207109,new,control,0
09.03.2023,209720,new,treatment,0
09.03.2023,200978,old,treatment,0
09.03.2023,204918,old,treatment,0
09.03.2023,206888,old,treatment,0
09.03.2023,204302,old,treatment,0
09.03.2023,208218,old,treatment,0
09.03.2023,207230,new,treatment,0
09.03.2023,208388,old,treatment,0
09.03.2023,200983,old,control,0
09.03.2023,201642,new,treatment,0
09.03.2023,208250,old,treatment,0
09.03.2023,210671,new,control,0
09.03.2023,200236,old,treatment,0
09.03.2023,207259,old,control,0
09.03.2023,200114,old,treatment,0
09.03.2023,210987,old,control,0
09.03.2023,201860,old,treatment,0
09.03.2023,209577,new,control,0
09.03.2023,200976,new,treatment,0
09.03.2023,209642,new,treatment,0
09.03.2023,207978,new,treatment,0
09.03.2023,207787,old,control,0
09.03.2023,210928,new,treatment,0
09.03.2023,207123,old,control,0
09.03.2023,201101,new,control,0
09.03.2023,208662,new,treatment,0
09.03.2023,204380,old,treatment,1
09.03.2023,209803,old,control,0
09.03.2023,205569,old,control,0
09.03.2023,203272,old,treatment,1
09.03.2023,207025,new,control,0
09.03.2023,208651,new,control,0
09.03.2023,202531,old,control,0
09.03.2023,205279,new,control,0
09.03.2023,205656,old,treatment,0
09.03.2023,206376,old,treatment,1
09.03.2023,210632,old,treatment,0
09.03.2023,206685,old,control,0
09.03.2023,201898,new,treatment,0
09.03.2023,204116,old,treatment,0
09.03.2023,207069,old,control,0
09.03.2023,201570,old,treatment,0
09.03.2023,202530,new,treatment,0
09.03.2023,204685,new,control,0
09.03.2023,209685,old,control,0
09.03.2023,206534,old,treatment,0
09.03.2023,207298,old,treatment,0
09.03.2023,207314,new,treatment,0
09.03.2023,206101,old,control,0
09.03.2023,207834,new,treatment,0
09.03.2023,210536,new,treatment,0
09.03.2023,211021,old,control,0
09.03.2023,209356,old,treatment,0
09.03.2023,208558,old,treatment,0
09.03.2023,205821,old,control,0
09.03.2023,208514,new,treatment,0
09.03.2023,201870,new,treatment,0
09.03.2023,203326,old,treatment,0
09.03.2023,206108,new,treatment,0
09.03.2023,210205,old,control,0
09.03.2023,204279,new,control,0
09.03.2023,204057,old,control,0
09.03.2023,207322,new,treatment,0
09.03.2023,205747,new,control,0
09.03.2023,205424,old,treatment,0
09.03.2023,209700,new,treatment,0
09.03.2023,204526,new,treatment,1
09.03.2023,205670,old,treatment,0
09.03.2023,201990,new,treatment,0
09.03.2023,211022,old,treatment,1
09.03.2023,201902,old,treatment,0
10.03.2023,209914,old,treatment,0
10.03.2023,201659,new,control,0
10.03.2023,205972,old,treatment,0
10.03.2023,204448,new,treatment,0
10.03.2023,205146,old,treatment,0
10.03.2023,206838,new,treatment,1
10.03.2023,205250,new,treatment,0
10.03.2023,206446,old,treatment,0
10.03.2023,200143,new,control,0
10.03.2023,207737,new,control,0
10.03.2023,208000,new,treatment,0
10.03.2023,204675,old,control,1
10.03.2023,201390,old,treatment,0
10.03.2023,205710,old,treatment,0
10.03.2023,205255,new,control,0
10.03.2023,204724,new,treatment,0
10.03.2023,208693,old,control,0
10.03.2023,209024,old,treatment,1
10.03.2023,206936,old,treatment,0
10.03.2023,201267,old,control,0
10.03.2023,204449,old,control,0
10.03.2023,209692,old,treatment,0
10.03.2023,204336,old,treatment,0
10.03.2023,206210,old,treatment,0
10.03.2023,207294,new,treatment,0
10.03.2023,201824,old,treatment,1
10.03.2023,206095,old,control,0
10.03.2023,205231,new,control,1
10.03.2023,209931,old,control,0
10.03.2023,204058,old,treatment,0
10.03.2023,209444,new,treatment,0
10.03.2023,205192,old,treatment,0
10.03.2023,206356,new,treatment,0
10.03.2023,203149,old,control,0
10.03.2023,202869,new,control,0
10.03.2023,206073,old,control,0
10.03.2023,210472,old,treatment,0
10.03.2023,205159,new,control,0
10.03.2023,205667,new,control,0
10.03.2023,200794,old,treatment,0
10.03.2023,207278,old,treatment,0
10.03.2023,200015,old,control,0
10.03.2023,203918,new,treatment,0
10.03.2023,210009,new,control,0
10.03.2023,201384,old,treatment,0
10.03.2023,202360,old,treatment,1
10.03.2023,208973,old,control,0
10.03.2023,209755,old,control,0
10.03.2023,200319,new,control,0
10.03.2023,200260,old,treatment,0
10.03.2023,208967,old,control,0
10.03.2023,208369,old,control,0
10.03.2023,200048,old,treatment,0
10.03.2023,209953,old,control,0
10.03.2023,210468,new,treatment,0
10.03.2023,206931,new,control,1
10.03.2023,206252,old,treatment,0
10.03.2023,210956,new,treatment,0
10.03.2023,205633,old,control,0
10.03.2023,204982,old,treatment,0
10.03.2023,206659,old,control,0
10.03.2023,208481,old,control,0
10.03.2023,207342,old,treatment,0
10.03.2023,209805,old,control,0
10.03.2023,202767,old,control,0
10.03.2023,208351,old,control,1
10.03.2023,203994,old,treatment,0
10.03.2023,205823,new,control,0
10.03.2023,210848,old,treatment,0
10.03.2023,209058,old,treatment,0
10.03.2023,209400,old,treatment,0
10.03.2023,204935,old,control,0
10.03.2023,205340,old,treatment,0
10.03.2023,210523,new,control,0
10.03.2023,201110,old,treatment,0
10.03.2023,200701,old,control,1
10.03.2023,210480,new,treatment,0
10.03.2023,205272,old,treatment,0
10.03.2023,203908,old,treatment,0
10.03.2023,206932,old,treatment,0
10.03.2023,202706,old,treatment,0
10.03.2023,207536,old,treatment,0
10.03.2023,206175,old,control,0
10.03.2023,208098,new,treatment,1
10.03.2023,204997,old,control,0
10.03.2023,206072,old,treatment,0
10.03.2023,206477,old,control,0
10.03.2023,203041,old,control,0
10.03.2023,204733,old,control,0
10.03.2023,210445,old,control,0
10.03.2023,205996,new,treatment,1
10.03.2023,209754,old,treatment,0
10.03.2023,207140,new,treatment,0
10.03.2023,209107,new,control,0
10.03.2023,206864,new,treatment,0
10.03.2023,204284,new,treatment,0
10.03.2023,210087,old,control,0
10.03.2023,202026,new,treatment,0
10.03.2023,202579,old,control,0
10.03.2023,209845,new,control,0
10.03.2023,200997,new,control,0
10.03.2023,200223,old,control,0
10.03.2023,203829,old,control,0
10.03.2023,202984,new,treatment,1
10.03.2023,203372,old,treatment,0
10.03.2023,210498,new,treatment,0
10.03.2023,203864,old,treatment,0
10.03.2023,202941,old,control,0
10.03.2023,202982,new,treatment,0
10.03.2023,200799,old,control,0
10.03.2023,202439,new,control,0
10.03.2023,200018,old,treatment,1
10.03.2023,202516,old,treatment,0
10.03.2023,207805,old,control,1
10.03.2023,202182,old,treatment,0
10.03.2023,210325,new,control,0
10.03.2023,203882,new,treatment,0
10.03.2023,203052,new,treatment,0
10.03.2023,206031,new,control,0
10.03.2023,209051,old,control,0
10.03.2023,208676,new,treatment,0
10.03.2023,203958,old,treatment,0
10.03.2023,201734,new,treatment,0
10.03.2023,202618,old,treatment,0
10.03.2023,205407,old,control,0
10.03.2023,202349,new,control,0
10.03.2023,209242,new,treatment,0
10.03.2023,206502,old,treatment,0
10.03.2023,203156,new,treatment,0
10.03.2023,208384,old,treatment,0
10.03.2023,210541,new,control,0
10.03.2023,201899,new,control,0
10.03.2023,201173,old,control,0
10.03.2023,205310,old,treatment,0
10.03.2023,208486,old,treatment,0
10.03.2023,207244,old,treatment,0
10.03.2023,210762,old,treatment,1
10.03.2023,210609,new,control,0
10.03.2023,200662,new,treatment,0
10.03.2023,208172,new,treatment,0
10.03.2023,203610,old,treatment,0
10.03.2023,207353,old,control,0
10.03.2023,205527,old,control,0
10.03.2023,210393,old,control,0
10.03.2023,201065,old,control,0
10.03.2023,207846,new,treatment,0
10.03.2023,204246,old,treatment,1
10.03.2023,200893,old,control,0
10.03.2023,210289,new,control,0
10.03.2023,200863,old,control,1
10.03.2023,208436,new,treatment,0
10.03.2023,202001,new,control,0
10.03.2023,203260,old,treatment,0
10.03.2023,204483,old,control,0
10.03.2023,202805,new,control,0
10.03.2023,208282,old,treatment,0
10.03.2023,203406,new,treatment,0
10.03.2023,209746,old,treatment,0
10.03.2023,206930,old,treatment,0
10.03.2023,206154,old,treatment,0
10.03.2023,210181,old,control,0
10.03.2023,203103,old,control,0
10.03.2023,207167,old,control,0
10.03.2023,207909,old,control,0
10.03.2023,201941,old,control,0
11.03.2023,200582,old,treatment,1
11.03.2023,202902,old,treatment,0
11.03.2023,201206,new,treatment,0
11.03.2023,210078,old,treatment,0
11.03.2023,203163,old,control,0
11.03.2023,204861,new,control,0
11.03.2023,207783,old,control,0
11.03.2023,200713,old,control,0
11.03.2023,206406,old,treatment,0
11.03.2023,208155,old,control,0
11.03.2023,207388,new,treatment,0
11.03.2023,206011,old,control,0
11.03.2023,201406,new,treatment,0
11.03.2023,202085,new,control,0
11.03.2023,205150,new,treatment,0
11.03.2023,206478,old,treatment,1
11.03.2023,203891,new,control,0
11.03.2023,204200,old,treatment,0
11.03.2023,208451,new,control,0
11.03.2023,200831,old,control,0
11.03.2023,203738,old,treatment,0
11.03.2023,200314,new,treatment,0
11.03.2023,202953,new,control,0
11.03.2023,203606,old,treatment,1
11.03.2023,210769,new,control,1
11.03.2023,201527,new,control,0
11.03.2023,209829,old,control,0
11.03.2023,200435,new,control,0
11.03.2023,206622,old,treatment,0
11.03.2023,201175,old,control,0
11.03.2023,203067,old,control,0
11.03.2023,202511,old,control,0
11.03.2023,206061,new,control,0
11.03.2023,207367,new,control,0
11.03.2023,208976,old,treatment,0
11.03.2023,208006,new,treatment,0
11.03.2023,210293,old,control,0
11.03.2023,206447,old,control,0
11.03.2023,202734,new,treatment,0
11.03.2023,203415,old,control,0
11.03.2023,210419,new,control,0
11.03.2023,201893,old,control,0
11.03.2023,209698,new,treatment,0
11.03.2023,202438,new,treatment,0
11.03.2023,210603,old,control,0
11.03.2023,200778,new,treatment,1
11.03.2023,203735,old,control,1
11.03.2023,200934,new,treatment,0
11.03.2023,205536,old,treatment,1
11.03.2023,201519,old,control,0
11.03.2023,202321,old,control,1
11.03.2023,200115,old,control,0
11.03.2023,203564,old,treatment,0
11.03.2023,209286,new,treatment,0
11.03.2023,209355,old,control,0
11.03.2023,201282,old,treatment,0
11.03.2023,207632,new,treatment,1
11.03.2023,202098,new,treatment,1
11.03.2023,204264,old,treatment,0
11.03.2023,205125,old,control,0
11.03.2023,202409,old,control,0
11.03.2023,207383,old,control,0
11.03.2023,201316,old,treatment,0
11.03.2023,205876,new,treatment,0
11.03.2023,201283,new,control,0
11.03.2023,207472,old,treatment,1
11.03.2023,200132,old,treatment,1
11.03.2023,205026,new,treatment,0
11.03.2023,206915,new,control,0
11.03.2023,206063,new,control,0
11.03.2023,204450,old,treatment,0
11.03.2023,210262,new,treatment,1
11.03.2023,206569,new,control,0
11.03.2023,200174,new,treatment,0
11.03.2023,202721,new,control,0
11.03.2023,205320,new,treatment,0
11.03.2023,206603,old,control,0
11.03.2023,204622,old,treatment,0
11.03.2023,202911,old,control,1
11.03.2023,200477,old,control,1
11.03.2023,207055,old,control,1
11.03.2023,209117,old,control,0
11.03.2023,204479,new,control,0
11.03.2023,209677,new,control,0
11.03.2023,201309,new,control,0
11.03.2023,204111,new,control,0
11.03.2023,202958,old,treatment,0
11.03.2023,209947,new,control,0
11.03.2023,207749,new,control,0
11.03.2023,202332,old,treatment,0
11.03.2023,202829,old,control,0
11.03.2023,204139,old,control,0
11.03.2023,205715,old,control,0
11.03.2023,206125,old,control,0
11.03.2023,200774,new,treatment,0
11.03.2023,202928,new,treatment,0
11.03.2023,206862,new,treatment,0
11.03.2023,208871,new,control,0
11.03.2023,208841,old,control,0
11.03.2023,208270,old,treatment,0
11.03.2023,201607,new,control,0
11.03.2023,201985,new,control,0
11.03.2023,209513,new,control,0
11.03.2023,204442,new,treatment,0
11.03.2023,209367,new,control,1
11.03.2023,200933,new,control,0
11.03.2023,202689,old,control,0
11.03.2023,209832,old,treatment,0
11.03.2023,201651,new,control,0
11.03.2023,210718,old,treatment,0
11.03.2023,209997,old,control,0
11.03.2023,200956,old,treatment,0
11.03.2023,206226,old,treatment,0
11.03.2023,203265,old,control,0
11.03.2023,200779,old,control,0
11.03.2023,200100,old,treatment,0
11.03.2023,207015,old,control,0
11.03.2023,204050,new,treatment,0
11.03.2023,202384,old,treatment,0
11.03.2023,203236,old,treatment,0
11.03.2023,202252,old,treatment,0
11.03.2023,209764,new,treatment,0
11.03.2023,201367,new,control,0
11.03.2023,208885,new,control,0
11.03.2023,200421,new,control,0
11.03.2023,203783,new,control,0
11.03.2023,204684,new,treatment,0
11.03.2023,209018,old,treatment,0
11.03.2023,200659,old,control,0
11.03.2023,205724,old,treatment,1
11.03.2023,200144,new,treatment,0
11.03.2023,208609,old,control,0
11.03.2023,200167,old,control,0
11.03.2023,203271,old,control,0
11.03.2023,206978,old,treatment,0
11.03.2023,206742,old,treatment,0
11.03.2023,202059,new,control,0
11.03.2023,207941,new,control,0
11.03.2023,205691,old,control,0
11.03.2023,209049,old,control,0
11.03.2023,209894,old,treatment,0
11.03.2023,201252,new,treatment,0
11.03.2023,200074,old,treatment,0
11.03.2023,209161,old,control,0
11.03.2023,203573,old,control,0
11.03.2023,207819,old,control,0
11.03.2023,200564,new,treatment,0
11.03.2023,205280,old,treatment,0
11.03.2023,208567,new,control,0
11.03.2023,201628,old,treatment,0
11.03.2023,201759,old,control,0
11.03.2023,206251,old,control,0
11.03.2023,205306,new,treatment,0
11.03.2023,200388,old,treatment,0
11.03.2023,202101,old,control,0
11.03.2023,207409,old,control,0
11.03.2023,208400,old,treatment,1
11.03.2023,205529,new,control,0
11.03.2023,209902,old,treatment,0
11.03.2023,201710,old,treatment,0
11.03.2023,201099,new,control,0
11.03.2023,204739,old,control,0
11.03.2023,206279,old,control,0
11.03.2023,203101,old,control,0
11.03.2023,203731,old,control,0
12.03.2023,206461,new,control,0
12.03.2023,210618,new,treatment,0
12.03.2023,203375,new,control,0
12.03.2023,200692,new,treatment,1
12.03.2023,203154,old,treatment,0
12.03.2023,203168,old,treatment,0
12.03.2023,204108,old,treatment,0
12.03.2023,202350,new,treatment,0
12.03.2023,201910,old,treatment,0
12.03.2023,202063,old,control,0
12.03.2023,204491,old,control,0
12.03.2023,207094,old,treatment,0
12.03.2023,202879,new,control,1
12.03.2023,210844,new,treatment,0
12.03.2023,207774,new,treatment,0
12.03.2023,208535,old,control,0
12.03.2023,203437,old,control,0
12.03.2023,205330,old,treatment,0
12.03.2023,207504,old,treatment,0
12.03.2023,209540,new,treatment,0
12.03.2023,209676,new,treatment,0
12.03.2023,205603,old,control,0
12.03.2023,205002,new,treatment,0
12.03.2023,200650,old,treatment,0
12.03.2023,210988,old,treatment,1
12.03.2023,210865,new,control,1
12.03.2023,209867,new,control,0
12.03.2023,208912,old,treatment,0
12.03.2023,200639,old,control,0
12.03.2023,210147,new,control,0
12.03.2023,207979,old,control,0
12.03.2023,205006,old,treatment,0
12.03.2023,204134,old,treatment,0
12.03.2023,202947,old,control,0
12.03.2023,205738,new,treatment,0
12.03.2023,204681,old,control,0
12.03.2023,202327,new,control,1
12.03.2023,204052,old,treatment,0
12.03.2023,200399,old,control,0
12.03.2023,205025,old,control,0
12.03.2023,202886,old,treatment,0
12.03.2023,202969,new,control,0
12.03.2023,207436,old,treatment,0
12.03.2023,202333,new,control,0
12.03.2023,201917,new,control,0
12.03.2023,209153,old,control,0
12.03.2023,202115,old,control,1
12.03.2023,203934,old,treatment,0
12.03.2023,200980,new,treatment,0
12.03.2023,210951,new,control,0
12.03.2023,206667,old,control,0
12.03.2023,209940,new,treatment,0
12.03.2023,206018,new,treatment,0
12.03.2023,201422,new,treatment,0
12.03.2023,204248,old,treatment,0
12.03.2023,208239,old,control,0
12.03.2023,204632,old,treatment,0
12.03.2023,210179,old,control,0
12.03.2023,200663,new,control,0
12.03.2023,208935,old,control,0
12.03.2023,208799,new,control,0
12.03.2023,205487,old,control,0
12.03.2023,209280,old,treatment,1
12.03.2023,206212,old,treatment,0
12.03.2023,206382,new,treatment,0
12.03.2023,204765,new,control,0
12.03.2023,210581,old,control,0
12.03.2023,206522,new,treatment,0
12.03.2023,201438,old,treatment,0
12.03.2023,201071,new,control,0
12.03.2023,202791,new,control,0
12.03.2023,204097,old,control,0
12.03.2023,200998,new,treatment,1
12.03.2023,201566,new,treatment,0
12.03.2023,200133,old,control,0
12.03.2023,210481,old,control,0
12.03.2023,206284,new,treatment,0
12.03.2023,204509,old,control,0
12.03.2023,210694,old,treatment,0
12.03.2023,205636,old,treatment,0
12.03.2023,203737,new,control,0
12.03.2023,207130,old,treatment,0
12.03.2023,208424,new,treatment,0
12.03.2023,205042,old,treatment,0
12.03.2023,200543,old,control,0
12.03.2023,210663,old,control,0
12.03.2023,209338,new,treatment,0
12.03.2023,203543,old,control,0
12.03.2023,201792,old,treatment,0
12.03.2023,204127,new,control,0
12.03.2023,206518,old,treatment,0
12.03.2023,201162,old,treatment,0
12.03.2023,208197,new,control,0
12.03.2023,204258,new,treatment,1
12.03.2023,209747,old,control,0
12.03.2023,203167,old,control,0
12.03.2023,205186,old,treatment,0
12.03.2023,205251,new,control,0
12.03.2023,202449,old,control,0
12.03.2023,206791,old,control,0
12.03.2023,202042,old,treatment,0
12.03.2023,208909,old,control,0
12.03.2023,205888,old,treatment,0
12.03.2023,209265,new,control,0
12.03.2023,200920,old,treatment,0
12.03.2023,208044,old,treatment,0
12.03.2023,203607,new,control,0
12.03.2023,201816,old,treatment,0
12.03.2023,205238,new,treatment,1
12.03.2023,204884,new,treatment,0
12.03.2023,209616,old,treatment,0
12.03.2023,210474,old,treatment,0
12.03.2023,209649,new,control,0
12.03.2023,200386,old,treatment,0
12.03.2023,210441,new,control,0
12.03.2023,200188,old,treatment,0
12.03.2023,210428,new,treatment,0
12.03.2023,208082,new,treatment,0
12.03.2023,208547,new,control,0
12.03.2023,209291,old,control,0
12.03.2023,201929,old,control,1
12.03.2023,205090,new,treatment,0
12.03.2023,206157,old,control,0
12.03.2023,204732,old,treatment,0
12.03.2023,202528,old,treatment,0
12.03.2023,204777,old,control,1
12.03.2023,206824,old,treatment,0
12.03.2023,200610,new,treatment,0
12.03.2023,208647,old,control,0
12.03.2023,210578,new,treatment,0
12.03.2023,203134,old,treatment,0
12.03.2023,207307,new,control,0
12.03.2023,203528,old,treatment,1
12.03.2023,201966,old,treatment,1
12.03.2023,210751,new,control,0
12.03.2023,200302,old,treatment,0
12.03.2023,204169,new,control,0
12.03.2023,202219,old,control,0
12.03.2023,202448,old,treatment,0
12.03.2023,210065,new,control,0
12.03.2023,203451,old,control,0
12.03.2023,204573,new,control,0
12.03.2023,210770,old,treatment,0
12.03.2023,207387,old,control,0
12.03.2023,209512,new,treatment,1
12.03.2023,205381,old,control,0
12.03.2023,202903,new,control,0
12.03.2023,205537,old,control,0
12.03.2023,201154,new,treatment,0
12.03.2023,205135,old,control,0
12.03.2023,206277,old,control,0
12.03.2023,209405,old,control,0
12.03.2023,203629,new,control,0
12.03.2023,203997,old,control,0
12.03.2023,208580,old,treatment,0
12.03.2023,209651,new,control,0
12.03.2023,204580,old,treatment,0
12.03.2023,207531,new,control,0
12.03.2023,208092,old,treatment,0
12.03.2023,205071,new,control,0
12.03.2023,210828,old,treatment,0
12.03.2023,206198,new,treatment,0
12.03.2023,206544,old,treatment,0
12.03.2023,203747,old,control,0
12.03.2023,205459,new,control,0
13.03.2023,205380,new,treatment,0
13.03.2023,202853,old,control,0
13.03.2023,209496,new,treatment,0
13.03.2023,206397,old,control,0
13.03.2023,206749,new,control,0
13.03.2023,204522,old,treatment,0
13.03.2023,201842,old,treatment,0
13.03.2023,205348,old,treatment,1
13.03.2023,202173,old,control,0
13.03.2023,203159,new,control,0
13.03.2023,207702,old,treatment,0
13.03.2023,202463,old,control,0
13.03.2023,204411,old,control,0
13.03.2023,205754,new,treatment,0
13.03.2023,203710,new,treatment,0
13.03.2023,203863,old,control,0
13.03.2023,203724,new,treatment,1
13.03.2023,210358,old,treatment,0
13.03.2023,202977,old,control,0
13.03.2023,209711,old,control,0
13.03.2023,202707,old,control,0
13.03.2023,203338,new,treatment,0
13.03.2023,201991,old,control,0
13.03.2023,209644,old,treatment,0
13.03.2023,208166,old,treatment,0
13.03.2023,209225,old,control,0
13.03.2023,200305,old,control,0
13.03.2023,200609,old,control,0
13.03.2023,204624,new,treatment,0
13.03.2023,207093,old,control,1
13.03.2023,205540,old,treatment,0
13.03.2023,200601,new,control,0
13.03.2023,204899,old,control,0
13.03.2023,208824,old,treatment,0
13.03.2023,203000,new,treatment,0
13.03.2023,210711,new,control,1
13.03.2023,210494,new,treatment,0
13.03.2023,202668,old,treatment,1
13.03.2023,201639,old,control,0
13.03.2023,204086,old,treatment,0
13.03.2023,208128,old,treatment,0
13.03.2023,210627,old,control,0
13.03.2023,207324,old,treatment,0
13.03.2023,201744,old,treatment,0
13.03.2023,203531,new,control,0
13.03.2023,210007,old,control,0
13.03.2023,207638,new,treatment,1
13.03.2023,200484,old,treatment,0
13.03.2023,209533,old,control,0
13.03.2023,209604,old,treatment,0
13.03.2023,203514,new,treatment,0
13.03.2023,203380,old,treatment,0
13.03.2023,202336,old,treatment,0
13.03.2023,204413,new,control,0
13.03.2023,205985,new,control,0
13.03.2023,208608,old,treatment,1
13.03.2023,210294,old,treatment,0
13.03.2023,204260,new,treatment,0
13.03.2023,202594,new,treatment,0
13.03.2023,200872,new,treatment,1
13.03.2023,205236,new,treatment,1
13.03.2023,202610,new,treatment,0
13.03.2023,207251,old,control,0
13.03.2023,203770,old,treatment,0
13.03.2023,203194,new,treatment,0
13.03.2023,210863,new,control,0
13.03.2023,202123,new,control,0
13.03.2023,204783,old,control,0
13.03.2023,205371,old,control,0
13.03.2023,203422,old,treatment,0
13.03.2023,209004,old,treatment,0
13.03.2023,207953,old,control,0
13.03.2023,209070,old,treatment,0
13.03.2023,201226,new,treatment,0
13.03.2023,210066,new,treatment,0
13.03.2023,210553,old,control,0
13.03.2023,207171,new,control,0
13.03.2023,208136,new,treatment,0
13.03.2023,200277,old,control,1
13.03.2023,200315,new,control,0
13.03.2023,205485,new,control,0
13.03.2023,200853,old,control,0
13.03.2023,200497,new,control,0
13.03.2023,203279,old,control,0
13.03.2023,203397,new,control,0
13.03.2023,201585,old,control,1
13.03.2023,210602,new,treatment,0
13.03.2023,206299,old,control,0
13.03.2023,205553,old,control,0
13.03.2023,200884,old,treatment,0
13.03.2023,202392,old,treatment,0
13.03.2023,208271,new,control,0
13.03.2023,210693,old,control,0
13.03.2023,202312,old,treatment,0
13.03.2023,206954,new,treatment,1
13.03.2023,205849,new,control,0
13.03.2023,206448,old,treatment,0
13.03.2023,205619,old,control,0
13.03.2023,201995,new,control,0
13.03.2023,208334,old,treatment,0
13.03.2023,209432,old,treatment,0
13.03.2023,207530,new,treatment,0
13.03.2023,206004,old,treatment,0
13.03.2023,205586,new,treatment,0
13.03.2023,203119,new,control,0
13.03.2023,210322,new,treatment,0
13.03.2023,200552,old,treatment,0
13.03.2023,208634,new,treatment,0
13.03.2023,202352,new,treatment,0
13.03.2023,200731,new,control,0
13.03.2023,208788,new,treatment,0
13.03.2023,210592,old,treatment,0
13.03.2023,207664,new,treatment,0
13.03.2023,205936,new,treatment,0
13.03.2023,205344,old,treatment,0
13.03.2023,204944,old,treatment,0
13.03.2023,203421,new,control,0
13.03.2023,206231,old,control,0
13.03.2023,203276,new,treatment,0
13.03.2023,200111,old,control,0
13.03.2023,211028,new,treatment,0
13.03.2023,204812,old,treatment,0
13.03.2023,205308,new,treatment,0
13.03.2023,208477,new,control,0
13.03.2023,200206,new,treatment,0
13.03.2023,200981,old,control,0
13.03.2023,200119,new,control,0
13.03.2023,209008,new,treatment,0
13.03.2023,208472,new,treatment,0
13.03.2023,210377,old,control,0
13.03.2023,209897,new,control,0
13.03.2023,209672,old,treatment,0
13.03.2023,208826,new,treatment,0
13.03.2023,208857,old,control,0
13.03.2023,206012,old,treatment,0
13.03.2023,206270,new,treatment,0
13.03.2023,205295,old,control,0
13.03.2023,210608,old,treatment,0
13.03.2023,201388,old,treatment,0
13.03.2023,205304,new,treatment,0
13.03.2023,210929,old,control,0
13.03.2023,209212,new,treatment,0
13.03.2023,205247,new,control,0
13.03.2023,210737,old,control,0
13.03.2023,210801,new,control,0
13.03.2023,210233,old,control,0
13.03.2023,200414,old,treatment,0
13.03.2023,201449,old,control,0
13.03.2023,206399,old,control,0
13.03.2023,201524,old,treatment,0
13.03.2023,205746,new,treatment,0
13.03.2023,208939,old,control,0
13.03.2023,202379,new,control,0
13.03.2023,202960,new,treatment,0
13.03.2023,206804,new,treatment,0
13.03.2023,203191,old,control,0
13.03.2023,206028,new,treatment,0
13.03.2023,201587,old,control,0
13.03.2023,207429,old,control,0
13.03.2023,203010,new,treatment,0
13.03.2023,210591,new,control,0
13.03.2023,202794,old,treatment,0
13.03.2023,208458,new,treatment,0
13.03.2023,209774,old,treatment,0
13.03.2023,206465,old,control,0
14.03.2023,210992,new,treatment,1
14.03.2023,202382,new,treatment,0
14.03.2023,205400,new,treatment,0
14.03.2023,207176,old,treatment,0
14.03.2023,200672,new,treatment,0
14.03.2023,210503,old,control,0
14.03.2023,201592,old,treatment,0
14.03.2023,202684,old,treatment,0
14.03.2023,204557,old,control,0
14.03.2023,206576,new,treatment,0
14.03.2023,210099,old,control,0
14.03.2023,200046,new,treatment,0
14.03.2023,201745,new,control,0
14.03.2023,203454,old,treatment,0
14.03.2023,200797,old,control,0
14.03.2023,200994,new,treatment,0
14.03.2023,201980,new,treatment,0
14.03.2023,210607,old,control,0
14.03.2023,200775,old,control,0
14.03.2023,200974,old,treatment,0
14.03.2023,201160,new,treatment,0
14.03.2023,209924,new,treatment,0
14.03.2023,203024,new,treatment,0
14.03.2023,201911,new,control,0
14.03.2023,201692,old,treatment,0
14.03.2023,205703,old,control,0
14.03.2023,209097,new,control,0
14.03.2023,205605,old,control,0
14.03.2023,203649,old,control,0
14.03.2023,201138,old,treatment,0
14.03.2023,203374,old,treatment,0
14.03.2023,203915,new,control,0
14.03.2023,205928,new,treatment,0
14.03.2023,202852,new,treatment,0
14.03.2023,203588,old,treatment,0
14.03.2023,203787,old,control,0
14.03.2023,209195,new,control,0
14.03.2023,203540,old,treatment,0
14.03.2023,200945,old,control,0
14.03.2023,205873,new,control,0
14.03.2023,202354,old,treatment,0
14.03.2023,207428,old,treatment,0
14.03.2023,204459,new,control,0
14.03.2023,201954,old,treatment,0
14.03.2023,210511,old,control,0
14.03.2023,201330,old,treatment,0
14.03.2023,206916,old,treatment,0
14.03.2023,206532,new,treatment,0
14.03.2023,203986,new,treatment,0
14.03.2023,207100,old,treatment,1
14.03.2023,210042,old,treatment,0
14.03.2023,207329,old,control,0
14.03.2023,209495,old,control,0
14.03.2023,205948,new,treatment,0
14.03.2023,201903,new,control,0
14.03.2023,206135,old,control,1
14.03.2023,208883,new,control,0
14.03.2023,208879,old,control,1
14.03.2023,210006,new,treatment,0
14.03.2023,200326,new,treatment,0
14.03.2023,204192,old,treatment,0
14.03.2023,206976,old,treatment,0
14.03.2023,200198,old,treatment,0
14.03.2023,201448,old,treatment,0
14.03.2023,205269,new,control,0
14.03.2023,203535,old,control,0
14.03.2023,204689,old,control,0
14.03.2023,200381,new,control,0
14.03.2023,209502,old,treatment,0
14.03.2023,200599,old,control,0
14.03.2023,204638,old,treatment,0
14.03.2023,203888,old,treatment,0
14.03.2023,204256,old,treatment,0
14.03.2023,202391,old,control,0
14.03.2023,210600,new,treatment,0
14.03.2023,204162,new,treatment,0
14.03.2023,204153,old,control,0
14.03.2023,208918,old,treatment,0
14.03.2023,208373,old,control,0
14.03.2023,203302,old,treatment,0
14.03.2023,204511,old,control,0
14.03.2023,207589,old,control,0
14.03.2023,208528,old,treatment,0
14.03.2023,202776,old,treatment,0
14.03.2023,200104,old,treatment,0
14.03.2023,205171,new,control,0
14.03.2023,203695,new,control,0
14.03.2023,204569,old,control,0
14.03.2023,201811,old,control,0
14.03.2023,202479,old,control,0
14.03.2023,205955,new,control,0
14.03.2023,203574,old,treatment,0
14.03.2023,201901,old,control,0
14.03.2023,205868,old,treatment,0
14.03.2023,206143,old,control,0
14.03.2023,204539,old,control,0
14.03.2023,207097,old,control,0
14.03.2023,203768,old,treatment,0
14.03.2023,206104,new,treatment,0
14.03.2023,208755,new,control,0
14.03.2023,204740,old,treatment,0
14.03.2023,203036,old,treatment,0
14.03.2023,200964,old,treatment,1
14.03.2023,205289,new,control,0
14.03.2023,200681,old,control,0
14.03.2023,201825,old,control,0
14.03.2023,207033,new,control,0
14.03.2023,205198,old,treatment,0
14.03.2023,210795,old,control,0
14.03.2023,207137,old,control,0
14.03.2023,200077,old,control,0
14.03.2023,210936,old,treatment,0
14.03.2023,209879,old,control,0
14.03.2023,203791,new,control,0
14.03.2023,201913,old,control,0
14.03.2023,201431,old,control,0
14.03.2023,202623,old,control,0
14.03.2023,200334,new,treatment,0
14.03.2023,207063,new,control,1
14.03.2023,202752,new,treatment,0
14.03.2023,202710,old,treatment,0
14.03.2023,210450,old,treatment,0
14.03.2023,207539,new,control,0
14.03.2023,207384,old,treatment,0
14.03.2023,200242,old,treatment,0
14.03.2023,203652,new,treatment,0
14.03.2023,210545,old,control,0
14.03.2023,204119,old,control,0
14.03.2023,204906,new,treatment,0
14.03.2023,203070,new,treatment,1
14.03.2023,202210,new,treatment,0
14.03.2023,201151,old,control,0
14.03.2023,202408,old,treatment,0
14.03.2023,203801,new,control,0
14.03.2023,202490,old,treatment,0
14.03.2023,203291,old,control,0
14.03.2023,204295,new,control,0
14.03.2023,209451,new,control,0
14.03.2023,207832,new,treatment,0
14.03.2023,207013,new,control,0
14.03.2023,202257,new,control,0
14.03.2023,207079,new,control,0
14.03.2023,200232,new,treatment,0
14.03.2023,207232,new,treatment,0
14.03.2023,201513,new,control,1
14.03.2023,205444,new,treatment,0
14.03.2023,207488,old,treatment,0
14.03.2023,207923,old,control,0
14.03.2023,209098,new,treatment,0
14.03.2023,201181,new,control,0
14.03.2023,200093,new,control,0
14.03.2023,203311,new,control,0
14.03.2023,206650,new,treatment,0
14.03.2023,204266,new,treatment,1
14.03.2023,208867,old,control,0
14.03.2023,209825,old,control,0
14.03.2023,210166,new,treatment,0
14.03.2023,208925,new,control,0
14.03.2023,205158,old,treatment,0
14.03.2023,210371,new,control,0
14.03.2023,208622,old,treatment,0
14.03.2023,209159,new,control,0
14.03.2023,205922,old,treatment,0
14.03.2023,203896,old,treatment,0
14.03.2023,205614,old,treatment,0
15.03.2023,205556,old,treatment,0
15.03.2023,207541,new,control,0
15.03.2023,205390,old,treatment,0
15.03.2023,204940,new,treatment,0
15.03.2023,200149,old,control,0
15.03.2023,201379,old,control,0
15.03.2023,207872,new,treatment,0
15.03.2023,206428,old,treatment,0
15.03.2023,200034,old,treatment,0
15.03.2023,200781,old,control,0
15.03.2023,202138,old,treatment,0
15.03.2023,201167,new,control,1
15.03.2023,209859,new,control,0
15.03.2023,202804,new,treatment,0
15.03.2023,209608,old,treatment,0
15.03.2023,205870,old,treatment,0
15.03.2023,204287,new,control,0
15.03.2023,206396,old,treatment,1
15.03.2023,202381,old,control,0
15.03.2023,201348,old,treatment,0
15.03.2023,205864,old,treatment,0
15.03.2023,202214,new,treatment,0
15.03.2023,210983,new,control,0
15.03.2023,202267,old,control,0
15.03.2023,204806,new,treatment,0
15.03.2023,202656,old,treatment,0
15.03.2023,208138,new,treatment,0
15.03.2023,210577,old,control,0
15.03.2023,202834,new,treatment,0
15.03.2023,207974,old,treatment,0
15.03.2023,205620,old,treatment,0
15.03.2023,210410,new,treatment,0
15.03.2023,210521,old,control,0
15.03.2023,207112,old,treatment,0
15.03.2023,209520,old,treatment,0
15.03.2023,210935,old,control,0
15.03.2023,201530,old,treatment,1
15.03.2023,200852,old,treatment,0
15.03.2023,201036,old,treatment,0
15.03.2023,205184,old,treatment,0
15.03.2023,209271,new,control,0
15.03.2023,204107,old,control,0
15.03.2023,201648,new,treatment,0
15.03.2023,203317,old,control,0
15.03.2023,206771,new,control,0
15.03.2023,210364,old,treatment,0
15.03.2023,208785,old,control,0
15.03.2023,207498,old,treatment,0
15.03.2023,207396,old,treatment,1
15.03.2023,210943,old,control,0
15.03.2023,200614,old,treatment,1
15.03.2023,205235,old,control,0
15.03.2023,208929,new,control,0
15.03.2023,208089,old,control,0
15.03.2023,205087,new,control,0
15.03.2023,209883,new,control,0
15.03.2023,206214,old,treatment,0
15.03.2023,208317,new,control,0
15.03.2023,207343,old,control,0
15.03.2023,202387,old,control,0
15.03.2023,200563,old,control,0
15.03.2023,205978,old,treatment,0
15.03.2023,203172,old,treatment,0
15.03.2023,209486,new,treatment,0
15.03.2023,209809,new,control,0
15.03.2023,205302,old,treatment,0
15.03.2023,210073,new,control,0
15.03.2023,207304,old,treatment,0
15.03.2023,206294,old,treatment,0
15.03.2023,201054,new,treatment,0
15.03.2023,203396,old,treatment,0
15.03.2023,206626,new,treatment,0
15.03.2023,201261,old,control,0
15.03.2023,201336,new,treatment,0
15.03.2023,201539,new,control,0
15.03.2023,207792,old,treatment,0
15.03.2023,205624,new,treatment,0
15.03.2023,205257,new,control,0
15.03.2023,202163,old,control,0
15.03.2023,202191,old,control,1
15.03.2023,200322,old,treatment,0
15.03.2023,204672,old,treatment,0
15.03.2023,207771,new,control,0
15.03.2023,202639,new,control,0
15.03.2023,205472,new,treatment,0
15.03.2023,209850,old,treatment,1
15.03.2023,201163,old,control,0
15.03.2023,206255,new,control,0
15.03.2023,201481,old,control,0
15.03.2023,209681,old,control,0
15.03.2023,205610,old,treatment,0
15.03.2023,202807,old,control,0
15.03.2023,201315,old,control,0
15.03.2023,203058,old,treatment,0
15.03.2023,205327,old,control,0
15.03.2023,209282,new,treatment,0
15.03.2023,207461,new,control,0
15.03.2023,208301,old,control,0
15.03.2023,208880,old,treatment,0
15.03.2023,204579,old,control,0
15.03.2023,207422,new,treatment,0
15.03.2023,203792,new,treatment,0
15.03.2023,206983,old,control,1
15.03.2023,204446,old,treatment,0
15.03.2023,208457,old,control,0
15.03.2023,202574,new,treatment,0
15.03.2023,206193,old,control,0
15.03.2023,207118,new,treatment,0
15.03.2023,200592,new,treatment,1
15.03.2023,210239,new,control,1
15.03.2023,208229,old,control,0
15.03.2023,209149,old,control,0
15.03.2023,201089,old,control,0
15.03.2023,210706,new,treatment,0
15.03.2023,203418,old,treatment,0
15.03.2023,206884,old,treatment,0
15.03.2023,200295,old,control,1
15.03.2023,207579,new,control,0
15.03.2023,210268,old,treatment,0
15.03.2023,207156,old,treatment,0
15.03.2023,200870,old,treatment,0
15.03.2023,209017,old,control,0
15.03.2023,206655,old,control,0
15.03.2023,208385,old,control,0
15.03.2023,210332,old,treatment,0
15.03.2023,202159,old,control,0
15.03.2023,208443,old,control,0
15.03.2023,205737,new,control,0
15.03.2023,206880,old,treatment,0
15.03.2023,209709,old,control,0
15.03.2023,210620,old,treatment,0
15.03.2023,200373,old,control,0
15.03.2023,205962,old,treatment,0
15.03.2023,209393,new,control,0
15.03.2023,200952,old,treatment,0
15.03.2023,209488,new,treatment,0
15.03.2023,204821,new,control,0
15.03.2023,210776,old,treatment,0
15.03.2023,201909,old,control,0
15.03.2023,200587,new,control,0
15.03.2023,202469,new,control,0
15.03.2023,207005,old,control,0
15.03.2023,201626,old,treatment,0
15.03.2023,207326,old,treatment,0
15.03.2023,208887,new,control,0
15.03.2023,205451,old,control,0
15.03.2023,204590,old,treatment,0
15.03.2023,207296,new,treatment,0
15.03.2023,206099,new,control,0
15.03.2023,200879,old,control,0
15.03.2023,203978,new,treatment,0
15.03.2023,208484,old,treatment,1
15.03.2023,204799,old,control,0
15.03.2023,210974,old,treatment,0
15.03.2023,203386,new,treatment,0
15.03.2023,200256,old,treatment,0
15.03.2023,210673,new,control,0
15.03.2023,205903,old,control,0
15.03.2023,200062,old,treatment,0
15.03.2023,207460,old,treatment,0
15.03.2023,209960,old,treatment,0
15.03.2023,203025,old,control,0
15.03.2023,205600,old,treatment,0
15.03.2023,204955,new,control,0
15.03.2023,209951,old,control,0
16.03.2023,206289,old,control,0
16.03.2023,208986,old,treatment,0
16.03.2023,203387,new,control,0
16.03.2023,201916,old,treatment,0
16.03.2023,200789,old,control,0
16.03.2023,201161,old,control,0
16.03.2023,210425,old,control,0
16.03.2023,210189,old,control,0
16.03.2023,202468,old,treatment,0
16.03.2023,201747,old,control,0
16.03.2023,201646,old,treatment,1
16.03.2023,208904,old,treatment,0
16.03.2023,203851,old,control,0
16.03.2023,200793,new,control,0
16.03.2023,205074,new,treatment,0
16.03.2023,209141,old,control,0
16.03.2023,210036,old,treatment,0
16.03.2023,206451,old,control,0
16.03.2023,206163,old,control,0
16.03.2023,209779,new,control,0
16.03.2023,206977,old,control,0
16.03.2023,204691,new,control,0
16.03.2023,204140,old,treatment,0
16.03.2023,201197,new,control,0
16.03.2023,207794,old,treatment,1
16.03.2023,210788,new,treatment,0
16.03.2023,203078,old,treatment,0
16.03.2023,203435,new,control,1
16.03.2023,204292,old,treatment,1
16.03.2023,202060,new,treatment,0
16.03.2023,203467,new,control,0
16.03.2023,200551,old,control,0
16.03.2023,202239,new,control,0
16.03.2023,209100,old,treatment,0
16.03.2023,205988,old,treatment,0
16.03.2023,201156,old,treatment,0
16.03.2023,205806,new,treatment,0
16.03.2023,207317,old,control,0
16.03.2023,201742,old,treatment,0
16.03.2023,209223,new,control,0
16.03.2023,204953,old,control,0
16.03.2023,202372,old,treatment,0
16.03.2023,210062,new,treatment,0
16.03.2023,206911,new,control,1
16.03.2023,207905,old,control,0
16.03.2023,201187,old,control,0
16.03.2023,200428,old,treatment,0
16.03.2023,201276,new,treatment,0
16.03.2023,203304,old,treatment,0
16.03.2023,202385,old,control,0
16.03.2023,206933,old,control,0
16.03.2023,205699,new,control,0
16.03.2023,206828,old,treatment,0
16.03.2023,201900,old,treatment,0
16.03.2023,208588,old,treatment,1
16.03.2023,205588,old,treatment,0
16.03.2023,202937,new,control,1
16.03.2023,208762,new,treatment,0
16.03.2023,209566,old,treatment,0
16.03.2023,208057,old,control,0
16.03.2023,205019,new,control,0
16.03.2023,208920,new,treatment,0
16.03.2023,201640,old,treatment,0
16.03.2023,202868,old,treatment,1
16.03.2023,205217,new,control,0
16.03.2023,205377,new,control,0
16.03.2023,209376,new,treatment,0
16.03.2023,210910,new,treatment,0
16.03.2023,210024,old,treatment,0
16.03.2023,206723,old,control,0
16.03.2023,208255,new,control,0
16.03.2023,201849,new,control,0
16.03.2023,209373,old,control,0
16.03.2023,208215,old,control,0
16.03.2023,201856,new,treatment,0
16.03.2023,207933,old,control,0
16.03.2023,209857,new,control,0
16.03.2023,203511,old,control,0
16.03.2023,201385,new,control,0
16.03.2023,203072,new,treatment,1
16.03.2023,205212,new,treatment,0
16.03.2023,203152,old,treatment,0
16.03.2023,207425,old,control,0
16.03.2023,202562,new,treatment,0
16.03.2023,200366,old,treatment,0
16.03.2023,207838,old,treatment,0
16.03.2023,202434,old,treatment,0
16.03.2023,203138,old,treatment,0
16.03.2023,210780,old,treatment,0
16.03.2023,208232,new,treatment,0
16.03.2023,206215,old,control,0
16.03.2023,206529,old,control,0
16.03.2023,208568,old,treatment,1
16.03.2023,206328,old,treatment,1
16.03.2023,200817,old,control,0
16.03.2023,205975,new,control,0
16.03.2023,208749,new,control,0
16.03.2023,210493,old,control,0
16.03.2023,210453,old,control,1
16.03.2023,210722,new,treatment,0
16.03.2023,209786,old,treatment,0
16.03.2023,207689,old,control,1
16.03.2023,202494,old,treatment,0
16.03.2023,200628,new,treatment,0
16.03.2023,204091,old,control,0
16.03.2023,210701,old,control,0
16.03.2023,209150,new,treatment,0
16.03.2023,203980,new,treatment,0
16.03.2023,209359,old,control,0
16.03.2023,206636,new,treatment,0
16.03.2023,208658,old,treatment,0
16.03.2023,207601,new,control,0
16.03.2023,209554,old,treatment,0
16.03.2023,201172,old,treatment,0
16.03.2023,203780,old,treatment,0
16.03.2023,210187,new,control,0
16.03.2023,206311,old,control,0
16.03.2023,209209,new,control,0
16.03.2023,207419,old,control,0
16.03.2023,201443,old,control,0
16.03.2023,204910,old,treatment,0
16.03.2023,204366,old,treatment,0
16.03.2023,207765,new,control,0
16.03.2023,206591,new,control,0
16.03.2023,205293,new,control,0
16.03.2023,209105,new,control,0
16.03.2023,204920,new,treatment,0
16.03.2023,201677,old,control,0
16.03.2023,202651,new,control,0
16.03.2023,202411,new,control,0
16.03.2023,209886,old,treatment,0
16.03.2023,204074,old,treatment,0
16.03.2023,209313,old,control,0
16.03.2023,210155,new,control,0
16.03.2023,209029,new,control,1
16.03.2023,210106,old,treatment,0
16.03.2023,203491,old,control,0
16.03.2023,208604,old,treatment,0
16.03.2023,209077,old,control,0
16.03.2023,201584,new,treatment,0
16.03.2023,201970,old,treatment,0
16.03.2023,205477,old,control,0
16.03.2023,200767,new,control,0
16.03.2023,210895,new,control,0
16.03.2023,204019,old,control,0
16.03.2023,207418,new,treatment,0
16.03.2023,206825,old,control,0
16.03.2023,210275,old,control,0
16.03.2023,207750,new,treatment,0
16.03.2023,209086,new,treatment,0
16.03.2023,203617,old,control,0
16.03.2023,202185,old,control,0
16.03.2023,209833,new,control,0
16.03.2023,203336,old,treatment,0
16.03.2023,202863,old,control,0
16.03.2023,200393,old,control,0
16.03.2023,206317,old,control,0
16.03.2023,205249,old,control,0
16.03.2023,210429,old,control,0
16.03.2023,200158,old,treatment,0
16.03.2023,207932,old,treatment,1
16.03.2023,209939,old,control,0
16.03.2023,200901,old,control,1
16.03.2023,210685,old,control,0
16.03.2023,203508,old,treatment,0
17.03.2023,206329,old,control,0
17.03.2023,205994,old,treatment,0
17.03.2023,200274,new,treatment,0
17.03.2023,208345,new,control,0
17.03.2023,203035,old,control,0
17.03.2023,204869,new,control,0
17.03.2023,207303,old,control,0
17.03.2023,204578,old,treatment,0
17.03.2023,200385,old,control,0
17.03.2023,205149,new,control,0
17.03.2023,202373,new,control,0
17.03.2023,203253,old,control,0
17.03.2023,204092,new,treatment,0
17.03.2023,202694,new,treatment,0
17.03.2023,208891,new,control,0
17.03.2023,206051,new,control,0
17.03.2023,207218,new,treatment,0
17.03.2023,205743,old,control,0
17.03.2023,202129,new,control,0
17.03.2023,204560,old,treatment,0
17.03.2023,205120,new,treatment,0
17.03.2023,202980,new,treatment,0
17.03.2023,202306,old,treatment,0
17.03.2023,200083,old,control,0
17.03.2023,200717,old,control,1
17.03.2023,203327,new,control,0
17.03.2023,201217,new,control,0
17.03.2023,200047,old,control,0
17.03.2023,208849,new,control,0
17.03.2023,201414,new,treatment,1
17.03.2023,209493,old,control,0
17.03.2023,201871,old,control,0
17.03.2023,206015,old,control,0
17.03.2023,208540,old,treatment,0
17.03.2023,207852,old,treatment,0
17.03.2023,204772,old,treatment,0
17.03.2023,201018,new,treatment,0
17.03.2023,208382,old,treatment,0
17.03.2023,201603,new,control,0
17.03.2023,205481,new,control,0
17.03.2023,205574,old,treatment,0
17.03.2023,207807,old,control,0
17.03.2023,207153,old,control,0
17.03.2023,206542,new,treatment,1
17.03.2023,206420,new,treatment,0
17.03.2023,206067,old,control,0
17.03.2023,204182,old,treatment,1
17.03.2023,210986,new,treatment,0
17.03.2023,204805,new,control,0
17.03.2023,204979,old,control,0
17.03.2023,206587,old,control,0
17.03.2023,202999,old,control,0
17.03.2023,207344,new,treatment,0
17.03.2023,208596,old,treatment,0
17.03.2023,210095,new,control,0
17.03.2023,201946,new,treatment,0
17.03.2023,206236,old,treatment,0
17.03.2023,202116,old,treatment,0
17.03.2023,210034,old,treatment,0
17.03.2023,201281,new,control,0
17.03.2023,202812,new,treatment,0
17.03.2023,210438,old,treatment,0
17.03.2023,207486,old,treatment,0
17.03.2023,206016,old,treatment,0
17.03.2023,207284,old,treatment,1
17.03.2023,200294,old,treatment,0
17.03.2023,201666,new,treatment,0
17.03.2023,210444,new,treatment,1
17.03.2023,200914,new,treatment,0
17.03.2023,202545,old,control,0
17.03.2023,206373,new,control,0
17.03.2023,208689,new,control,1
17.03.2023,207666,old,treatment,0
17.03.2023,201502,new,treatment,0
17.03.2023,203571,new,control,0
17.03.2023,200898,old,treatment,0
17.03.2023,201359,new,control,0
17.03.2023,210877,new,control,0
17.03.2023,204636,old,treatment,0
17.03.2023,200971,new,control,1
17.03.2023,209215,new,control,0
17.03.2023,203173,old,control,0
17.03.2023,211003,old,control,0
17.03.2023,209569,new,control,0
17.03.2023,207847,old,control,1
17.03.2023,203802,old,treatment,0
17.03.2023,201460,old,treatment,0
17.03.2023,203259,old,control,0
17.03.2023,210941,new,control,0
17.03.2023,210255,old,control,0
17.03.2023,202521,new,control,0
17.03.2023,206788,new,treatment,0
17.03.2023,203363,new,control,0
17.03.2023,204121,old,control,0
17.03.2023,200706,new,treatment,0
17.03.2023,204531,old,control,0
17.03.2023,201012,old,treatment,0
17.03.2023,207876,new,treatment,0
17.03.2023,203187,old,control,0
17.03.2023,210126,new,treatment,0
17.03.2023,203020,old,treatment,1
17.03.2023,200045,old,control,0
17.03.2023,207962,old,treatment,0
17.03.2023,202729,new,control,0
17.03.2023,210345,new,control,0
17.03.2023,200231,old,control,1
17.03.2023,207719,old,control,1
17.03.2023,207019,new,control,0
17.03.2023,203646,new,treatment,0
17.03.2023,210274,old,treatment,0
17.03.2023,200687,old,control,0
17.03.2023,209884,old,treatment,0
17.03.2023,200633,old,control,0
17.03.2023,203962,old,treatment,0
17.03.2023,201718,new,treatment,0
17.03.2023,202446,old,treatment,0
17.03.2023,210915,old,control,0
17.03.2023,200408,new,treatment,0
17.03.2023,205740,old,treatment,0
17.03.2023,210059,new,control,0
17.03.2023,200041,old,control,0
17.03.2023,206340,new,treatment,0
17.03.2023,205462,new,treatment,0
17.03.2023,203732,new,treatment,0
17.03.2023,204710,old,treatment,1
17.03.2023,204625,old,control,0
17.03.2023,210376,old,treatment,0
17.03.2023,210642,new,treatment,0
17.03.2023,205005,new,control,0
17.03.2023,203366,old,treatment,1
17.03.2023,207431,old,control,0
17.03.2023,208895,new,control,1
17.03.2023,203211,new,control,0
17.03.2023,209667,old,control,0
17.03.2023,202745,old,control,0
17.03.2023,210025,old,control,0
17.03.2023,209471,new,control,0
17.03.2023,207092,new,treatment,0
17.03.2023,210013,old,control,0
17.03.2023,204005,new,control,0
17.03.2023,210301,old,control,0
17.03.2023,203832,old,treatment,0
17.03.2023,207564,new,treatment,0
17.03.2023,206755,new,control,0
17.03.2023,206994,old,treatment,0
17.03.2023,200837,old,control,0
17.03.2023,200762,old,treatment,0
17.03.2023,202066,old,treatment,0
17.03.2023,201211,old,control,0
17.03.2023,201876,new,treatment,1
17.03.2023,207262,new,treatment,0
17.03.2023,200625,old,control,0
17.03.2023,208736,new,treatment,0
17.03.2023,205818,old,treatment,0
17.03.2023,207441,new,control,0
17.03.2023,205923,new,control,0
17.03.2023,200079,new,control,0
17.03.2023,207382,new,treatment,0
17.03.2023,205874,old,treatment,0
17.03.2023,205753,new,control,0
17.03.2023,200427,new,control,0
17.03.2023,209506,old,treatment,0
17.03.2023,206033,new,control,0
17.03.2023,203885,old,control,0
17.03.2023,202996,old,treatment,0
18.03.2023,204904,old,treatment,0
18.03.2023,204300,old,treatment,0
18.03.2023,208378,old,treatment,0
18.03.2023,210747,old,control,0
18.03.2023,202244,old,treatment,1
18.03.2023,206174,new,treatment,0
18.03.2023,203653,old,control,0
18.03.2023,208460,new,treatment,0
18.03.2023,206263,new,control,0
18.03.2023,205035,old,control,0
18.03.2023,208787,old,control,0
18.03.2023,205842,old,treatment,0
18.03.2023,200273,new,control,0
18.03.2023,209174,old,treatment,0
18.03.2023,208247,old,control,0
18.03.2023,201038,old,treatment,0
18.03.2023,207405,old,control,0
18.03.2023,208806,old,treatment,0
18.03.2023,202775,new,control,0
18.03.2023,208350,old,treatment,0
18.03.2023,206651,old,control,0
18.03.2023,207524,new,treatment,0
18.03.2023,206432,old,treatment,0
18.03.2023,201683,old,control,0
18.03.2023,205226,old,treatment,0
18.03.2023,206107,old,control,0
18.03.2023,205368,new,treatment,0
18.03.2023,205492,old,treatment,0
18.03.2023,201818,old,treatment,1
18.03.2023,202493,old,control,0
18.03.2023,202170,old,treatment,0
18.03.2023,204327,new,control,0
18.03.2023,200490,new,treatment,0
18.03.2023,208791,new,control,0
18.03.2023,204085,old,control,0
18.03.2023,209918,old,treatment,0
18.03.2023,210160,new,treatment,0
18.03.2023,203939,new,control,0
18.03.2023,210763,new,control,0
18.03.2023,202515,old,control,0
18.03.2023,205770,old,treatment,1
18.03.2023,205539,old,control,0
18.03.2023,207410,new,treatment,0
18.03.2023,205476,new,treatment,0
18.03.2023,207581,new,control,0
18.03.2023,203348,old,treatment,0
18.03.2023,206500,old,treatment,0
18.03.2023,200481,new,control,0
18.03.2023,205772,old,treatment,0
18.03.2023,200257,old,control,1
18.03.2023,204862,old,treatment,0
18.03.2023,202526,old,treatment,0
18.03.2023,206496,new,treatment,0
18.03.2023,207355,old,control,0
18.03.2023,201301,new,control,1
18.03.2023,200351,new,control,0
18.03.2023,203874,old,treatment,1
18.03.2023,205230,old,treatment,0
18.03.2023,209965,old,control,0
18.03.2023,207606,new,treatment,0
18.03.2023,208208,new,treatment,0
18.03.2023,206623,new,control,0
18.03.2023,205779,new,control,0
18.03.2023,201198,new,treatment,0
18.03.2023,210499,old,control,1
18.03.2023,200340,new,treatment,0
18.03.2023,205392,old,treatment,0
18.03.2023,208562,old,treatment,0
18.03.2023,206127,old,control,0
18.03.2023,206537,old,control,0
18.03.2023,211019,old,control,0
18.03.2023,203466,old,treatment,0
18.03.2023,203590,old,treatment,0
18.03.2023,205942,new,treatment,0
18.03.2023,204280,old,treatment,0
18.03.2023,205524,old,treatment,1
18.03.2023,206090,old,treatment,1
18.03.2023,203762,new,treatment,0
18.03.2023,200255,new,control,0
18.03.2023,203344,new,treatment,0
18.03.2023,210265,old,control,0
18.03.2023,201429,new,control,0
18.03.2023,210313,new,control,0
18.03.2023,202758,old,treatment,0
18.03.2023,207823,old,control,0
18.03.2023,208769,new,control,0
18.03.2023,207848,new,treatment,0
18.03.2023,210038,new,treatment,0
18.03.2023,202246,new,treatment,0
18.03.2023,207048,old,treatment,0
18.03.2023,205484,old,treatment,0
18.03.2023,205568,new,treatment,0
18.03.2023,206809,old,control,0
18.03.2023,204130,new,treatment,0
18.03.2023,208758,new,treatment,0
18.03.2023,200244,old,treatment,0
18.03.2023,203605,old,control,0
18.03.2023,208257,old,control,0
18.03.2023,209752,old,treatment,1
18.03.2023,205469,new,control,0
18.03.2023,201853,old,control,0
18.03.2023,202424,new,treatment,0
18.03.2023,205705,new,control,0
18.03.2023,208917,old,control,0
18.03.2023,203209,new,control,0
18.03.2023,203797,old,control,0
18.03.2023,202757,old,control,0
18.03.2023,210570,new,treatment,0
18.03.2023,200818,new,treatment,1
18.03.2023,205778,new,treatment,0
18.03.2023,205245,old,control,0
18.03.2023,210088,new,treatment,0
18.03.2023,207520,old,treatment,1
18.03.2023,200103,new,control,0
18.03.2023,207261,new,control,0
18.03.2023,204808,new,treatment,0
18.03.2023,209872,new,treatment,0
18.03.2023,210003,old,control,0
18.03.2023,206736,new,treatment,0
18.03.2023,207417,old,control,0
18.03.2023,203834,new,treatment,0
18.03.2023,207183,old,control,0
18.03.2023,202156,new,treatment,0
18.03.2023,202713,old,control,0
18.03.2023,201866,old,treatment,0
18.03.2023,204032,old,treatment,0
18.03.2023,209820,old,treatment,0
18.03.2023,205241,old,control,0
18.03.2023,210835,old,control,0
18.03.2023,200702,old,treatment,0
18.03.2023,207651,old,control,0
18.03.2023,203971,new,control,0
18.03.2023,207607,new,control,0
18.03.2023,202508,new,treatment,0
18.03.2023,206618,old,treatment,0
18.03.2023,205854,new,treatment,0
18.03.2023,203213,old,control,0
18.03.2023,210905,new,control,0
18.03.2023,209921,old,control,0
18.03.2023,202487,old,control,0
18.03.2023,204584,old,treatment,0
18.03.2023,204374,new,treatment,0
18.03.2023,200776,old,treatment,0
18.03.2023,200202,old,treatment,0
18.03.2023,202436,new,treatment,0
18.03.2023,206735,new,control,0
18.03.2023,210210,new,treatment,0
18.03.2023,203016,old,treatment,0
18.03.2023,210820,old,treatment,0
18.03.2023,200026,old,treatment,0
18.03.2023,201762,old,treatment,0
18.03.2023,207513,new,control,0
18.03.2023,202055,old,control,0
18.03.2023,200745,old,control,0
18.03.2023,209208,old,treatment,1
18.03.2023,211027,new,control,0
18.03.2023,207860,old,treatment,0
18.03.2023,209039,old,control,0
18.03.2023,210096,old,treatment,0
18.03.2023,202266,old,treatment,0
18.03.2023,205946,old,treatment,0
18.03.2023,206990,new,treatment,0
18.03.2023,203660,old,treatment,0
18.03.2023,201682,new,treatment,0
18.03.2023,210646,new,treatment,0
19.03.2023,209511,old,control,0
19.03.2023,200451,old,control,0
19.03.2023,204312,new,treatment,0
19.03.2023,201236,old,treatment,1
19.03.2023,206743,old,control,0
19.03.2023,202013,old,control,0
19.03.2023,207497,old,control,0
19.03.2023,210389,old,control,0
19.03.2023,207703,new,control,0
19.03.2023,208337,old,control,1
19.03.2023,203427,new,control,0
19.03.2023,202236,old,treatment,0
19.03.2023,201000,old,treatment,0
19.03.2023,208491,old,control,0
19.03.2023,204729,new,control,0
19.03.2023,207227,old,control,0
19.03.2023,202465,old,control,0
19.03.2023,211038,new,treatment,1
19.03.2023,209873,new,control,0
19.03.2023,202009,old,control,1
19.03.2023,207840,old,treatment,0
19.03.2023,205405,new,control,0
19.03.2023,200251,old,control,0
19.03.2023,204840,new,treatment,0
19.03.2023,208064,old,treatment,0
19.03.2023,205803,new,control,0
19.03.2023,207110,new,treatment,0
19.03.2023,205376,old,treatment,1
19.03.2023,206950,old,treatment,0
19.03.2023,207134,new,treatment,0
19.03.2023,207667,old,control,0
19.03.2023,202498,old,treatment,0
19.03.2023,208605,new,control,0
19.03.2023,200413,new,control,0
19.03.2023,204144,old,treatment,0
19.03.2023,207522,new,treatment,1
19.03.2023,202143,new,control,0
19.03.2023,200535,old,control,0
19.03.2023,209351,old,control,0
19.03.2023,202620,new,treatment,0
19.03.2023,207423,old,control,0
19.03.2023,206582,old,treatment,0
19.03.2023,206808,old,treatment,0
19.03.2023,201955,new,control,0
19.03.2023,209930,old,treatment,1
19.03.2023,210696,new,treatment,0
19.03.2023,205560,new,treatment,0
19.03.2023,205833,old,control,0
19.03.2023,208220,old,treatment,0
19.03.2023,207971,old,control,0
19.03.2023,202112,old,treatment,0
19.03.2023,210672,old,treatment,1
19.03.2023,202895,new,control,0
19.03.2023,204293,new,control,0
19.03.2023,203116,new,treatment,0
19.03.2023,202330,new,treatment,0
19.03.2023,205814,old,treatment,0
19.03.2023,206123,new,control,0
19.03.2023,205314,old,treatment,0
19.03.2023,206608,new,treatment,0
19.03.2023,211011,new,control,0
19.03.2023,200313,old,control,0
19.03.2023,207107,new,control,0
19.03.2023,210635,new,control,0
19.03.2023,207212,old,treatment,0
19.03.2023,209085,new,control,0
19.03.2023,204706,old,treatment,0
19.03.2023,204384,new,treatment,0
19.03.2023,203270,new,treatment,0
19.03.2023,204063,new,control,0
19.03.2023,201939,old,control,0
19.03.2023,201290,old,treatment,0
19.03.2023,201506,old,treatment,0
19.03.2023,209121,old,control,0
19.03.2023,204133,old,control,0
19.03.2023,200433,old,control,0
19.03.2023,203297,new,control,0
19.03.2023,210792,new,treatment,0
19.03.2023,208613,old,control,0
19.03.2023,202547,old,control,0
19.03.2023,207927,new,control,0
19.03.2023,208285,new,control,0
19.03.2023,201810,new,treatment,0
19.03.2023,205792,new,treatment,0
19.03.2023,208069,old,control,0
19.03.2023,208027,old,control,1
19.03.2023,204845,new,control,0
19.03.2023,210754,old,treatment,0
19.03.2023,207165,old,control,0
19.03.2023,200707,old,control,0
19.03.2023,204469,old,control,0
19.03.2023,202514,old,treatment,0
19.03.2023,204033,old,control,0
19.03.2023,204758,new,treatment,0
19.03.2023,207357,old,control,0
19.03.2023,201046,old,treatment,0
19.03.2023,207170,new,treatment,0
19.03.2023,203085,old,control,0
19.03.2023,204885,old,control,0
19.03.2023,208035,new,control,0
19.03.2023,200136,new,treatment,0
19.03.2023,209020,new,treatment,0
19.03.2023,201465,old,control,0
19.03.2023,210836,old,treatment,0
19.03.2023,209563,old,control,0
19.03.2023,201067,old,control,0
19.03.2023,208179,old,control,0
19.03.2023,204020,old,treatment,0
19.03.2023,201662,old,treatment,0
19.03.2023,207003,new,control,0
19.03.2023,210680,new,treatment,0
19.03.2023,200021,new,control,0
19.03.2023,207039,old,control,0
19.03.2023,201380,old,treatment,0
19.03.2023,207280,new,treatment,0
19.03.2023,203644,old,treatment,0
19.03.2023,206687,new,control,0
19.03.2023,210408,new,treatment,0
19.03.2023,205271,new,control,0
19.03.2023,211009,old,control,0
19.03.2023,208712,new,treatment,0
19.03.2023,206430,old,treatment,0
19.03.2023,205626,new,treatment,0
19.03.2023,200235,new,control,0
19.03.2023,204000,new,treatment,0
19.03.2023,207836,new,treatment,0
19.03.2023,200890,new,treatment,0
19.03.2023,208463,new,control,0
19.03.2023,206287,old,control,0
19.03.2023,200286,new,treatment,0
19.03.2023,206873,new,control,0
19.03.2023,203759,new,control,0
19.03.2023,206850,new,treatment,0
19.03.2023,201873,old,control,0
19.03.2023,204748,old,treatment,0
19.03.2023,210165,new,control,0
19.03.2023,205346,new,treatment,0
19.03.2023,200406,new,treatment,1
19.03.2023,210330,old,treatment,0
19.03.2023,207120,old,treatment,0
19.03.2023,207867,old,control,0
19.03.2023,205309,old,control,0
19.03.2023,201723,old,control,0
19.03.2023,204751,new,control,0
19.03.2023,204816,new,treatment,0
19.03.2023,203989,old,control,0
19.03.2023,200137,old,control,0
19.03.2023,201293,old,control,0
19.03.2023,202702,old,treatment,0
19.03.2023,208617,old,control,0
19.03.2023,210112,old,treatment,0
19.03.2023,205465,old,control,0
19.03.2023,210821,old,control,0
19.03.2023,201657,old,control,0
19.03.2023,210964,old,treatment,1
19.03.2023,205525,old,control,0
19.03.2023,200156,old,treatment,0
19.03.2023,204598,old,treatment,1
19.03.2023,202936,old,treatment,0
19.03.2023,207392,new,treatment,0
19.03.2023,208025,old,control,1
19.03.2023,207773,old,control,0
19.03.2023,206784,new,treatment,0
19.03.2023,203532,new,treatment,0
19.03.2023,205097,new,control,0
20.03.2023,209403,old,control,0
20.03.2023,205727,old,control,0
20.03.2023,203665,old,control,0
20.03.2023,205203,old,control,0
20.03.2023,209234,old,treatment,1
20.03.2023,208016,new,treatment,0
20.03.2023,204213,new,control,0
20.03.2023,200715,old,control,0
20.03.2023,200520,new,treatment,0
20.03.2023,206001,old,control,0
20.03.2023,209946,old,treatment,1
20.03.2023,202593,old,control,0
20.03.2023,201933,new,control,0
20.03.2023,202705,old,control,0
20.03.2023,208989,old,control,0
20.03.2023,200786,old,treatment,0
20.03.2023,210562,old,treatment,0
20.03.2023,206115,old,control,1
20.03.2023,201125,old,control,0
20.03.2023,201001,old,control,0
20.03.2023,205337,old,control,0
20.03.2023,208779,new,control,0
20.03.2023,207209,old,control,0
20.03.2023,207283,old,control,0
20.03.2023,206390,old,treatment,0
20.03.2023,203223,new,control,0
20.03.2023,206922,old,treatment,1
20.03.2023,205669,old,control,0
20.03.2023,203426,new,treatment,0
20.03.2023,202957,old,control,0
20.03.2023,202482,new,treatment,0
20.03.2023,205716,new,treatment,1
20.03.2023,203613,old,control,0
20.03.2023,200641,old,control,0
20.03.2023,204687,new,control,0
20.03.2023,205023,old,control,0
20.03.2023,203803,new,control,0
20.03.2023,206785,new,control,0
20.03.2023,209602,old,treatment,0
20.03.2023,205274,old,treatment,0
20.03.2023,208154,new,treatment,0
20.03.2023,209653,old,control,0
20.03.2023,209413,new,control,0
20.03.2023,207553,old,control,0
20.03.2023,202412,old,treatment,0
20.03.2023,200936,old,treatment,0
20.03.2023,205852,old,treatment,0
20.03.2023,207935,old,control,0
20.03.2023,208368,old,treatment,0
20.03.2023,206718,new,treatment,0
20.03.2023,206937,old,control,0
20.03.2023,206458,new,treatment,1
20.03.2023,202950,old,treatment,0
20.03.2023,210870,new,treatment,0
20.03.2023,201720,old,treatment,0
20.03.2023,200581,new,control,0
20.03.2023,201092,new,treatment,0
20.03.2023,207277,new,control,0
20.03.2023,201546,new,treatment,0
20.03.2023,202402,old,treatment,0
20.03.2023,202188,new,treatment,0
20.03.2023,208119,new,control,0
20.03.2023,209910,new,treatment,1
20.03.2023,206764,new,treatment,0
20.03.2023,203142,new,treatment,0
20.03.2023,210911,old,control,0
20.03.2023,201051,new,control,0
20.03.2023,207663,old,control,0
20.03.2023,200770,old,treatment,1
20.03.2023,202599,new,control,0
20.03.2023,208711,old,control,0
20.03.2023,203715,old,control,0
20.03.2023,208360,new,treatment,0
20.03.2023,208992,old,treatment,0
20.03.2023,201505,old,control,0
20.03.2023,210142,old,treatment,0
20.03.2023,207527,old,control,0
20.03.2023,200697,old,control,0
20.03.2023,200297,old,control,0
20.03.2023,203180,old,treatment,0
20.03.2023,200342,old,treatment,0
20.03.2023,206327,new,control,0
20.03.2023,201016,new,treatment,0
20.03.2023,209002,new,treatment,0
20.03.2023,209401,new,control,0
20.03.2023,205138,new,treatment,0
20.03.2023,207563,new,control,0
20.03.2023,205551,new,control,0
20.03.2023,202855,new,control,0
20.03.2023,210216,old,treatment,0
20.03.2023,206511,old,control,1
20.03.2023,208193,new,control,0
20.03.2023,200376,new,treatment,0
20.03.2023,206895,new,control,0
20.03.2023,210061,old,control,0
20.03.2023,205767,old,control,0
20.03.2023,207545,new,control,1
20.03.2023,206391,old,control,1
20.03.2023,201950,new,treatment,0
20.03.2023,206147,new,control,0
20.03.2023,205544,new,treatment,0
20.03.2023,207519,new,control,0
20.03.2023,203402,old,treatment,0
20.03.2023,202183,new,control,0
20.03.2023,200666,old,treatment,0
20.03.2023,209470,new,treatment,0
20.03.2023,210502,old,treatment,0
20.03.2023,201288,old,treatment,0
20.03.2023,202324,old,treatment,0
20.03.2023,204243,old,control,0
20.03.2023,210997,new,control,0
20.03.2023,200362,old,treatment,0
20.03.2023,209464,old,treatment,0
20.03.2023,201264,new,treatment,0
20.03.2023,205470,new,treatment,0
20.03.2023,205734,old,treatment,1
20.03.2023,203848,old,treatment,0
20.03.2023,208923,old,control,0
20.03.2023,202334,new,treatment,0
20.03.2023,203767,old,control,0
20.03.2023,207843,old,control,0
20.03.2023,211015,old,control,0
20.03.2023,202738,old,treatment,0
20.03.2023,209821,old,control,0
20.03.2023,204328,new,treatment,0
20.03.2023,208949,new,control,0
20.03.2023,207826,old,treatment,0
20.03.2023,203073,old,control,0
20.03.2023,200849,new,control,0
20.03.2023,201363,old,control,0
20.03.2023,204708,old,treatment,0
20.03.2023,202810,new,treatment,1
20.03.2023,210966,old,treatment,0
20.03.2023,207572,old,treatment,0
20.03.2023,208792,old,treatment,0
20.03.2023,200151,new,control,0
20.03.2023,202024,old,treatment,1
20.03.2023,203080,old,treatment,1
20.03.2023,210348,old,treatment,0
20.03.2023,202638,old,treatment,1
20.03.2023,205618,new,treatment,0
20.03.2023,211017,new,control,0
20.03.2023,203533,old,control,0
20.03.2023,206366,old,treatment,0
20.03.2023,202726,old,treatment,0
20.03.2023,202608,new,treatment,0
20.03.2023,204382,old,treatment,1
20.03.2023,205488,old,treatment,0
20.03.2023,203502,old,treatment,0
20.03.2023,205783,old,control,0
20.03.2023,208897,old,control,0
20.03.2023,208692,new,treatment,0
20.03.2023,200829,old,control,0
20.03.2023,200216,new,treatment,0
20.03.2023,200411,old,control,0
20.03.2023,202874,new,treatment,0
20.03.2023,208300,new,treatment,0
20.03.2023,202972,new,treatment,0
20.03.2023,206130,new,treatment,0
20.03.2023,200541,new,control,0
20.03.2023,208915,new,control,0
20.03.2023,203111,new,control,0
20.03.2023,209162,new,treatment,0
20.03.2023,206919,old,control,0
20.03.2023,209674,new,treatment,0
21.03.2023,207102,new,treatment,0
21.03.2023,200493,new,control,0
21.03.2023,207641,old,control,0
21.03.2023,204550,new,treatment,0
21.03.2023,206946,new,treatment,0
21.03.2023,204223,new,control,0
21.03.2023,205061,new,control,0
21.03.2023,204447,new,control,0
21.03.2023,204046,old,treatment,1
21.03.2023,203663,old,control,0
21.03.2023,204007,old,control,0
21.03.2023,203104,old,treatment,0
21.03.2023,201035,old,control,0
21.03.2023,210320,old,treatment,0
21.03.2023,202417,old,control,0
21.03.2023,208624,new,treatment,0
21.03.2023,200680,old,treatment,0
21.03.2023,200561,new,control,0
21.03.2023,209081,new,control,0
21.03.2023,203996,new,treatment,0
21.03.2023,206747,new,control,0
21.03.2023,206713,new,control,0
21.03.2023,201159,new,control,0
21.03.2023,205491,old,control,0
21.03.2023,207534,new,treatment,0
21.03.2023,210833,old,control,0
21.03.2023,207752,old,treatment,0
21.03.2023,206234,old,treatment,0
21.03.2023,210259,old,control,0
21.03.2023,207914,new,treatment,0
21.03.2023,204202,new,treatment,0
21.03.2023,201915,old,control,0
21.03.2023,204707,old,control,0
21.03.2023,203638,old,treatment,0
21.03.2023,207764,new,treatment,0
21.03.2023,206302,new,treatment,0
21.03.2023,204094,old,treatment,0
21.03.2023,206155,old,control,0
21.03.2023,205788,old,treatment,0
21.03.2023,207644,new,treatment,0
21.03.2023,200769,new,control,0
21.03.2023,204787,new,control,0
21.03.2023,205899,new,control,0
21.03.2023,205729,old,control,0
21.03.2023,204581,new,control,0
21.03.2023,207430,old,treatment,0
21.03.2023,201532,old,treatment,0
21.03.2023,209647,old,control,0
21.03.2023,203758,old,treatment,0
21.03.2023,203499,new,control,0
21.03.2023,208256,old,treatment,0
21.03.2023,202880,new,treatment,0
21.03.2023,201795,new,control,0
21.03.2023,208432,old,treatment,0
21.03.2023,200195,new,control,0
21.03.2023,208921,old,control,0
21.03.2023,202893,old,control,0
21.03.2023,205528,old,treatment,0
21.03.2023,207000,new,treatment,0
21.03.2023,209767,new,control,0
21.03.2023,204016,old,treatment,0
21.03.2023,205883,new,control,0
21.03.2023,209538,new,treatment,0
21.03.2023,205987,new,control,0
21.03.2023,206841,old,control,0
21.03.2023,208420,new,treatment,0
21.03.2023,203786,new,treatment,0
21.03.2023,205564,old,treatment,0
21.03.2023,201306,old,treatment,0
21.03.2023,202688,old,treatment,0
21.03.2023,206238,old,treatment,0
21.03.2023,204035,old,control,0
21.03.2023,203539,old,control,0
21.03.2023,200510,new,treatment,0
21.03.2023,208778,new,treatment,0
21.03.2023,209818,old,treatment,0
21.03.2023,201726,old,treatment,0
21.03.2023,200163,new,control,0
21.03.2023,201386,old,treatment,0
21.03.2023,208744,new,treatment,0
21.03.2023,209445,old,control,0
21.03.2023,206203,new,control,0
21.03.2023,209722,new,treatment,0
21.03.2023,202049,new,control,0
21.03.2023,206364,old,treatment,0
21.03.2023,209205,old,control,1
21.03.2023,209941,old,control,0
21.03.2023,206388,new,treatment,0
21.03.2023,210002,old,treatment,1
21.03.2023,207332,new,treatment,0
21.03.2023,205421,old,control,0
21.03.2023,206610,old,treatment,0
21.03.2023,204351,old,control,0
21.03.2023,209938,old,treatment,0
21.03.2023,201798,old,treatment,1
21.03.2023,209934,new,treatment,0
21.03.2023,205037,new,control,0
21.03.2023,210814,old,treatment,0
21.03.2023,202873,new,control,0
21.03.2023,210478,old,treatment,0
21.03.2023,209384,new,treatment,0
21.03.2023,205912,old,treatment,0
21.03.2023,208974,old,treatment,0
21.03.2023,201586,old,treatment,1
21.03.2023,208079,new,control,0
21.03.2023,202850,old,treatment,0
21.03.2023,203120,old,treatment,0
21.03.2023,207213,old,control,0
21.03.2023,204088,new,treatment,0
21.03.2023,206262,new,treatment,1
21.03.2023,201157,old,control,0
21.03.2023,205793,old,control,0
21.03.2023,202221,old,control,1
21.03.2023,202274,new,treatment,0
21.03.2023,208772,old,treatment,0
21.03.2023,200578,new,treatment,0
21.03.2023,204467,old,control,0
21.03.2023,204747,old,control,0
21.03.2023,206917,new,control,0
21.03.2023,206325,old,control,0
21.03.2023,210586,new,treatment,0
21.03.2023,205774,old,treatment,0
21.03.2023,202249,new,control,0
21.03.2023,208850,old,treatment,0
21.03.2023,202179,new,control,0
21.03.2023,201079,old,control,0
21.03.2023,207378,old,treatment,0
21.03.2023,205591,old,control,0
21.03.2023,206498,new,treatment,0
21.03.2023,206585,old,control,0
21.03.2023,207207,new,control,0
21.03.2023,202421,new,control,0
21.03.2023,202979,old,control,0
21.03.2023,200627,old,control,0
21.03.2023,206384,old,treatment,0
21.03.2023,206288,old,treatment,0
21.03.2023,210000,new,treatment,0
21.03.2023,206162,new,treatment,0
21.03.2023,202740,new,treatment,0
21.03.2023,208945,new,control,0
21.03.2023,205396,new,treatment,1
21.03.2023,205804,old,treatment,0
21.03.2023,207465,old,control,0
21.03.2023,201812,old,treatment,1
21.03.2023,209031,old,control,0
21.03.2023,206967,old,control,0
21.03.2023,203222,old,treatment,1
21.03.2023,201434,old,treatment,0
21.03.2023,202793,old,control,1
21.03.2023,207730,old,treatment,0
21.03.2023,209756,old,treatment,0
21.03.2023,210341,new,control,0
21.03.2023,200848,old,treatment,0
21.03.2023,204363,old,control,0
21.03.2023,206624,new,treatment,0
21.03.2023,204889,new,control,0
21.03.2023,204281,old,control,0
21.03.2023,207888,old,treatment,0
21.03.2023,204064,old,treatment,0
21.03.2023,209273,old,control,0
21.03.2023,208201,new,control,0
21.03.2023,205107,old,control,0
21.03.2023,208167,old,control,0
21.03.2023,203634,old,treatment,0
21.03.2023,208015,new,control,0
22.03.2023,201591,old,control,0
22.03.2023,209301,old,control,0
22.03.2023,210086,old,treatment,0
22.03.2023,204236,old,treatment,0
22.03.2023,210044,old,treatment,1
22.03.2023,202851,new,control,0
22.03.2023,203741,new,control,0
22.03.2023,208314,new,treatment,0
22.03.2023,207370,old,treatment,1
22.03.2023,202176,old,treatment,0
22.03.2023,202081,old,control,0
22.03.2023,202359,new,control,0
22.03.2023,207217,old,control,0
22.03.2023,208626,new,treatment,0
22.03.2023,201770,old,treatment,0
22.03.2023,203053,new,control,0
22.03.2023,200126,new,treatment,0
22.03.2023,201334,old,treatment,0
22.03.2023,208994,new,treatment,0
22.03.2023,210775,new,control,0
22.03.2023,206752,new,treatment,0
22.03.2023,210237,new,control,0
22.03.2023,209791,old,control,0
22.03.2023,206338,new,treatment,0
22.03.2023,201473,old,control,0
22.03.2023,209955,new,control,0
22.03.2023,206244,new,treatment,0
22.03.2023,203906,new,treatment,0
22.03.2023,208309,old,control,0
22.03.2023,200523,old,control,0
22.03.2023,207821,new,control,0
22.03.2023,210421,new,control,0
22.03.2023,210923,old,control,0
22.03.2023,210487,old,control,0
22.03.2023,203668,new,treatment,0
22.03.2023,210339,old,control,0
22.03.2023,210540,old,treatment,0
22.03.2023,207669,new,control,0
22.03.2023,205154,old,treatment,0
22.03.2023,205403,old,control,1
22.03.2023,210415,old,control,0
22.03.2023,202044,new,treatment,0
22.03.2023,203987,new,control,0
22.03.2023,200178,old,treatment,1
22.03.2023,209816,old,treatment,1
22.03.2023,208447,new,control,0
22.03.2023,201239,old,control,0
22.03.2023,210356,old,treatment,0
22.03.2023,206588,old,treatment,0
22.03.2023,205193,old,control,0
22.03.2023,200743,old,control,0
22.03.2023,205637,new,control,0
22.03.2023,210296,new,treatment,0
22.03.2023,202135,old,control,0
22.03.2023,204187,new,control,0
22.03.2023,200394,new,treatment,0
22.03.2023,207578,old,treatment,0
22.03.2023,200642,new,treatment,0
22.03.2023,203620,old,treatment,0
22.03.2023,203840,old,treatment,0
22.03.2023,207784,old,treatment,0
22.03.2023,206993,new,control,0
22.03.2023,200556,new,treatment,0
22.03.2023,204800,old,treatment,0
22.03.2023,203237,new,control,0
22.03.2023,205679,old,control,0
22.03.2023,210163,old,control,0
22.03.2023,203003,old,control,0
22.03.2023,201265,new,control,0
22.03.2023,207052,old,treatment,0
22.03.2023,210732,old,treatment,0
22.03.2023,200926,new,treatment,0
22.03.2023,204288,old,treatment,1
22.03.2023,202501,old,control,0
22.03.2023,209218,old,treatment,0
22.03.2023,203192,new,treatment,0
22.03.2023,207175,old,control,0
22.03.2023,204421,old,control,0
22.03.2023,202792,old,treatment,0
22.03.2023,201906,old,treatment,0
22.03.2023,204490,new,treatment,0
22.03.2023,202229,old,control,0
22.03.2023,202986,old,treatment,0
22.03.2023,208753,old,control,0
22.03.2023,204359,old,control,0
22.03.2023,200632,new,treatment,0
22.03.2023,205911,old,control,0
22.03.2023,200954,new,treatment,0
22.03.2023,202089,old,control,0
22.03.2023,204523,new,control,0
22.03.2023,209909,old,control,1
22.03.2023,204286,old,treatment,1
22.03.2023,206056,old,treatment,0
22.03.2023,206439,old,control,0
22.03.2023,200238,old,treatment,0
22.03.2023,203972,new,treatment,0
22.03.2023,205654,new,treatment,0
22.03.2023,205275,old,control,0
22.03.2023,206835,old,control,0
22.03.2023,201567,old,control,0
22.03.2023,208335,old,control,0
22.03.2023,207142,old,treatment,0
22.03.2023,204513,old,control,1
22.03.2023,200068,old,treatment,0
22.03.2023,202058,old,treatment,0
22.03.2023,208717,new,control,0
22.03.2023,203137,old,control,0
22.03.2023,204034,new,treatment,0
22.03.2023,207228,old,treatment,0
22.03.2023,201182,old,treatment,0
22.03.2023,210548,new,treatment,0
22.03.2023,207670,old,treatment,0
22.03.2023,206750,old,treatment,0
22.03.2023,206545,new,control,0
22.03.2023,206491,old,control,0
22.03.2023,207700,old,treatment,0
22.03.2023,207101,old,control,0
22.03.2023,207754,new,treatment,0
22.03.2023,203207,new,control,0
22.03.2023,206847,new,control,0
22.03.2023,201852,new,treatment,0
22.03.2023,209694,old,treatment,0
22.03.2023,207780,old,treatment,0
22.03.2023,204043,new,control,0
22.03.2023,208636,old,treatment,0
22.03.2023,208278,new,treatment,0
22.03.2023,204542,new,treatment,0
22.03.2023,209165,old,control,0
22.03.2023,204504,new,treatment,0
22.03.2023,200429,old,control,1
22.03.2023,206185,old,control,0
22.03.2023,204962,old,treatment,0
22.03.2023,208569,new,control,0
22.03.2023,209766,old,treatment,0
22.03.2023,200780,old,treatment,0
22.03.2023,200039,old,control,0
22.03.2023,200310,old,treatment,0
22.03.2023,201376,old,treatment,0
22.03.2023,206168,old,treatment,0
22.03.2023,202315,new,control,0
22.03.2023,202155,old,control,0
22.03.2023,203384,new,treatment,0
22.03.2023,203333,old,control,0
22.03.2023,205266,old,treatment,0
22.03.2023,202575,new,control,0
22.03.2023,210688,old,treatment,0
22.03.2023,200727,new,control,0
22.03.2023,208944,old,treatment,0
22.03.2023,209192,new,treatment,0
22.03.2023,201484,old,treatment,0
22.03.2023,209430,old,treatment,0
22.03.2023,207115,new,control,0
22.03.2023,203268,old,treatment,1
22.03.2023,203267,old,control,0
22.03.2023,209601,old,control,0
22.03.2023,209500,old,treatment,0
22.03.2023,207479,old,control,0
22.03.2023,203746,new,treatment,0
22.03.2023,202247,new,control,0
22.03.2023,209263,old,control,0
22.03.2023,202464,old,treatment,0
22.03.2023,206726,new,treatment,1
22.03.2023,208718,old,treatment,1
22.03.2023,204980,old,treatment,0
22.03.2023,202833,new,control,0
23.03.2023,201314,old,treatment,0
23.03.2023,208607,old,control,0
23.03.2023,200929,new,control,0
23.03.2023,200970,old,treatment,0
23.03.2023,204600,new,treatment,0
23.03.2023,210758,old,treatment,0
23.03.2023,206767,old,control,0
23.03.2023,209477,old,control,0
23.03.2023,202555,old,control,0
23.03.2023,204227,old,control,0
23.03.2023,201690,old,treatment,0
23.03.2023,204315,old,control,0
23.03.2023,201444,old,treatment,0
23.03.2023,209250,new,treatment,0
23.03.2023,204524,old,treatment,0
23.03.2023,207991,old,control,0
23.03.2023,210893,new,control,0
23.03.2023,202002,old,treatment,0
23.03.2023,205980,old,treatment,0
23.03.2023,205264,old,treatment,1
23.03.2023,205542,new,treatment,0
23.03.2023,205765,old,control,0
23.03.2023,201421,old,control,0
23.03.2023,206092,new,treatment,1
23.03.2023,201420,old,treatment,0
23.03.2023,202458,old,treatment,1
23.03.2023,210336,old,treatment,0
23.03.2023,204704,old,treatment,0
23.03.2023,203221,old,control,0
23.03.2023,201152,old,treatment,0
23.03.2023,205956,old,treatment,0
23.03.2023,207741,new,control,0
23.03.2023,210279,old,control,0
23.03.2023,208509,old,control,0
23.03.2023,204470,old,treatment,0
23.03.2023,203150,old,treatment,0
23.03.2023,207174,old,treatment,1
23.03.2023,201517,new,control,0
23.03.2023,201311,new,control,0
23.03.2023,206211,old,control,0
23.03.2023,203486,new,treatment,0
23.03.2023,203086,old,treatment,0
23.03.2023,200640,old,treatment,0
23.03.2023,210023,old,control,0
23.03.2023,203347,new,control,0
23.03.2023,210464,old,treatment,0
23.03.2023,205072,new,treatment,0
23.03.2023,200320,old,treatment,0
23.03.2023,202875,old,control,0
23.03.2023,203940,new,treatment,0
23.03.2023,204617,new,control,0
23.03.2023,210323,old,control,0
23.03.2023,201180,old,treatment,0
23.03.2023,209703,old,control,0
23.03.2023,206207,old,control,0
23.03.2023,203351,new,control,0
23.03.2023,207647,new,control,0
23.03.2023,204444,old,treatment,0
23.03.2023,210130,new,treatment,0
23.03.2023,201938,new,treatment,0
23.03.2023,207630,old,treatment,0
23.03.2023,200749,old,control,0
23.03.2023,206437,new,control,0
23.03.2023,205791,new,control,0
23.03.2023,205122,old,treatment,0
23.03.2023,207988,old,treatment,0
23.03.2023,209536,old,treatment,0
23.03.2023,203432,new,treatment,0
23.03.2023,209748,old,treatment,0
23.03.2023,202476,old,treatment,0
23.03.2023,200814,new,treatment,0
23.03.2023,200720,old,treatment,0
23.03.2023,201649,new,control,0
23.03.2023,205835,old,control,0
23.03.2023,210299,old,control,1
23.03.2023,208454,old,treatment,0
23.03.2023,205739,old,control,0
23.03.2023,200736,old,treatment,0
23.03.2023,205901,new,control,0
23.03.2023,209339,old,control,0
23.03.2023,200247,new,control,0
23.03.2023,207256,new,treatment,0
23.03.2023,205643,new,control,0
23.03.2023,210719,old,control,0
23.03.2023,203779,new,control,0
23.03.2023,202011,new,control,0
23.03.2023,209237,new,control,0
23.03.2023,202732,old,treatment,0
23.03.2023,210360,new,treatment,0
23.03.2023,204927,new,control,0
23.03.2023,202624,old,treatment,0
23.03.2023,203179,old,control,0
23.03.2023,201470,old,treatment,0
23.03.2023,205532,old,treatment,0
23.03.2023,207022,old,treatment,0
23.03.2023,209869,old,control,0
23.03.2023,207990,new,treatment,0
23.03.2023,200658,new,treatment,0
23.03.2023,206843,new,control,0
23.03.2023,210869,new,control,0
23.03.2023,200696,old,treatment,0
23.03.2023,205429,old,control,0
23.03.2023,203314,old,treatment,0
23.03.2023,207508,old,treatment,0
23.03.2023,201022,old,treatment,0
23.03.2023,205865,old,control,0
23.03.2023,208213,old,control,0
23.03.2023,200825,old,control,0
23.03.2023,206965,old,control,0
23.03.2023,209227,new,control,0
23.03.2023,207289,old,control,1
23.03.2023,208789,old,control,1
23.03.2023,200130,old,treatment,0
23.03.2023,210398,old,treatment,0
23.03.2023,209582,new,treatment,0
23.03.2023,202211,new,control,0
23.03.2023,209695,old,control,0
23.03.2023,202653,new,control,0
23.03.2023,200876,old,treatment,0
23.03.2023,203181,old,control,0
23.03.2023,204229,old,control,0
23.03.2023,208836,new,treatment,0
23.03.2023,206453,old,control,0
23.03.2023,203377,old,control,0
23.03.2023,208701,old,control,0
23.03.2023,203988,new,treatment,0
23.03.2023,201809,new,control,0
23.03.2023,206503,old,control,0
23.03.2023,205034,new,treatment,0
23.03.2023,203057,new,control,0
23.03.2023,200544,old,treatment,0
23.03.2023,206423,old,control,0
23.03.2023,204186,old,treatment,0
23.03.2023,201459,old,control,0
23.03.2023,208295,old,control,0
23.03.2023,202570,old,treatment,0
23.03.2023,209411,old,control,0
23.03.2023,202576,old,treatment,0
23.03.2023,207554,new,treatment,0
23.03.2023,210730,new,treatment,0
23.03.2023,209817,old,control,0
23.03.2023,209793,old,control,0
23.03.2023,200407,old,control,0
23.03.2023,206240,new,treatment,0
23.03.2023,208746,new,treatment,0
23.03.2023,208687,old,control,0
23.03.2023,200460,old,treatment,0
23.03.2023,209591,old,control,0
23.03.2023,210183,new,control,0
23.03.2023,204332,old,treatment,0
23.03.2023,208780,old,treatment,0
23.03.2023,210743,old,control,0
23.03.2023,209074,old,treatment,0
23.03.2023,206877,new,control,0
23.03.2023,201760,old,treatment,0
23.03.2023,204802,new,treatment,1
23.03.2023,207853,old,control,0
23.03.2023,202410,old,treatment,0
23.03.2023,202915,new,control,0
23.03.2023,209680,old,treatment,0
23.03.2023,210365,old,control,0
23.03.2023,205872,old,treatment,0
23.03.2023,200455,new,control,0
23.03.2023,206223,new,control,0
23.03.2023,208730,old,treatment,0
24.03.2023,200343,old,control,0
24.03.2023,203672,old,treatment,0
24.03.2023,206637,old,control,1
24.03.2023,207503,new,control,0
24.03.2023,204150,old,treatment,0
24.03.2023,210682,new,treatment,0
24.03.2023,205121,old,control,0
24.03.2023,208349,old,control,0
24.03.2023,207880,old,treatment,1
24.03.2023,209546,old,treatment,1
24.03.2023,205924,old,treatment,0
24.03.2023,208344,old,treatment,0
24.03.2023,205248,old,treatment,0
24.03.2023,210887,new,control,0
24.03.2023,205213,new,control,0
24.03.2023,203597,new,control,0
24.03.2023,208682,new,treatment,0
24.03.2023,208537,old,control,0
24.03.2023,208919,new,control,0
24.03.2023,202777,old,control,0
24.03.2023,206079,old,control,0
24.03.2023,210037,old,control,0
24.03.2023,210485,old,control,0
24.03.2023,204823,new,control,0
24.03.2023,203557,old,control,0
24.03.2023,200262,old,treatment,0
24.03.2023,205084,old,treatment,0
24.03.2023,200032,old,treatment,0
24.03.2023,201349,old,control,0
24.03.2023,207510,old,treatment,0
24.03.2023,203580,new,treatment,0
24.03.2023,205395,old,control,0
24.03.2023,204877,old,control,0
24.03.2023,206769,old,control,0
24.03.2023,201834,old,treatment,0
24.03.2023,200812,new,treatment,0
24.03.2023,210614,old,treatment,0
24.03.2023,205920,new,treatment,0
24.03.2023,201048,old,treatment,0
24.03.2023,207757,new,control,0
24.03.2023,202872,new,treatment,0
24.03.2023,205931,old,control,0
24.03.2023,201137,old,control,0
24.03.2023,206102,new,treatment,0
24.03.2023,207077,old,control,1
24.03.2023,206674,old,treatment,0
24.03.2023,208379,new,control,0
24.03.2023,204320,old,treatment,0
24.03.2023,209154,old,treatment,0
24.03.2023,209772,new,treatment,0
24.03.2023,210463,old,control,0
24.03.2023,206254,new,treatment,0
24.03.2023,208209,new,control,0
24.03.2023,205545,old,control,0
24.03.2023,207720,new,treatment,0
24.03.2023,204585,old,control,0
24.03.2023,208869,old,control,0
24.03.2023,209623,new,control,0
24.03.2023,204105,old,control,0
24.03.2023,200784,new,treatment,0
24.03.2023,206111,new,control,0
24.03.2023,209668,old,treatment,0
24.03.2023,210969,old,control,0
24.03.2023,200691,old,control,1
24.03.2023,208465,new,control,0
24.03.2023,200486,old,treatment,0
24.03.2023,200176,new,treatment,0
24.03.2023,209414,new,treatment,0
24.03.2023,204276,old,treatment,0
24.03.2023,200862,old,treatment,0
24.03.2023,209176,old,treatment,0
24.03.2023,203424,old,treatment,1
24.03.2023,206424,old,treatment,0
24.03.2023,204391,old,control,0
24.03.2023,207121,new,control,0
24.03.2023,201080,old,treatment,0
24.03.2023,200669,new,control,0
24.03.2023,200771,old,control,0
24.03.2023,202885,new,control,0
24.03.2023,200603,old,control,0
24.03.2023,205733,new,control,0
24.03.2023,201650,new,treatment,0
24.03.2023,208100,old,treatment,0
24.03.2023,209267,new,control,0
24.03.2023,210197,new,control,0
24.03.2023,200944,new,treatment,0
24.03.2023,206176,new,treatment,0
24.03.2023,201580,old,treatment,0
24.03.2023,209666,old,treatment,0
24.03.2023,201131,old,control,0
24.03.2023,203712,old,treatment,0
24.03.2023,207190,new,treatment,0
24.03.2023,207328,old,treatment,0
24.03.2023,205039,old,control,0
24.03.2023,201149,new,control,0
24.03.2023,206780,old,treatment,0
24.03.2023,208269,old,control,0
24.03.2023,209249,new,control,1
24.03.2023,206507,old,control,0
24.03.2023,201611,old,control,0
24.03.2023,207053,old,control,0
24.03.2023,206351,old,control,0
24.03.2023,204305,old,control,0
24.03.2023,206109,new,control,0
24.03.2023,205763,old,control,0
24.03.2023,201925,new,control,0
24.03.2023,205659,new,control,0
24.03.2023,200547,old,control,0
24.03.2023,205263,old,control,0
24.03.2023,200616,old,treatment,0
24.03.2023,204967,old,control,0
24.03.2023,210659,old,control,0
24.03.2023,208683,old,control,0
24.03.2023,202314,new,treatment,1
24.03.2023,208342,old,treatment,0
24.03.2023,208087,new,control,0
24.03.2023,200153,old,control,0
24.03.2023,210683,old,control,0
24.03.2023,204720,old,treatment,0
24.03.2023,201679,new,control,0
24.03.2023,205721,new,control,0
24.03.2023,201787,new,control,0
24.03.2023,205512,old,treatment,0
24.03.2023,206959,old,control,0
24.03.2023,210016,old,treatment,0
24.03.2023,202742,old,treatment,0
24.03.2023,203049,new,control,0
24.03.2023,203292,new,treatment,0
24.03.2023,205992,old,treatment,0
24.03.2023,200049,old,control,0
24.03.2023,210366,old,treatment,0
24.03.2023,209183,old,control,0
24.03.2023,207772,new,treatment,1
24.03.2023,205970,new,treatment,0
24.03.2023,208137,old,control,0
24.03.2023,207161,old,control,0
24.03.2023,206152,new,treatment,0
24.03.2023,207132,new,treatment,0
24.03.2023,208221,old,control,0
24.03.2023,203714,old,treatment,1
24.03.2023,206539,new,control,0
24.03.2023,210789,new,control,0
24.03.2023,205437,new,control,0
24.03.2023,202337,new,control,0
24.03.2023,200023,new,control,0
24.03.2023,206471,new,control,0
24.03.2023,204959,new,control,0
24.03.2023,201520,old,treatment,0
24.03.2023,206047,new,control,0
24.03.2023,204066,old,treatment,0
24.03.2023,200527,new,control,0
24.03.2023,205504,old,treatment,0
24.03.2023,203184,old,treatment,0
24.03.2023,206526,old,treatment,0
24.03.2023,207809,old,control,0
24.03.2023,201559,new,control,0
24.03.2023,205473,old,control,0
24.03.2023,210958,old,treatment,0
24.03.2023,210976,old,treatment,0
24.03.2023,200173,new,control,0
24.03.2023,203788,old,treatment,0
24.03.2023,206944,old,treatment,0
24.03.2023,200867,old,control,0
24.03.2023,203585,new,control,0
24.03.2023,202914,old,treatment,0
25.03.2023,204663,old,control,0
25.03.2023,203821,new,control,0
25.03.2023,202871,old,control,0
25.03.2023,205836,old,treatment,1
25.03.2023,200419,old,control,0
25.03.2023,210946,new,treatment,0
25.03.2023,201863,old,control,0
25.03.2023,208534,old,treatment,0
25.03.2023,209531,old,control,0
25.03.2023,209750,new,treatment,1
25.03.2023,209612,new,treatment,0
25.03.2023,207122,old,treatment,0
25.03.2023,206811,new,control,0
25.03.2023,205812,old,treatment,0
25.03.2023,208055,old,control,0
25.03.2023,208315,old,control,0
25.03.2023,204641,new,control,0
25.03.2023,208216,old,treatment,1
25.03.2023,206094,old,treatment,0
25.03.2023,209855,old,control,0
25.03.2023,202782,old,treatment,0
25.03.2023,209001,old,control,0
25.03.2023,203027,old,control,0
25.03.2023,209260,new,treatment,1
25.03.2023,201419,old,control,0
25.03.2023,205200,old,treatment,0
25.03.2023,205283,old,control,0
25.03.2023,204070,old,treatment,1
25.03.2023,202376,old,treatment,0
25.03.2023,200177,old,control,0
25.03.2023,209302,old,treatment,0
25.03.2023,210530,old,treatment,0
25.03.2023,209830,new,treatment,0
25.03.2023,208866,new,treatment,1
25.03.2023,205762,old,treatment,0
25.03.2023,209459,new,control,0
25.03.2023,209259,new,control,0
25.03.2023,208053,old,control,0
25.03.2023,207424,new,treatment,0
25.03.2023,204078,old,treatment,0
25.03.2023,203145,old,control,0
25.03.2023,200646,new,treatment,0
25.03.2023,201134,new,treatment,0
25.03.2023,203582,new,treatment,0
25.03.2023,207899,new,control,0
25.03.2023,210058,old,treatment,0
25.03.2023,205769,new,control,0
25.03.2023,204749,old,control,0
25.03.2023,200999,old,control,0
25.03.2023,200800,old,treatment,0
25.03.2023,211018,new,treatment,0
25.03.2023,210650,new,treatment,0
25.03.2023,206781,new,control,0
25.03.2023,209936,new,treatment,0
25.03.2023,209449,old,control,0
25.03.2023,203985,old,control,0
25.03.2023,206445,old,control,1
25.03.2023,208453,old,control,0
25.03.2023,207241,old,control,0
25.03.2023,206057,old,control,0
25.03.2023,210670,new,treatment,0
25.03.2023,205223,old,control,0
25.03.2023,205055,new,control,0
25.03.2023,202005,new,control,0
25.03.2023,209908,new,treatment,0
25.03.2023,203955,old,control,0
25.03.2023,201266,old,treatment,0
25.03.2023,200963,old,control,0
25.03.2023,200568,new,treatment,0
25.03.2023,210605,old,control,0
25.03.2023,203519,old,control,0
25.03.2023,204572,new,treatment,0
25.03.2023,205927,old,control,0
25.03.2023,200071,old,control,0
25.03.2023,203839,new,control,0
25.03.2023,204179,new,control,0
25.03.2023,207761,new,control,0
25.03.2023,207475,old,control,1
25.03.2023,208187,new,control,0
25.03.2023,205597,old,control,0
25.03.2023,200375,old,control,0
25.03.2023,202672,new,treatment,0
25.03.2023,205188,old,treatment,0
25.03.2023,209828,old,treatment,0
25.03.2023,209194,new,treatment,0
25.03.2023,202047,old,control,0
25.03.2023,202473,new,control,0
25.03.2023,201333,old,control,0
25.03.2023,210324,new,treatment,0
25.03.2023,201504,old,treatment,0
25.03.2023,210454,old,treatment,0
25.03.2023,202355,new,control,0
25.03.2023,209970,new,treatment,0
25.03.2023,205417,new,control,0
25.03.2023,201891,new,control,0
25.03.2023,202095,new,control,0
25.03.2023,209570,old,treatment,0
25.03.2023,204168,new,treatment,0
25.03.2023,203858,new,treatment,0
25.03.2023,201926,old,treatment,0
25.03.2023,200292,new,treatment,0
25.03.2023,202961,new,control,1
25.03.2023,202475,old,control,0
25.03.2023,210168,new,treatment,0
25.03.2023,207984,new,treatment,0
25.03.2023,206715,old,control,0
25.03.2023,207922,old,treatment,0
25.03.2023,202685,old,control,0
25.03.2023,208133,old,control,0
25.03.2023,209499,old,control,0
25.03.2023,204969,old,control,0
25.03.2023,202799,old,control,0
25.03.2023,207451,new,control,0
25.03.2023,205069,new,control,0
25.03.2023,210996,old,treatment,0
25.03.2023,208660,old,treatment,0
25.03.2023,210030,old,treatment,0
25.03.2023,202032,old,treatment,0
25.03.2023,210713,new,control,0
25.03.2023,201030,old,treatment,0
25.03.2023,206779,old,control,1
25.03.2023,205933,old,control,0
25.03.2023,210353,new,control,1
25.03.2023,208831,old,control,0
25.03.2023,200474,new,treatment,0
25.03.2023,206186,old,treatment,0
25.03.2023,210264,new,treatment,0
25.03.2023,210269,old,control,0
25.03.2023,209957,new,control,0
25.03.2023,210526,old,treatment,1
25.03.2023,203227,new,control,0
25.03.2023,209575,new,control,0
25.03.2023,207778,new,treatment,0
25.03.2023,204330,new,treatment,0
25.03.2023,202313,old,control,0
25.03.2023,205453,new,control,0
25.03.2023,202737,old,control,0
25.03.2023,201668,new,treatment,0
25.03.2023,206097,old,control,0
25.03.2023,204941,new,control,0
25.03.2023,201738,old,treatment,0
25.03.2023,207200,new,treatment,0
25.03.2023,209731,old,control,0
25.03.2023,204335,old,control,0
25.03.2023,203608,new,treatment,0
25.03.2023,204697,old,control,0
25.03.2023,205454,new,treatment,0
25.03.2023,201833,old,control,0
25.03.2023,205965,new,control,0
25.03.2023,204334,new,treatment,0
25.03.2023,200678,new,treatment,0
25.03.2023,200823,old,control,0
25.03.2023,206434,old,treatment,1
25.03.2023,206892,new,treatment,0
25.03.2023,205060,old,treatment,0
25.03.2023,208589,old,control,0
25.03.2023,208462,new,treatment,0
25.03.2023,208191,old,control,0
25.03.2023,210818,new,treatment,0
25.03.2023,210850,old,treatment,0
25.03.2023,208740,old,treatment,0
25.03.2023,208238,new,treatment,0
25.03.2023,207291,new,control,0
25.03.2023,201050,old,treatment,0
25.03.2023,210196,new,treatment,0
26.03.2023,202480,new,treatment,0
26.03.2023,210857,new,control,0
26.03.2023,200803,old,control,1
26.03.2023,202242,old,treatment,0
26.03.2023,205045,new,control,0
26.03.2023,203481,old,control,0
26.03.2023,208468,new,treatment,0
26.03.2023,200649,old,control,0
26.03.2023,204218,old,treatment,0
26.03.2023,209738,old,treatment,0
26.03.2023,201005,old,control,0
26.03.2023,204592,old,treatment,0
26.03.2023,204410,old,treatment,1
26.03.2023,201558,old,treatment,0
26.03.2023,208394,old,treatment,0
26.03.2023,209060,new,treatment,0
26.03.2023,200354,old,treatment,0
26.03.2023,210462,new,treatment,0
26.03.2023,202226,old,treatment,0
26.03.2023,205890,old,treatment,0
26.03.2023,202148,old,treatment,0
26.03.2023,202719,old,control,0
26.03.2023,204102,new,treatment,0
26.03.2023,206794,old,treatment,0
26.03.2023,200037,old,control,0
26.03.2023,204273,old,control,0
26.03.2023,203751,new,control,0
26.03.2023,202652,new,treatment,0
26.03.2023,206455,new,control,0
26.03.2023,206483,new,control,0
26.03.2023,208603,old,control,0
26.03.2023,203782,old,treatment,0
26.03.2023,206246,new,treatment,0
26.03.2023,206202,new,treatment,0
26.03.2023,210841,old,control,0
26.03.2023,208411,new,control,0
26.03.2023,208039,new,control,0
26.03.2023,207543,old,control,0
26.03.2023,201593,old,control,0
26.03.2023,201620,old,treatment,0
26.03.2023,200033,new,control,0
26.03.2023,202243,new,control,0
26.03.2023,203492,old,treatment,0
26.03.2023,209868,new,treatment,0
26.03.2023,203361,new,control,0
26.03.2023,202209,old,control,0
26.03.2023,203555,new,control,0
26.03.2023,201700,old,treatment,0
26.03.2023,208422,new,treatment,0
26.03.2023,201548,old,treatment,1
26.03.2023,208287,old,control,0
26.03.2023,204408,new,treatment,0
26.03.2023,206060,new,treatment,0
26.03.2023,205993,old,control,0
26.03.2023,203541,old,control,0
26.03.2023,207551,old,control,0
26.03.2023,209878,new,treatment,1
26.03.2023,209673,old,control,0
26.03.2023,208188,old,treatment,0
26.03.2023,210471,old,control,0
26.03.2023,203813,old,control,0
26.03.2023,209346,old,treatment,0
26.03.2023,203425,new,control,0
26.03.2023,210144,new,treatment,0
26.03.2023,200135,old,control,0
26.03.2023,200709,old,control,1
26.03.2023,204574,new,treatment,0
26.03.2023,208550,old,treatment,0
26.03.2023,206184,old,treatment,0
26.03.2023,206653,old,control,0
26.03.2023,208036,old,treatment,0
26.03.2023,202014,old,treatment,1
26.03.2023,202580,old,treatment,1
26.03.2023,205112,old,treatment,0
26.03.2023,201797,new,control,0
26.03.2023,202000,old,treatment,0
26.03.2023,203515,new,control,1
26.03.2023,210199,old,control,0
26.03.2023,207229,new,control,0
26.03.2023,202513,new,control,0
26.03.2023,201377,old,control,0
26.03.2023,202070,old,treatment,0
26.03.2023,202291,old,control,0
26.03.2023,205808,new,treatment,0
26.03.2023,200758,new,treatment,0
26.03.2023,204934,old,treatment,0
26.03.2023,204376,old,treatment,0
26.03.2023,208561,old,control,0
26.03.2023,205089,new,control,0
26.03.2023,205339,old,control,1
26.03.2023,205843,old,control,0
26.03.2023,209888,old,treatment,0
26.03.2023,207964,new,treatment,0
26.03.2023,207148,old,treatment,0
26.03.2023,208926,old,treatment,0
26.03.2023,202527,new,control,0
26.03.2023,208014,old,treatment,1
26.03.2023,208910,new,treatment,0
26.03.2023,208320,new,treatment,0
26.03.2023,201964,old,treatment,0
26.03.2023,209804,new,treatment,0
26.03.2023,201924,new,treatment,0
26.03.2023,201665,new,control,0
26.03.2023,206400,new,treatment,0
26.03.2023,208336,old,treatment,0
26.03.2023,207816,old,treatment,0
26.03.2023,202346,old,treatment,0
26.03.2023,204538,old,treatment,0
26.03.2023,203513,old,control,0
26.03.2023,209419,old,control,0
26.03.2023,204757,old,control,0
26.03.2023,205010,old,treatment,0
26.03.2023,206699,old,control,0
26.03.2023,205538,old,treatment,0
26.03.2023,204155,new,control,0
26.03.2023,203417,old,control,0
26.03.2023,200637,old,control,0
26.03.2023,203928,new,treatment,0
26.03.2023,207983,old,control,0
26.03.2023,208459,old,control,0
26.03.2023,200813,new,control,0
26.03.2023,204952,old,treatment,0
26.03.2023,201645,old,control,1
26.03.2023,204498,old,treatment,0
26.03.2023,202018,old,treatment,0
26.03.2023,209026,old,treatment,0
26.03.2023,204481,old,control,0
26.03.2023,200965,new,control,0
26.03.2023,206298,old,treatment,0
26.03.2023,204377,old,control,0
26.03.2023,201142,old,treatment,0
26.03.2023,205455,old,control,0
26.03.2023,210515,old,control,0
26.03.2023,207471,new,control,0
26.03.2023,207258,old,treatment,1
26.03.2023,209652,new,treatment,0
26.03.2023,209277,old,control,0
26.03.2023,206201,old,control,0
26.03.2023,206410,old,treatment,0
26.03.2023,201498,old,treatment,0
26.03.2023,207354,old,treatment,0
26.03.2023,209780,new,treatment,0
26.03.2023,206656,new,treatment,0
26.03.2023,204488,new,treatment,0
26.03.2023,207544,new,treatment,0
26.03.2023,200735,old,control,0
26.03.2023,204244,old,treatment,0
26.03.2023,207149,new,control,0
26.03.2023,210735,old,control,0
26.03.2023,207027,new,control,0
26.03.2023,207753,old,control,0
26.03.2023,210560,old,treatment,0
26.03.2023,210334,new,treatment,1
26.03.2023,204639,new,control,0
26.03.2023,208277,new,control,1
26.03.2023,204072,old,treatment,0
26.03.2023,208355,new,control,0
26.03.2023,206928,old,treatment,0
26.03.2023,202766,old,treatment,0
26.03.2023,210414,old,treatment,0
26.03.2023,205105,new,control,0
26.03.2023,208474,new,treatment,0
26.03.2023,205367,old,control,0
26.03.2023,209248,new,treatment,0
26.03.2023,206673,new,control,0
27.03.2023,201322,old,treatment,0
27.03.2023,203335,new,control,1
27.03.2023,206273,old,control,0
27.03.2023,210350,old,treatment,0
27.03.2023,208657,new,control,0
27.03.2023,205895,old,control,0
27.03.2023,209861,old,control,0
27.03.2023,205701,old,control,0
27.03.2023,204678,old,treatment,0
27.03.2023,204326,new,treatment,0
27.03.2023,208489,new,control,0
27.03.2023,204096,new,treatment,0
27.03.2023,205174,old,treatment,0
27.03.2023,204703,old,control,0
27.03.2023,200051,new,control,0
27.03.2023,208965,new,control,0
27.03.2023,205968,new,treatment,1
27.03.2023,207547,new,control,0
27.03.2023,200050,new,treatment,0
27.03.2023,203409,old,control,0
27.03.2023,210973,new,control,1
27.03.2023,207133,old,control,0
27.03.2023,203720,old,treatment,0
27.03.2023,208688,old,treatment,0
27.03.2023,200795,new,control,0
27.03.2023,201703,old,control,0
27.03.2023,204826,new,treatment,0
27.03.2023,208263,old,control,0
27.03.2023,206692,new,treatment,0
27.03.2023,207841,old,control,0
27.03.2023,200384,new,treatment,0
27.03.2023,211024,old,treatment,0
27.03.2023,200483,old,control,0
27.03.2023,209551,new,control,0
27.03.2023,210418,new,treatment,0
27.03.2023,204128,old,treatment,0
27.03.2023,200930,old,treatment,0
27.03.2023,209155,new,control,0
27.03.2023,208225,old,control,0
27.03.2023,204784,old,treatment,0
27.03.2023,209023,old,control,0
27.03.2023,205227,old,control,0
27.03.2023,203948,new,treatment,0
27.03.2023,201658,old,treatment,0
27.03.2023,205622,old,treatment,0
27.03.2023,200348,old,treatment,0
27.03.2023,202566,old,treatment,0
27.03.2023,207196,old,treatment,0
27.03.2023,205210,old,treatment,1
27.03.2023,205811,new,control,0
27.03.2023,207873,old,control,0
27.03.2023,208947,new,control,0
27.03.2023,209022,old,treatment,0
27.03.2023,201594,old,treatment,0
27.03.2023,209142,new,treatment,0
27.03.2023,205646,old,treatment,0
27.03.2023,204519,old,control,0
27.03.2023,209725,new,control,0
27.03.2023,206213,new,control,0
27.03.2023,203232,new,treatment,0
27.03.2023,209290,old,treatment,0
27.03.2023,209639,old,control,0
27.03.2023,206731,old,control,0
27.03.2023,204898,old,treatment,0
27.03.2023,202110,new,treatment,0
27.03.2023,208590,old,treatment,0
27.03.2023,208260,new,treatment,0
27.03.2023,209660,old,treatment,0
27.03.2023,207041,old,control,0
27.03.2023,207802,old,treatment,0
27.03.2023,205712,old,treatment,0
27.03.2023,206494,old,treatment,1
27.03.2023,201669,new,control,0
27.03.2023,200519,old,control,0
27.03.2023,210349,old,control,1
27.03.2023,210053,old,control,0
27.03.2023,203343,new,control,0
27.03.2023,200404,new,treatment,0
27.03.2023,202538,old,treatment,0
27.03.2023,200854,old,treatment,0
27.03.2023,208832,old,treatment,1
27.03.2023,206196,new,treatment,0
27.03.2023,207596,old,treatment,0
27.03.2023,205910,old,treatment,0
27.03.2023,208796,new,treatment,0
27.03.2023,200705,new,control,0
27.03.2023,210506,old,treatment,0
27.03.2023,210102,new,treatment,0
27.03.2023,204613,new,control,0
27.03.2023,201479,new,control,0
27.03.2023,201883,new,control,0
27.03.2023,210674,old,treatment,0
27.03.2023,204324,old,treatment,0
27.03.2023,201040,old,treatment,0
27.03.2023,205711,old,control,0
27.03.2023,210784,old,treatment,0
27.03.2023,207683,new,control,0
27.03.2023,200225,new,control,0
27.03.2023,210426,new,treatment,0
27.03.2023,201042,old,treatment,0
27.03.2023,208611,old,control,0
27.03.2023,201121,new,control,0
27.03.2023,201772,new,treatment,0
27.03.2023,210064,old,treatment,1
27.03.2023,205086,new,treatment,0
27.03.2023,207144,new,treatment,0
27.03.2023,203825,old,control,0
27.03.2023,202816,new,treatment,0
27.03.2023,201192,old,treatment,0
27.03.2023,201437,old,control,0
27.03.2023,209222,new,treatment,0
27.03.2023,209068,old,treatment,0
27.03.2023,201802,old,treatment,0
27.03.2023,205162,old,treatment,0
27.03.2023,209492,old,treatment,0
27.03.2023,202761,old,control,0
27.03.2023,208380,old,treatment,0
27.03.2023,208955,old,control,0
27.03.2023,210896,old,treatment,0
27.03.2023,207931,old,control,0
27.03.2023,200330,old,treatment,0
27.03.2023,205914,new,treatment,0
27.03.2023,209737,new,control,0
27.03.2023,210962,new,treatment,0
27.03.2023,208031,new,control,0
27.03.2023,201549,new,control,0
27.03.2023,201644,old,treatment,0
27.03.2023,207002,old,treatment,1
27.03.2023,205709,old,control,0
27.03.2023,204004,new,treatment,0
27.03.2023,200441,new,control,0
27.03.2023,201015,new,control,0
27.03.2023,205228,old,treatment,0
27.03.2023,205267,new,control,0
27.03.2023,204588,old,treatment,0
27.03.2023,203188,old,treatment,1
27.03.2023,202973,new,control,0
27.03.2023,204510,old,treatment,0
27.03.2023,203956,old,treatment,0
27.03.2023,204041,new,control,0
27.03.2023,210798,new,treatment,0
27.03.2023,206939,old,control,0
27.03.2023,206141,new,control,0
27.03.2023,210026,old,treatment,0
27.03.2023,200185,old,control,0
27.03.2023,209396,new,treatment,0
27.03.2023,200268,old,treatment,0
27.03.2023,205866,old,treatment,0
27.03.2023,204398,old,treatment,0
27.03.2023,201248,new,treatment,0
27.03.2023,204486,old,treatment,0
27.03.2023,209659,new,control,0
27.03.2023,209381,old,control,0
27.03.2023,207199,old,control,1
27.03.2023,209978,new,treatment,0
27.03.2023,206199,old,control,0
27.03.2023,208365,old,control,0
27.03.2023,210051,old,control,0
27.03.2023,202987,old,control,1
27.03.2023,206228,new,treatment,0
27.03.2023,207673,old,control,0
27.03.2023,210224,old,treatment,0
27.03.2023,202217,new,control,0
27.03.2023,206621,new,control,0
27.03.2023,204473,old,control,0
28.03.2023,201246,new,treatment,0
28.03.2023,201077,new,control,0
28.03.2023,201889,new,control,0
28.03.2023,207590,old,treatment,0
28.03.2023,208952,old,treatment,0
28.03.2023,201560,old,treatment,0
28.03.2023,204441,new,control,0
28.03.2023,209067,old,control,0
28.03.2023,200073,old,control,0
28.03.2023,210524,new,treatment,0
28.03.2023,209349,old,control,0
28.03.2023,207619,old,control,0
28.03.2023,202725,old,control,0
28.03.2023,203241,new,control,0
28.03.2023,209826,old,treatment,0
28.03.2023,209949,new,control,0
28.03.2023,201140,old,treatment,1
28.03.2023,209104,old,treatment,1
28.03.2023,210047,new,control,0
28.03.2023,203917,old,control,0
28.03.2023,208022,new,treatment,0
28.03.2023,207634,new,treatment,0
28.03.2023,200725,old,control,0
28.03.2023,207584,new,treatment,0
28.03.2023,204290,old,treatment,0
28.03.2023,207337,new,control,1
28.03.2023,203245,old,control,0
28.03.2023,200052,old,treatment,0
28.03.2023,210874,new,treatment,0
28.03.2023,206602,old,treatment,0
28.03.2023,210137,old,control,0
28.03.2023,209768,old,treatment,0
28.03.2023,205572,old,treatment,0
28.03.2023,201308,new,treatment,0
28.03.2023,205983,new,control,0
28.03.2023,202161,old,control,0
28.03.2023,205573,old,control,0
28.03.2023,201621,old,control,0
28.03.2023,209283,old,control,0
28.03.2023,207356,new,treatment,0
28.03.2023,204759,new,control,0
28.03.2023,202404,new,treatment,0
28.03.2023,203295,new,control,0
28.03.2023,201896,old,treatment,0
28.03.2023,205576,old,treatment,0
28.03.2023,210347,old,control,0
28.03.2023,200766,old,treatment,0
28.03.2023,210925,new,control,0
28.03.2023,203744,new,treatment,0
28.03.2023,203624,new,treatment,0
28.03.2023,207368,old,treatment,0
28.03.2023,204465,old,control,0
28.03.2023,203182,new,treatment,1
28.03.2023,206834,new,treatment,1
28.03.2023,204409,old,control,0
28.03.2023,201784,old,treatment,0
28.03.2023,203862,new,treatment,0
28.03.2023,200708,old,treatment,0
28.03.2023,207376,old,treatment,1
28.03.2023,209354,old,treatment,0
28.03.2023,209091,old,control,0
28.03.2023,201215,old,control,0
28.03.2023,205232,old,treatment,0
28.03.2023,207242,new,treatment,0
28.03.2023,206429,old,control,0
28.03.2023,210889,old,control,0
28.03.2023,208996,new,treatment,0
28.03.2023,200160,old,treatment,0
28.03.2023,209366,new,treatment,0
28.03.2023,203252,old,treatment,0
28.03.2023,202401,new,control,0
28.03.2023,202899,old,control,0
28.03.2023,202535,old,control,0
28.03.2023,210182,old,treatment,0
28.03.2023,208830,old,treatment,0
28.03.2023,202690,old,treatment,0
28.03.2023,206782,new,treatment,0
28.03.2023,208674,old,treatment,1
28.03.2023,202268,old,treatment,0
28.03.2023,203879,new,control,0
28.03.2023,201222,new,treatment,0
28.03.2023,205932,new,treatment,0
28.03.2023,205552,old,treatment,0
28.03.2023,200958,new,treatment,0
28.03.2023,209600,old,treatment,0
28.03.2023,202178,new,treatment,0
28.03.2023,201278,old,treatment,0
28.03.2023,205398,new,treatment,0
28.03.2023,202709,old,control,0
28.03.2023,201851,old,control,0
28.03.2023,203625,old,control,0
28.03.2023,201947,old,control,0
28.03.2023,203903,old,control,0
28.03.2023,200875,new,control,1
28.03.2023,200990,new,treatment,0
28.03.2023,205318,old,treatment,0
28.03.2023,206590,old,treatment,0
28.03.2023,203323,new,control,0
28.03.2023,200190,old,treatment,0
28.03.2023,210622,old,treatment,0
28.03.2023,203658,old,treatment,0
28.03.2023,207113,new,control,0
28.03.2023,200341,old,control,0
28.03.2023,204340,old,treatment,0
28.03.2023,202328,old,treatment,0
28.03.2023,202201,new,control,0
28.03.2023,210656,new,treatment,0
28.03.2023,207529,old,control,0
28.03.2023,203705,old,control,0
28.03.2023,200287,old,control,0
28.03.2023,209963,old,control,0
28.03.2023,206918,old,treatment,0
28.03.2023,201361,new,control,0
28.03.2023,207637,old,control,0
28.03.2023,205623,old,control,0
28.03.2023,203919,new,control,0
28.03.2023,210514,new,treatment,0
28.03.2023,201713,old,control,0
28.03.2023,209128,old,treatment,0
28.03.2023,203859,old,control,0
28.03.2023,208117,old,control,0
28.03.2023,209977,new,control,0
28.03.2023,200044,old,treatment,0
28.03.2023,206697,old,control,0
28.03.2023,210496,new,treatment,0
28.03.2023,210903,new,control,0
28.03.2023,200897,new,control,0
28.03.2023,202963,old,control,0
28.03.2023,205683,new,control,0
28.03.2023,204039,old,control,0
28.03.2023,200454,new,treatment,0
28.03.2023,207717,new,control,0
28.03.2023,203329,old,control,0
28.03.2023,202212,new,treatment,0
28.03.2023,200580,new,treatment,1
28.03.2023,201694,old,treatment,1
28.03.2023,202746,old,treatment,0
28.03.2023,208685,new,control,0
28.03.2023,207339,new,control,0
28.03.2023,205350,old,treatment,0
28.03.2023,201931,new,control,0
28.03.2023,209736,old,treatment,0
28.03.2023,210753,new,control,0
28.03.2023,201404,old,treatment,0
28.03.2023,202082,old,treatment,0
28.03.2023,207910,old,treatment,0
28.03.2023,210556,old,treatment,0
28.03.2023,208940,old,treatment,0
28.03.2023,207917,old,control,0
28.03.2023,204925,old,control,0
28.03.2023,205000,old,treatment,0
28.03.2023,209853,new,control,0
28.03.2023,206100,old,treatment,0
28.03.2023,200574,old,treatment,1
28.03.2023,209523,new,control,0
28.03.2023,207715,old,control,0
28.03.2023,203001,new,control,0
28.03.2023,204893,new,control,0
28.03.2023,201999,old,control,0
28.03.2023,204834,old,treatment,1
28.03.2023,210218,new,treatment,0
28.03.2023,200832,new,treatment,0
28.03.2023,204184,new,treatment,0
28.03.2023,201976,old,treatment,0
28.03.2023,202956,new,treatment,0
29.03.2023,203626,new,treatment,0
29.03.2023,207364,old,treatment,0
29.03.2023,202292,new,treatment,0
29.03.2023,204461,old,control,0
29.03.2023,200439,old,control,0
29.03.2023,202139,old,control,0
29.03.2023,204620,old,treatment,0
29.03.2023,209170,old,treatment,0
29.03.2023,207893,old,control,1
29.03.2023,201799,old,control,0
29.03.2023,210851,new,control,0
29.03.2023,202460,old,treatment,0
29.03.2023,207930,old,treatment,0
29.03.2023,202818,old,treatment,0
29.03.2023,203911,new,control,0
29.03.2023,207327,old,control,0
29.03.2023,209034,old,treatment,1
29.03.2023,201972,old,treatment,0
29.03.2023,207929,old,control,0
29.03.2023,204362,old,treatment,0
29.03.2023,206813,new,control,0
29.03.2023,200657,old,control,0
29.03.2023,209775,new,control,0
29.03.2023,203313,old,control,0
29.03.2023,205697,old,control,0
29.03.2023,202598,new,treatment,0
29.03.2023,203804,new,treatment,0
29.03.2023,203569,old,control,0
29.03.2023,209979,new,control,0
29.03.2023,204897,new,control,0
29.03.2023,201292,old,treatment,0
29.03.2023,210891,new,control,0
29.03.2023,209688,new,treatment,0
29.03.2023,204719,old,control,0
29.03.2023,208825,new,control,1
29.03.2023,201487,old,control,0
29.03.2023,205558,old,treatment,0
29.03.2023,207621,old,control,0
29.03.2023,208177,old,control,0
29.03.2023,208492,old,treatment,0
29.03.2023,203023,new,control,0
29.03.2023,209808,old,treatment,0
29.03.2023,208353,new,control,0
29.03.2023,209145,old,control,0
29.03.2023,210267,old,control,0
29.03.2023,209287,old,control,0
29.03.2023,201969,old,control,0
29.03.2023,202124,old,treatment,0
29.03.2023,207788,old,treatment,0
29.03.2023,210449,old,control,0
29.03.2023,200683,new,control,0
29.03.2023,209734,old,treatment,0
29.03.2023,203899,new,control,0
29.03.2023,208421,new,control,0
29.03.2023,208214,new,treatment,0
29.03.2023,207701,old,control,0
29.03.2023,207306,old,treatment,0
29.03.2023,205333,old,control,0
29.03.2023,209125,new,control,1
29.03.2023,208745,old,control,0
29.03.2023,210457,old,control,0
29.03.2023,205732,old,treatment,0
29.03.2023,203288,old,treatment,0
29.03.2023,200695,old,control,0
29.03.2023,208483,old,control,0
29.03.2023,209975,new,control,0
29.03.2023,202663,old,control,0
29.03.2023,210110,new,treatment,0
29.03.2023,205841,old,control,0
29.03.2023,203263,old,control,0
29.03.2023,206354,old,treatment,0
29.03.2023,204999,new,control,0
29.03.2023,207042,old,treatment,0
29.03.2023,208322,old,treatment,0
29.03.2023,202828,new,treatment,0
29.03.2023,210617,old,control,0
29.03.2023,205531,new,control,0
29.03.2023,204371,new,control,0
29.03.2023,206859,old,control,0
29.03.2023,200192,new,treatment,0
29.03.2023,208855,new,control,0
29.03.2023,210008,new,treatment,0
29.03.2023,205466,new,treatment,0
29.03.2023,207272,old,treatment,0
29.03.2023,207588,old,treatment,0
29.03.2023,203046,old,treatment,0
29.03.2023,209514,new,treatment,0
29.03.2023,204480,new,treatment,0
29.03.2023,210159,new,control,0
29.03.2023,200316,old,treatment,0
29.03.2023,200729,old,control,0
29.03.2023,209599,old,control,0
29.03.2023,208822,old,treatment,0
29.03.2023,203968,old,treatment,0
29.03.2023,201003,new,control,0
29.03.2023,210118,old,treatment,0
29.03.2023,201202,new,treatment,0
29.03.2023,201841,old,control,0
29.03.2023,208412,old,treatment,0
29.03.2023,210812,new,treatment,0
29.03.2023,202386,old,treatment,0
29.03.2023,207966,old,treatment,0
29.03.2023,203243,new,control,0
29.03.2023,202837,old,control,0
29.03.2023,209133,new,control,0
29.03.2023,206297,new,control,0
29.03.2023,202488,new,treatment,0
29.03.2023,209321,new,control,0
29.03.2023,206019,new,control,0
29.03.2023,207850,new,treatment,0
29.03.2023,207270,new,treatment,0
29.03.2023,202763,old,control,0
29.03.2023,204404,old,treatment,1
29.03.2023,204529,old,control,0
29.03.2023,210764,new,treatment,0
29.03.2023,204716,new,treatment,0
29.03.2023,200540,old,treatment,0
29.03.2023,204484,old,treatment,1
29.03.2023,209765,new,control,0
29.03.2023,202565,new,control,0
29.03.2023,206641,new,control,0
29.03.2023,204628,old,treatment,0
29.03.2023,208012,old,treatment,0
29.03.2023,200782,old,treatment,0
29.03.2023,203160,old,treatment,0
29.03.2023,207537,new,control,0
29.03.2023,209317,old,control,0
29.03.2023,203854,old,treatment,0
29.03.2023,203353,new,control,0
29.03.2023,201207,old,control,0
29.03.2023,202452,old,treatment,0
29.03.2023,206734,old,treatment,1
29.03.2023,210676,old,treatment,0
29.03.2023,200057,old,control,0
29.03.2023,206318,old,treatment,0
29.03.2023,208029,old,control,0
29.03.2023,203002,old,treatment,0
29.03.2023,207959,old,control,0
29.03.2023,205422,new,treatment,0
29.03.2023,203953,old,control,0
29.03.2023,203127,new,control,0
29.03.2023,201672,old,treatment,0
29.03.2023,204303,old,control,0
29.03.2023,202716,old,treatment,0
29.03.2023,200344,old,treatment,0
29.03.2023,206050,old,treatment,0
29.03.2023,204026,new,treatment,0
29.03.2023,204549,new,control,0
29.03.2023,206372,new,treatment,0
29.03.2023,209322,new,treatment,0
29.03.2023,206034,old,treatment,0
29.03.2023,204348,new,treatment,1
29.03.2023,201458,new,treatment,0
29.03.2023,210582,new,treatment,0
29.03.2023,207366,new,treatment,0
29.03.2023,209363,new,control,0
29.03.2023,203690,old,treatment,0
29.03.2023,204713,old,control,0
29.03.2023,208141,old,control,0
29.03.2023,206691,old,control,0
29.03.2023,205511,new,control,0
29.03.2023,207694,new,treatment,0
29.03.2023,200922,old,treatment,0
29.03.2023,204743,new,control,0
29.03.2023,200554,old,treatment,0
30.03.2023,206580,old,treatment,0
30.03.2023,205265,old,control,0
30.03.2023,203556,new,treatment,0
30.03.2023,208435,new,control,0
30.03.2023,203059,new,control,0
30.03.2023,204878,new,treatment,0
30.03.2023,209064,new,treatment,0
30.03.2023,207468,old,treatment,0
30.03.2023,200755,new,control,0
30.03.2023,203246,old,treatment,0
30.03.2023,210430,old,treatment,0
30.03.2023,202939,old,control,0
30.03.2023,209099,new,control,0
30.03.2023,206927,new,control,0
30.03.2023,206395,new,control,0
30.03.2023,200816,old,treatment,0
30.03.2023,200417,new,control,0
30.03.2023,200372,old,treatment,0
30.03.2023,204725,old,control,0
30.03.2023,204865,new,control,0
30.03.2023,200012,new,treatment,0
30.03.2023,210451,old,control,0
30.03.2023,200094,old,treatment,0
30.03.2023,206438,old,treatment,0
30.03.2023,202753,old,control,0
30.03.2023,202697,new,control,0
30.03.2023,210004,old,treatment,0
30.03.2023,204425,old,control,0
30.03.2023,208954,old,treatment,1
30.03.2023,206578,new,treatment,0
30.03.2023,208571,old,control,0
30.03.2023,202964,new,treatment,0
30.03.2023,203378,new,treatment,0
30.03.2023,201843,old,control,0
30.03.2023,200139,old,control,0
30.03.2023,208621,old,control,0
30.03.2023,201569,old,control,0
30.03.2023,205680,new,treatment,0
30.03.2023,203013,new,control,0
30.03.2023,206733,new,control,0
30.03.2023,201619,old,control,0
30.03.2023,200403,old,control,0
30.03.2023,206220,new,treatment,0
30.03.2023,208181,new,control,0
30.03.2023,201861,old,control,0
30.03.2023,206045,old,control,0
30.03.2023,206269,new,control,0
30.03.2023,202537,new,control,1
30.03.2023,203028,old,treatment,0
30.03.2023,204544,new,treatment,0
30.03.2023,207705,old,control,0
30.03.2023,205436,old,treatment,0
30.03.2023,204316,new,treatment,0
30.03.2023,204653,new,control,0
30.03.2023,206380,old,treatment,0
30.03.2023,205106,old,treatment,0
30.03.2023,202572,new,treatment,1
30.03.2023,208631,old,control,0
30.03.2023,210728,old,treatment,0
30.03.2023,203841,old,control,0
30.03.2023,202551,new,control,0
30.03.2023,208573,old,control,0
30.03.2023,205944,old,treatment,0
30.03.2023,204506,new,treatment,0
30.03.2023,205152,old,treatment,0
30.03.2023,203087,new,control,0
30.03.2023,203034,old,treatment,1
30.03.2023,208292,old,treatment,0
30.03.2023,210027,old,control,0
30.03.2023,206444,new,treatment,0
30.03.2023,202787,new,control,0
30.03.2023,202296,old,treatment,0
30.03.2023,203831,old,control,0
30.03.2023,200169,old,control,1
30.03.2023,209025,new,control,0
30.03.2023,205216,old,treatment,0
30.03.2023,202815,old,control,0
30.03.2023,203054,new,treatment,0
30.03.2023,203434,old,treatment,1
30.03.2023,203077,old,control,0
30.03.2023,201107,new,control,0
30.03.2023,201494,old,treatment,0
30.03.2023,206619,new,control,0
30.03.2023,200629,new,control,0
30.03.2023,208542,new,treatment,0
30.03.2023,210721,old,control,0
30.03.2023,202504,new,treatment,0
30.03.2023,207029,old,control,0
30.03.2023,203280,old,treatment,0
30.03.2023,202659,new,control,0
30.03.2023,207038,old,treatment,0
30.03.2023,206702,old,treatment,0
30.03.2023,200355,old,control,0
30.03.2023,205143,old,control,0
30.03.2023,209113,new,control,0
30.03.2023,208847,new,control,0
30.03.2023,201155,old,control,0
30.03.2023,206878,old,treatment,0
30.03.2023,201466,new,treatment,0
30.03.2023,207845,old,control,0
30.03.2023,206295,old,control,0
30.03.2023,210075,old,control,0
30.03.2023,201777,old,control,0
30.03.2023,201675,new,control,0
30.03.2023,200127,new,control,0
30.03.2023,207321,new,control,0
30.03.2023,203341,new,control,0
30.03.2023,200900,new,treatment,0
30.03.2023,202585,new,control,0
30.03.2023,208543,old,control,0
30.03.2023,201168,new,treatment,0
30.03.2023,203632,old,treatment,0
30.03.2023,211002,old,treatment,0
30.03.2023,201746,new,treatment,0
30.03.2023,209831,new,control,0
30.03.2023,209324,new,treatment,0
30.03.2023,208653,new,control,0
30.03.2023,206519,new,control,0
30.03.2023,210791,old,control,0
30.03.2023,209527,old,control,0
30.03.2023,204499,new,control,0
30.03.2023,201735,new,control,0
30.03.2023,207455,new,control,0
30.03.2023,204634,new,treatment,0
30.03.2023,201034,new,treatment,0
30.03.2023,200233,old,control,0
30.03.2023,200307,new,control,0
30.03.2023,203299,old,control,0
30.03.2023,209521,new,control,0
30.03.2023,209230,new,treatment,0
30.03.2023,207205,old,control,1
30.03.2023,210666,old,treatment,0
30.03.2023,207064,old,treatment,0
30.03.2023,200356,old,treatment,0
30.03.2023,204487,old,control,0
30.03.2023,204835,old,control,1
30.03.2023,210610,old,treatment,1
30.03.2023,208405,old,control,0
30.03.2023,201450,new,treatment,0
30.03.2023,206506,new,treatment,0
30.03.2023,200756,old,treatment,0
30.03.2023,204892,old,treatment,0
30.03.2023,208217,old,control,0
30.03.2023,204867,old,control,0
30.03.2023,206049,new,control,0
30.03.2023,205156,new,treatment,0
30.03.2023,207216,new,treatment,0
30.03.2023,206627,old,control,0
30.03.2023,201186,new,treatment,0
30.03.2023,203205,old,control,0
30.03.2023,209323,old,control,0
30.03.2023,200811,old,control,0
30.03.2023,210845,old,control,0
30.03.2023,202184,new,treatment,0
30.03.2023,208677,old,control,0
30.03.2023,201547,old,control,0
30.03.2023,209226,old,treatment,0
30.03.2023,208529,old,control,0
30.03.2023,209431,new,control,0
30.03.2023,202630,old,treatment,0
30.03.2023,206188,new,treatment,0
30.03.2023,206260,old,treatment,0
30.03.2023,207709,new,control,0
30.03.2023,201618,old,treatment,0
30.03.2023,209621,old,control,0
31.03.2023,209412,old,treatment,0
31.03.2023,207550,old,treatment,0
31.03.2023,206706,new,treatment,1
31.03.2023,205285,old,control,0
31.03.2023,205668,old,treatment,0
31.03.2023,205666,old,treatment,0
31.03.2023,207727,old,control,0
31.03.2023,205359,new,control,0
31.03.2023,209010,old,treatment,0
31.03.2023,204477,old,control,0
31.03.2023,204222,old,treatment,0
31.03.2023,205780,new,treatment,0
31.03.2023,201061,new,control,0
31.03.2023,204779,old,control,0
31.03.2023,204386,new,treatment,0
31.03.2023,203701,old,control,1
31.03.2023,209318,old,treatment,0
31.03.2023,206194,old,treatment,0
31.03.2023,206866,new,treatment,0
31.03.2023,204080,new,treatment,0
31.03.2023,203148,old,treatment,0
31.03.2023,209669,old,control,0
31.03.2023,210195,old,control,0
31.03.2023,204440,new,treatment,0
31.03.2023,209175,old,control,0
31.03.2023,200210,new,treatment,0
31.03.2023,203993,new,control,1
31.03.2023,202912,old,treatment,0
31.03.2023,208204,new,treatment,1
31.03.2023,200704,old,treatment,0
31.03.2023,209193,old,control,0
31.03.2023,203022,new,treatment,0
31.03.2023,204110,old,treatment,0
31.03.2023,206165,old,control,0
31.03.2023,206218,old,treatment,0
31.03.2023,200656,old,treatment,0
31.03.2023,205369,old,control,0
31.03.2023,207911,old,control,0
31.03.2023,207071,new,control,1
31.03.2023,202708,new,treatment,0
31.03.2023,209874,old,treatment,0
31.03.2023,203809,new,control,0
31.03.2023,208331,new,control,0
31.03.2023,206556,old,treatment,0
31.03.2023,201878,old,treatment,0
31.03.2023,209547,new,control,0
31.03.2023,204591,new,control,0
31.03.2023,200241,new,control,0
31.03.2023,209973,new,control,0
31.03.2023,204829,old,control,0
31.03.2023,210217,old,control,0
31.03.2023,208667,new,control,0
31.03.2023,203456,old,treatment,0
31.03.2023,207542,new,treatment,0
31.03.2023,209044,old,treatment,0
31.03.2023,200116,old,treatment,0
31.03.2023,200539,old,control,0
31.03.2023,200570,old,treatment,0
31.03.2023,203795,old,control,0
31.03.2023,204310,new,treatment,0
31.03.2023,206435,new,control,0
31.03.2023,200792,new,treatment,0
31.03.2023,206515,old,control,0
31.03.2023,210397,new,control,0
31.03.2023,205406,new,treatment,0
31.03.2023,207131,new,control,1
31.03.2023,205768,old,treatment,0
31.03.2023,210435,new,control,0
31.03.2023,208308,old,treatment,0
31.03.2023,206704,old,treatment,0
31.03.2023,209646,new,treatment,0
31.03.2023,202518,new,treatment,0
31.03.2023,204658,new,treatment,0
31.03.2023,207189,old,control,0
31.03.2023,203534,new,treatment,0
31.03.2023,209233,new,control,0
31.03.2023,207955,new,control,0
31.03.2023,206512,old,treatment,0
31.03.2023,202074,old,treatment,1
31.03.2023,205789,new,control,0
31.03.2023,206524,old,treatment,0
31.03.2023,205954,old,treatment,0
31.03.2023,200075,old,control,0
31.03.2023,207065,old,control,0
31.03.2023,209532,new,treatment,0
31.03.2023,210162,old,treatment,0
31.03.2023,201124,new,treatment,0
31.03.2023,201766,old,treatment,0
31.03.2023,210193,old,control,0
31.03.2023,210413,old,control,0
31.03.2023,206178,new,treatment,1
31.03.2023,205110,new,treatment,0
31.03.2023,206985,old,control,0
31.03.2023,208860,old,treatment,0
31.03.2023,203773,new,control,0
31.03.2023,210920,new,treatment,0
31.03.2023,205979,old,control,0
31.03.2023,201971,old,control,0
31.03.2023,207608,old,treatment,0
31.03.2023,205384,new,treatment,1
31.03.2023,210191,new,control,0
31.03.2023,208643,new,control,0
31.03.2023,207613,old,control,0
31.03.2023,200194,old,treatment,0
31.03.2023,201228,new,treatment,0
31.03.2023,209379,old,control,0
31.03.2023,201885,old,control,0
31.03.2023,202813,old,control,0
31.03.2023,209615,new,control,0
31.03.2023,205986,old,treatment,0
31.03.2023,202664,new,treatment,0
31.03.2023,200855,new,control,0
31.03.2023,207734,old,treatment,0
31.03.2023,202952,new,treatment,0
31.03.2023,205475,old,control,0
31.03.2023,210771,new,control,0
31.03.2023,209596,old,treatment,1
31.03.2023,206725,new,control,0
31.03.2023,209394,new,treatment,0
31.03.2023,201944,old,treatment,0
31.03.2023,201973,new,control,0
31.03.2023,210677,old,control,0
31.03.2023,209069,new,control,0
31.03.2023,208678,new,treatment,0
31.03.2023,207271,new,control,0
31.03.2023,208261,old,control,0
31.03.2023,202918,old,treatment,0
31.03.2023,206786,old,treatment,0
31.03.2023,202581,old,control,0
31.03.2023,209654,old,treatment,0
31.03.2023,207696,new,treatment,1
31.03.2023,208497,old,control,0
31.03.2023,204245,new,control,0
31.03.2023,205207,new,control,0
31.03.2023,201631,new,control,0
31.03.2023,205282,new,treatment,1
31.03.2023,207288,old,treatment,0
31.03.2023,205627,new,control,0
31.03.2023,202510,new,treatment,0
31.03.2023,200839,old,control,0
31.03.2023,208640,old,treatment,0
31.03.2023,210107,new,control,0
31.03.2023,206634,old,treatment,0
31.03.2023,205889,old,control,0
31.03.2023,208030,old,treatment,0
31.03.2023,203151,new,control,0
31.03.2023,206417,old,control,0
31.03.2023,208409,old,control,0
31.03.2023,205036,old,treatment,0
31.03.2023,210436,old,treatment,0
31.03.2023,206620,new,treatment,0
31.03.2023,202196,old,treatment,0
31.03.2023,202517,new,control,0
31.03.2023,202976,new,treatment,0
31.03.2023,201132,old,treatment,0
31.03.2023,209453,old,control,0
31.03.2023,207264,new,treatment,0
31.03.2023,201846,new,treatment,0
31.03.2023,200783,new,control,0
31.03.2023,203264,old,treatment,0
31.03.2023,200819,old,control,0
31.03.2023,207395,new,control,1
31.03.2023,200606,old,treatment,0
31.03.2023,201775,old,control,0
31.03.2023,207050,new,treatment,0
01.04.2023,206548,old,treatment,0
01.04.2023,206474,old,treatment,1
01.04.2023,208338,old,treatment,0
01.04.2023,203197,old,control,0
01.04.2023,202865,old,control,0
01.04.2023,207859,old,control,0
01.04.2023,204960,old,treatment,0
01.04.2023,208445,old,control,0
01.04.2023,206326,new,treatment,0
01.04.2023,201736,old,treatment,0
01.04.2023,208931,new,control,1
01.04.2023,207116,old,treatment,0
01.04.2023,210497,old,control,0
01.04.2023,201462,new,treatment,0
01.04.2023,205598,new,treatment,0
01.04.2023,204112,new,treatment,0
01.04.2023,209693,new,control,0
01.04.2023,200415,old,control,1
01.04.2023,200472,new,treatment,0
01.04.2023,209434,old,treatment,0
01.04.2023,201930,old,treatment,0
01.04.2023,203256,old,treatment,0
01.04.2023,201126,old,treatment,0
01.04.2023,203805,old,control,0
01.04.2023,205329,old,control,0
01.04.2023,204372,new,treatment,0
01.04.2023,201014,new,treatment,1
01.04.2023,210321,new,control,0
01.04.2023,207394,old,treatment,0
01.04.2023,208985,new,control,0
01.04.2023,204006,old,treatment,0
01.04.2023,204443,new,control,1
01.04.2023,201722,old,treatment,0
01.04.2023,202888,old,treatment,0
01.04.2023,201090,old,treatment,0
01.04.2023,210461,new,control,0
01.04.2023,203763,old,control,0
01.04.2023,207711,new,control,0
01.04.2023,207693,old,control,0
01.04.2023,204367,old,control,0
01.04.2023,207371,old,control,0
01.04.2023,209854,new,treatment,0
01.04.2023,209691,old,control,0
01.04.2023,209777,old,control,0
01.04.2023,200941,old,control,0
01.04.2023,209143,new,control,0
01.04.2023,208815,old,control,0
01.04.2023,209115,old,control,0
01.04.2023,207636,old,treatment,0
01.04.2023,209866,new,treatment,0
01.04.2023,202491,old,control,0
01.04.2023,203869,old,control,1
01.04.2023,209728,old,treatment,1
01.04.2023,201733,new,control,0
01.04.2023,205840,new,treatment,0
01.04.2023,207892,new,treatment,1
01.04.2023,203360,old,treatment,0
01.04.2023,210443,old,control,0
01.04.2023,201727,old,control,0
01.04.2023,204611,old,control,1
01.04.2023,204795,old,control,0
01.04.2023,200061,old,control,0
01.04.2023,203587,old,control,0
01.04.2023,201113,old,control,0
01.04.2023,204987,new,control,0
01.04.2023,203920,old,treatment,0
01.04.2023,206192,new,treatment,0
01.04.2023,209186,new,treatment,0
01.04.2023,201808,old,treatment,0
01.04.2023,209598,new,treatment,0
01.04.2023,206839,old,control,1
01.04.2023,210501,new,control,0
01.04.2023,204942,new,treatment,0
01.04.2023,208771,new,control,0
01.04.2023,206881,old,control,0
01.04.2023,210665,old,control,0
01.04.2023,206208,new,treatment,1
01.04.2023,209539,old,control,1
01.04.2023,207993,old,control,0
01.04.2023,206669,new,control,0
01.04.2023,210749,new,control,0
01.04.2023,208690,new,treatment,0
01.04.2023,204274,old,treatment,0
01.04.2023,207154,old,treatment,1
01.04.2023,204966,new,treatment,0
01.04.2023,209557,new,control,0
01.04.2023,203413,new,control,0
01.04.2023,204586,new,treatment,0
01.04.2023,203171,old,control,0
01.04.2023,201572,old,treatment,0
01.04.2023,203079,new,control,0
01.04.2023,205237,new,control,0
01.04.2023,208650,old,treatment,0
01.04.2023,205284,old,treatment,0
01.04.2023,204794,old,treatment,0
01.04.2023,200087,old,control,0
01.04.2023,200939,old,control,0
01.04.2023,201609,old,control,0
01.04.2023,200726,new,treatment,0
01.04.2023,203621,old,control,0
01.04.2023,201492,new,treatment,0
01.04.2023,203460,new,treatment,0
01.04.2023,203943,old,control,0
01.04.2023,207443,old,control,0
01.04.2023,210091,new,control,0
01.04.2023,207068,old,treatment,0
01.04.2023,209618,old,treatment,0
01.04.2023,204669,new,control,0
01.04.2023,204189,old,control,0
01.04.2023,205114,old,treatment,0
01.04.2023,210076,old,treatment,0
01.04.2023,206321,old,control,0
01.04.2023,206476,new,treatment,0
01.04.2023,208511,new,control,0
01.04.2023,203220,new,treatment,0
01.04.2023,200150,new,treatment,0
01.04.2023,203365,old,control,0
01.04.2023,201774,new,treatment,0
01.04.2023,210612,new,treatment,0
01.04.2023,203572,old,treatment,0
01.04.2023,208813,old,control,0
01.04.2023,206166,new,treatment,0
01.04.2023,209050,old,treatment,0
01.04.2023,200363,old,control,0
01.04.2023,210637,old,control,0
01.04.2023,203873,new,control,0
01.04.2023,204831,old,control,0
01.04.2023,203929,new,control,0
01.04.2023,208414,new,treatment,0
01.04.2023,207736,old,treatment,0
01.04.2023,203298,old,treatment,0
01.04.2023,204775,old,control,0
01.04.2023,200798,old,treatment,0
01.04.2023,201489,new,control,0
01.04.2023,200665,new,control,0
01.04.2023,208576,old,treatment,1
01.04.2023,208078,new,treatment,1
01.04.2023,200487,new,control,0
01.04.2023,206071,new,control,0
01.04.2023,202206,old,treatment,0
01.04.2023,202796,new,treatment,0
01.04.2023,205653,old,control,1
01.04.2023,206113,new,control,0
01.04.2023,209090,old,treatment,0
01.04.2023,209990,old,treatment,0
01.04.2023,208392,new,treatment,0
01.04.2023,200700,old,treatment,0
01.04.2023,208732,new,treatment,0
01.04.2023,209607,old,control,1
01.04.2023,208960,old,treatment,0
01.04.2023,200283,old,control,0
01.04.2023,208407,new,control,0
01.04.2023,202171,old,control,0
01.04.2023,201461,old,control,0
01.04.2023,207215,new,control,0
01.04.2023,206774,old,treatment,0
01.04.2023,204343,old,control,0
01.04.2023,203506,old,treatment,0
01.04.2023,204076,old,treatment,0
01.04.2023,209055,new,control,0
01.04.2023,208488,old,treatment,1
01.04.2023,206331,old,control,0
01.04.2023,203307,new,control,0
01.04.2023,210813,old,control,0
01.04.2023,203975,new,control,1
02.04.2023,210858,old,treatment,1
02.04.2023,204917,old,control,1
02.04.2023,204036,old,treatment,0
02.04.2023,206955,new,control,0
02.04.2023,206344,new,treatment,0
02.04.2023,204609,old,control,0
02.04.2023,205233,new,control,0
02.04.2023,203165,old,control,0
02.04.2023,200586,new,treatment,0
02.04.2023,202233,old,control,0
02.04.2023,203789,old,control,1
02.04.2023,209329,old,control,0
02.04.2023,201697,new,control,0
02.04.2023,201294,new,treatment,1
02.04.2023,207017,old,control,0
02.04.2023,200507,old,control,0
02.04.2023,204745,old,control,0
02.04.2023,211032,old,treatment,0
02.04.2023,210220,old,treatment,1
02.04.2023,205790,old,treatment,0
02.04.2023,209094,new,treatment,1
02.04.2023,201518,new,treatment,0
02.04.2023,209824,new,treatment,0
02.04.2023,201340,old,treatment,0
02.04.2023,206822,old,treatment,1
02.04.2023,206158,old,treatment,0
02.04.2023,202422,old,treatment,0
02.04.2023,204976,old,treatment,0
02.04.2023,206980,new,treatment,0
02.04.2023,201119,new,control,0
02.04.2023,211001,old,control,0
02.04.2023,209942,old,treatment,0
02.04.2023,205441,old,control,0
02.04.2023,200615,new,control,0
02.04.2023,203504,new,treatment,0
02.04.2023,200728,old,treatment,0
02.04.2023,204810,old,treatment,0
02.04.2023,206707,new,control,0
02.04.2023,204879,old,control,0
02.04.2023,205326,new,treatment,0
02.04.2023,210571,old,control,0
02.04.2023,201393,old,control,0
02.04.2023,204456,old,treatment,0
02.04.2023,210662,new,treatment,0
02.04.2023,210800,old,treatment,0
02.04.2023,203189,old,control,0
02.04.2023,208426,old,treatment,0
02.04.2023,204191,new,control,0
02.04.2023,206586,new,treatment,0
02.04.2023,209966,old,treatment,0
02.04.2023,200066,new,treatment,0
02.04.2023,200712,new,treatment,0
02.04.2023,202265,old,control,0
02.04.2023,200840,old,treatment,0
02.04.2023,201749,new,control,0
02.04.2023,205365,old,control,0
02.04.2023,205287,new,control,0
02.04.2023,207059,new,control,0
02.04.2023,207051,new,control,1
02.04.2023,210221,new,control,0
02.04.2023,206648,new,treatment,0
02.04.2023,209928,new,treatment,0
02.04.2023,209052,new,treatment,0
02.04.2023,207649,new,control,0
02.04.2023,207814,new,treatment,0
02.04.2023,206117,old,control,0
02.04.2023,205520,new,treatment,0
02.04.2023,202856,new,treatment,0
02.04.2023,203039,old,control,0
02.04.2023,206132,old,treatment,0
02.04.2023,208135,old,control,0
02.04.2023,204988,old,treatment,0
02.04.2023,203082,new,treatment,0
02.04.2023,206842,new,treatment,0
02.04.2023,206599,new,control,0
02.04.2023,204938,new,treatment,0
02.04.2023,200022,new,treatment,0
02.04.2023,206257,new,control,0
02.04.2023,210164,old,treatment,0
02.04.2023,210561,old,control,1
02.04.2023,209927,old,control,0
02.04.2023,210491,old,control,0
02.04.2023,202727,old,control,0
02.04.2023,207435,old,control,0
02.04.2023,207854,new,treatment,0
02.04.2023,203275,old,control,0
02.04.2023,203114,old,treatment,0
02.04.2023,207014,new,treatment,0
02.04.2023,202646,old,treatment,0
02.04.2023,202582,old,treatment,0
02.04.2023,210284,old,treatment,0
02.04.2023,208131,new,control,0
02.04.2023,200002,old,treatment,0
02.04.2023,202051,old,control,0
02.04.2023,204045,old,control,0
02.04.2023,205644,new,treatment,0
02.04.2023,200815,new,control,0
02.04.2023,200205,new,control,0
02.04.2023,201872,new,treatment,1
02.04.2023,207822,old,treatment,0
02.04.2023,201013,old,control,0
02.04.2023,202165,old,control,0
02.04.2023,203218,new,treatment,0
02.04.2023,202425,old,control,0
02.04.2023,205662,new,treatment,0
02.04.2023,209157,new,control,0
02.04.2023,207318,new,treatment,0
02.04.2023,200908,new,treatment,0
02.04.2023,204746,old,treatment,0
02.04.2023,210733,old,control,0
02.04.2023,205054,old,treatment,0
02.04.2023,206415,new,control,0
02.04.2023,200906,old,treatment,0
02.04.2023,204429,old,control,0
02.04.2023,206408,old,treatment,0
02.04.2023,208140,new,treatment,0
02.04.2023,210246,old,treatment,0
02.04.2023,202962,old,treatment,0
02.04.2023,204989,old,control,0
02.04.2023,201534,old,treatment,0
02.04.2023,206827,old,control,0
02.04.2023,202756,new,treatment,0
02.04.2023,205698,new,treatment,0
02.04.2023,200265,new,control,0
02.04.2023,208466,new,treatment,0
02.04.2023,208790,old,treatment,0
02.04.2023,207096,new,treatment,0
02.04.2023,206324,old,treatment,0
02.04.2023,202673,old,control,0
02.04.2023,205995,new,control,0
02.04.2023,205820,old,treatment,0
02.04.2023,207268,new,treatment,0
02.04.2023,201139,new,control,0
02.04.2023,206418,old,treatment,0
02.04.2023,202205,new,control,0
02.04.2023,205921,old,control,0
02.04.2023,200874,new,treatment,0
02.04.2023,202378,old,treatment,0
02.04.2023,203618,old,treatment,0
02.04.2023,202539,new,control,0
02.04.2023,204853,old,control,0
02.04.2023,207162,old,treatment,0
02.04.2023,206952,new,treatment,0
02.04.2023,210645,new,control,0
02.04.2023,201307,old,control,0
02.04.2023,210716,old,treatment,0
02.04.2023,210230,old,treatment,0
02.04.2023,203400,old,treatment,0
02.04.2023,207916,old,treatment,0
02.04.2023,206347,new,control,0
02.04.2023,210261,new,control,0
02.04.2023,207008,new,treatment,0
02.04.2023,208033,old,control,0
02.04.2023,209994,new,treatment,0
02.04.2023,206411,new,control,0
02.04.2023,208548,old,treatment,0
02.04.2023,204916,new,treatment,0
02.04.2023,206819,old,control,0
02.04.2023,203007,new,control,0
02.04.2023,206658,new,treatment,0
02.04.2023,209028,new,treatment,0
02.04.2023,206182,old,treatment,1
02.04.2023,201785,new,control,0
02.04.2023,202762,old,treatment,0
02.04.2023,207180,new,treatment,0
03.04.2023,201357,old,control,1
03.04.2023,210092,old,treatment,0
03.04.2023,208710,old,treatment,0
03.04.2023,206748,old,treatment,0
03.04.2023,204649,old,control,0
03.04.2023,206249,new,control,0
03.04.2023,205070,new,treatment,0
03.04.2023,209617,new,control,0
03.04.2023,209219,new,control,0
03.04.2023,200562,old,treatment,0
03.04.2023,205391,old,control,0
03.04.2023,205480,old,treatment,0
03.04.2023,202471,old,control,0
03.04.2023,202310,old,treatment,0
03.04.2023,200466,new,treatment,0
03.04.2023,208930,old,treatment,0
03.04.2023,205427,new,control,0
03.04.2023,201417,new,control,0
03.04.2023,204437,old,control,0
03.04.2023,208005,new,control,0
03.04.2023,209210,old,treatment,0
03.04.2023,204774,old,treatment,0
03.04.2023,209716,new,treatment,0
03.04.2023,205065,new,control,0
03.04.2023,200453,old,control,1
03.04.2023,201571,old,control,0
03.04.2023,206607,old,control,0
03.04.2023,204890,new,treatment,0
03.04.2023,201486,old,treatment,0
03.04.2023,202370,new,treatment,0
03.04.2023,200420,new,treatment,0
03.04.2023,202111,old,control,0
03.04.2023,200751,old,control,0
03.04.2023,210681,new,control,0
03.04.2023,205471,old,control,0
03.04.2023,210613,new,control,0
03.04.2023,201630,new,treatment,1
03.04.2023,203131,new,control,0
03.04.2023,200913,new,control,0
03.04.2023,209335,new,control,0
03.04.2023,209846,old,treatment,0
03.04.2023,208002,new,treatment,0
03.04.2023,206433,old,control,0
03.04.2023,203408,new,treatment,0
03.04.2023,208896,new,treatment,0
03.04.2023,200763,old,control,1
03.04.2023,204357,new,control,0
03.04.2023,202262,new,treatment,0
03.04.2023,202660,old,treatment,0
03.04.2023,204082,new,treatment,1
03.04.2023,201331,old,control,0
03.04.2023,209473,old,control,0
03.04.2023,210619,old,control,0
03.04.2023,209839,new,control,0
03.04.2023,206029,new,control,0
03.04.2023,203544,old,treatment,0
03.04.2023,208659,old,control,0
03.04.2023,206705,new,control,0
03.04.2023,205118,new,treatment,0
03.04.2023,210576,new,treatment,0
03.04.2023,207433,old,control,0
03.04.2023,208862,old,treatment,0
03.04.2023,210657,old,control,0
03.04.2023,210952,old,treatment,0
03.04.2023,205800,new,treatment,0
03.04.2023,210202,new,treatment,0
03.04.2023,207591,old,control,0
03.04.2023,204199,new,control,0
03.04.2023,202429,old,control,0
03.04.2023,201997,old,control,0
03.04.2023,210354,old,treatment,0
03.04.2023,206021,old,control,0
03.04.2023,203043,old,control,0
03.04.2023,209253,new,control,0
03.04.2023,208684,old,treatment,0
03.04.2023,207635,old,control,0
03.04.2023,209592,new,treatment,1
03.04.2023,202750,new,treatment,0
03.04.2023,200500,new,treatment,0
03.04.2023,207733,old,control,0
03.04.2023,204176,old,treatment,0
03.04.2023,210864,old,treatment,0
03.04.2023,200630,new,treatment,0
03.04.2023,205423,old,control,0
03.04.2023,202276,old,treatment,1
03.04.2023,209457,new,control,0
03.04.2023,201823,new,control,0
03.04.2023,204394,new,treatment,0
03.04.2023,206002,old,treatment,0
03.04.2023,204272,old,treatment,0
03.04.2023,200006,old,treatment,0
03.04.2023,202145,new,control,0
03.04.2023,206156,old,treatment,0
03.04.2023,203969,new,control,1
03.04.2023,208023,new,control,1
03.04.2023,210649,new,control,1
03.04.2023,205509,old,control,0
03.04.2023,209795,old,control,0
03.04.2023,203846,new,treatment,0
03.04.2023,209066,new,treatment,0
03.04.2023,203631,old,control,0
03.04.2023,209122,new,treatment,0
03.04.2023,209847,old,control,0
03.04.2023,203203,old,control,0
03.04.2023,205091,new,control,0
03.04.2023,205717,old,control,0
03.04.2023,210918,old,treatment,0
03.04.2023,210335,old,control,1
03.04.2023,207674,new,treatment,0
03.04.2023,203455,old,control,0
03.04.2023,206567,old,control,0
03.04.2023,202735,old,control,0
03.04.2023,202484,old,treatment,0
03.04.2023,207138,old,treatment,0
03.04.2023,209877,old,control,0
03.04.2023,207626,old,treatment,0
03.04.2023,206086,old,treatment,0
03.04.2023,206741,new,control,0
03.04.2023,202607,new,control,0
03.04.2023,201721,old,control,0
03.04.2023,206333,old,control,1
03.04.2023,209284,old,treatment,0
03.04.2023,204973,old,control,0
03.04.2023,200253,old,control,0
03.04.2023,206762,old,treatment,0
03.04.2023,202930,new,treatment,0
03.04.2023,203478,new,treatment,0
03.04.2023,202094,old,treatment,0
03.04.2023,204349,old,control,0
03.04.2023,201864,new,treatment,0
03.04.2023,207796,new,treatment,0
03.04.2023,203143,old,control,0
03.04.2023,205567,new,control,0
03.04.2023,202225,new,control,0
03.04.2023,207680,old,treatment,0
03.04.2023,209109,old,control,0
03.04.2023,200804,old,treatment,0
03.04.2023,201402,old,treatment,0
03.04.2023,200536,old,treatment,0
03.04.2023,210781,new,control,0
03.04.2023,200828,new,treatment,1
03.04.2023,203816,old,treatment,0
03.04.2023,207672,new,treatment,0
03.04.2023,208988,old,treatment,0
03.04.2023,208452,new,treatment,0
03.04.2023,210278,old,treatment,0
03.04.2023,203012,new,treatment,1
03.04.2023,210507,new,control,0
03.04.2023,209456,old,treatment,0
03.04.2023,208963,old,control,0
03.04.2023,207511,old,control,0
03.04.2023,204715,new,control,0
03.04.2023,209016,old,treatment,0
03.04.2023,210569,old,control,0
03.04.2023,207380,old,treatment,1
03.04.2023,205094,new,treatment,0
03.04.2023,201184,new,treatment,0
03.04.2023,206604,old,treatment,0
03.04.2023,202298,new,treatment,0
03.04.2023,204354,old,treatment,0
03.04.2023,210651,old,control,0
03.04.2023,207995,old,control,0
03.04.2023,207575,new,control,0
03.04.2023,200431,old,control,0
03.04.2023,201257,new,control,0
04.04.2023,204165,new,control,0
04.04.2023,205048,old,treatment,0
04.04.2023,208901,new,control,0
04.04.2023,201956,new,treatment,0
04.04.2023,209231,old,control,0
04.04.2023,207222,new,treatment,0
04.04.2023,208080,new,treatment,0
04.04.2023,210375,old,control,0
04.04.2023,203796,new,treatment,0
04.04.2023,208395,old,control,0
04.04.2023,209071,new,control,0
04.04.2023,207233,new,control,0
04.04.2023,209862,new,treatment,0
04.04.2023,206452,old,treatment,1
04.04.2023,207889,old,control,0
04.04.2023,209404,old,treatment,0
04.04.2023,209576,old,treatment,0
04.04.2023,200170,new,treatment,0
04.04.2023,206467,new,control,0
04.04.2023,208185,old,control,0
04.04.2023,207393,old,control,0
04.04.2023,205761,old,control,0
04.04.2023,206844,old,treatment,0
04.04.2023,208987,new,control,0
04.04.2023,207402,old,treatment,1
04.04.2023,201550,new,treatment,0
04.04.2023,208809,new,control,0
04.04.2023,201166,new,treatment,0
04.04.2023,203627,old,control,0
04.04.2023,205058,old,treatment,0
04.04.2023,201773,old,control,0
04.04.2023,201268,old,treatment,0
04.04.2023,210188,old,treatment,0
04.04.2023,202632,old,treatment,0
04.04.2023,201302,old,treatment,0
04.04.2023,204871,new,control,0
04.04.2023,204721,new,control,0
04.04.2023,201551,old,control,0
04.04.2023,203815,old,control,0
04.04.2023,202269,new,control,0
04.04.2023,208449,old,control,0
04.04.2023,202445,old,control,0
04.04.2023,209140,old,treatment,0
04.04.2023,202500,new,treatment,0
04.04.2023,208908,old,treatment,0
04.04.2023,204901,new,control,0
04.04.2023,211016,new,treatment,0
04.04.2023,205027,old,control,0
04.04.2023,210963,new,control,0
04.04.2023,202348,old,treatment,0
04.04.2023,203526,old,treatment,0
04.04.2023,205011,new,control,0
04.04.2023,209472,new,treatment,0
04.04.2023,210532,new,treatment,0
04.04.2023,204517,new,control,0
04.04.2023,208773,old,control,0
04.04.2023,208861,old,control,0
04.04.2023,204008,old,treatment,0
04.04.2023,207804,old,treatment,0
04.04.2023,204013,new,control,0
04.04.2023,207729,old,control,0
04.04.2023,210459,new,control,0
04.04.2023,203684,old,treatment,1
04.04.2023,209571,old,control,0
04.04.2023,206291,new,control,0
04.04.2023,202180,old,treatment,0
04.04.2023,201788,new,treatment,0
04.04.2023,202260,old,treatment,0
04.04.2023,200892,old,treatment,0
04.04.2023,208552,old,treatment,0
04.04.2023,210185,old,control,0
04.04.2023,205655,new,control,0
04.04.2023,201091,new,control,0
04.04.2023,200996,new,treatment,0
04.04.2023,203730,old,treatment,0
04.04.2023,200430,old,treatment,1
04.04.2023,203542,old,treatment,0
04.04.2023,209987,old,control,0
04.04.2023,200392,old,treatment,0
04.04.2023,203286,old,treatment,1
04.04.2023,209262,new,treatment,0
04.04.2023,207225,old,control,0
04.04.2023,209494,old,treatment,0
04.04.2023,201616,new,treatment,0
04.04.2023,202864,new,treatment,0
04.04.2023,200252,new,treatment,0
04.04.2023,200676,old,treatment,0
04.04.2023,206030,old,treatment,0
04.04.2023,202339,new,control,0
04.04.2023,205741,old,control,0
04.04.2023,207525,new,control,0
04.04.2023,200036,new,treatment,0
04.04.2023,201670,old,treatment,0
04.04.2023,210409,old,control,0
04.04.2023,202398,old,treatment,0
04.04.2023,209481,old,control,0
04.04.2023,202644,old,treatment,0
04.04.2023,205583,new,control,0
04.04.2023,207612,new,treatment,0
04.04.2023,206665,old,control,0
04.04.2023,206230,old,treatment,0
04.04.2023,210904,old,treatment,0
04.04.2023,207738,old,treatment,1
04.04.2023,202067,old,control,0
04.04.2023,201604,new,treatment,0
04.04.2023,207939,old,control,0
04.04.2023,207478,old,treatment,0
04.04.2023,209466,old,treatment,0
04.04.2023,203089,new,control,0
04.04.2023,210883,old,control,0
04.04.2023,203682,new,treatment,0
04.04.2023,202736,old,treatment,0
04.04.2023,200275,new,control,0
04.04.2023,210750,old,treatment,0
04.04.2023,203342,old,treatment,0
04.04.2023,209139,old,control,0
04.04.2023,209065,old,control,1
04.04.2023,205022,old,treatment,0
04.04.2023,209585,old,control,1
04.04.2023,204676,old,treatment,0
04.04.2023,202335,old,control,0
04.04.2023,203217,new,control,0
04.04.2023,210727,old,control,0
04.04.2023,202534,new,treatment,0
04.04.2023,201053,old,control,0
04.04.2023,200866,old,treatment,0
04.04.2023,201974,old,treatment,0
04.04.2023,204956,new,treatment,0
04.04.2023,204071,old,control,0
04.04.2023,210660,old,treatment,1
04.04.2023,202944,old,treatment,0
04.04.2023,208467,new,control,0
04.04.2023,203266,old,treatment,1
04.04.2023,210885,old,control,0
04.04.2023,207580,old,treatment,0
04.04.2023,207411,old,control,0
04.04.2023,207335,old,control,0
04.04.2023,207474,new,treatment,0
04.04.2023,207310,old,treatment,0
04.04.2023,209336,old,treatment,0
04.04.2023,209188,old,treatment,0
04.04.2023,209235,old,control,0
04.04.2023,202503,old,control,0
04.04.2023,203081,new,control,0
04.04.2023,208777,old,control,0
04.04.2023,201805,old,control,0
04.04.2023,209761,old,control,0
04.04.2023,210314,new,treatment,0
04.04.2023,200573,old,control,0
04.04.2023,202140,new,treatment,0
04.04.2023,202655,old,control,0
04.04.2023,202924,old,treatment,0
04.04.2023,208833,new,control,0
04.04.2023,203404,old,treatment,0
04.04.2023,206413,old,control,1
04.04.2023,207830,new,treatment,0
04.04.2023,203904,new,treatment,0
04.04.2023,205432,old,treatment,0
04.04.2023,206949,old,control,1
04.04.2023,204610,old,treatment,0
04.04.2023,200686,new,treatment,0
04.04.2023,207592,old,treatment,0
04.04.2023,202316,old,treatment,0
04.04.2023,205343,old,control,0
04.04.2023,204699,new,control,0
05.04.2023,202371,new,control,0
05.04.2023,210957,old,control,0
05.04.2023,200624,old,treatment,0
05.04.2023,201654,old,treatment,0
05.04.2023,203255,old,control,0
05.04.2023,208874,new,treatment,0
05.04.2023,209664,new,treatment,1
05.04.2023,204403,old,control,0
05.04.2023,205387,new,control,0
05.04.2023,200928,old,treatment,1
05.04.2023,203040,new,treatment,0
05.04.2023,203673,old,control,0
05.04.2023,208361,old,control,0
05.04.2023,200887,new,control,0
05.04.2023,206999,new,control,0
05.04.2023,210965,old,control,0
05.04.2023,200499,new,control,0
05.04.2023,207943,old,control,0
05.04.2023,209274,old,treatment,0
05.04.2023,209095,old,control,1
05.04.2023,203648,new,treatment,0
05.04.2023,201088,new,treatment,0
05.04.2023,201673,new,control,0
05.04.2023,208835,new,control,0
05.04.2023,201356,old,treatment,0
05.04.2023,201229,old,control,0
05.04.2023,207994,old,treatment,0
05.04.2023,208703,new,control,0
05.04.2023,202591,new,control,0
05.04.2023,203092,new,treatment,0
05.04.2023,205239,new,control,0
05.04.2023,209199,old,control,0
05.04.2023,200410,old,treatment,0
05.04.2023,201230,old,treatment,0
05.04.2023,210433,new,control,0
05.04.2023,201031,new,control,0
05.04.2023,208948,new,treatment,0
05.04.2023,203412,new,treatment,0
05.04.2023,206566,new,treatment,0
05.04.2023,209749,new,control,1
05.04.2023,202887,new,control,0
05.04.2023,208280,old,treatment,0
05.04.2023,203736,new,treatment,0
05.04.2023,201940,old,treatment,0
05.04.2023,207414,new,treatment,0
05.04.2023,202589,old,control,0
05.04.2023,203457,new,control,0
05.04.2023,206139,new,control,0
05.04.2023,208737,new,control,0
05.04.2023,201523,old,control,0
05.04.2023,202119,new,control,0
05.04.2023,210116,new,treatment,0
05.04.2023,202054,old,treatment,0
05.04.2023,206403,old,control,0
05.04.2023,210226,new,treatment,0
05.04.2023,204427,old,control,0
05.04.2023,210959,new,control,0
05.04.2023,207453,new,control,0
05.04.2023,202369,new,control,0
05.04.2023,200261,old,control,0
05.04.2023,210194,new,treatment,0
05.04.2023,202403,old,control,0
05.04.2023,204668,old,treatment,1
05.04.2023,203033,new,control,0
05.04.2023,207675,old,control,0
05.04.2023,208853,new,control,0
05.04.2023,201235,new,control,0
05.04.2023,209906,new,treatment,1
05.04.2023,200191,new,control,0
05.04.2023,204188,old,treatment,0
05.04.2023,207789,old,control,0
05.04.2023,206875,new,control,0
05.04.2023,207363,old,control,0
05.04.2023,208364,new,treatment,1
05.04.2023,210098,old,treatment,0
05.04.2023,207714,old,treatment,0
05.04.2023,207629,old,control,0
05.04.2023,210639,old,control,0
05.04.2023,202428,new,treatment,0
05.04.2023,201597,old,control,0
05.04.2023,201577,new,control,0
05.04.2023,204507,new,control,0
05.04.2023,207406,old,treatment,0
05.04.2023,201493,old,control,0
05.04.2023,205585,new,control,0
05.04.2023,208598,new,treatment,0
05.04.2023,208873,new,control,0
05.04.2023,202039,old,control,0
05.04.2023,200921,old,control,0
05.04.2023,211040,new,treatment,0
05.04.2023,207305,old,control,0
05.04.2023,206259,old,control,0
05.04.2023,206267,old,control,0
05.04.2023,208184,new,treatment,0
05.04.2023,206224,new,treatment,0
05.04.2023,201033,new,control,0
05.04.2023,200593,old,control,0
05.04.2023,206293,old,control,0
05.04.2023,209088,old,treatment,0
05.04.2023,208735,old,control,0
05.04.2023,206792,old,treatment,0
05.04.2023,206128,old,treatment,0
05.04.2023,208577,old,control,0
05.04.2023,211037,old,control,0
05.04.2023,210909,old,control,0
05.04.2023,204789,old,control,0
05.04.2023,201242,old,treatment,0
05.04.2023,207282,new,treatment,0
05.04.2023,210476,old,treatment,0
05.04.2023,209358,new,treatment,0
05.04.2023,205938,old,treatment,0
05.04.2023,205693,new,control,0
05.04.2023,201027,old,control,0
05.04.2023,202916,new,treatment,0
05.04.2023,209638,old,treatment,0
05.04.2023,201291,old,control,0
05.04.2023,207439,old,control,1
05.04.2023,204766,old,treatment,1
05.04.2023,209476,old,treatment,0
05.04.2023,200873,old,control,0
05.04.2023,208108,old,treatment,1
05.04.2023,203761,old,control,0
05.04.2023,204537,old,control,1
05.04.2023,205499,old,control,0
05.04.2023,201819,new,control,0
05.04.2023,201779,old,control,0
05.04.2023,202883,old,control,0
05.04.2023,207477,old,control,0
05.04.2023,204208,new,treatment,0
05.04.2023,202022,new,treatment,0
05.04.2023,208389,new,control,0
05.04.2023,201020,old,treatment,0
05.04.2023,202832,new,treatment,0
05.04.2023,207515,old,control,0
05.04.2023,204674,old,treatment,0
05.04.2023,200822,new,treatment,0
05.04.2023,208731,old,control,0
05.04.2023,206190,new,treatment,1
05.04.2023,202557,old,control,0
05.04.2023,201928,old,treatment,0
05.04.2023,201982,old,treatment,0
05.04.2023,206361,old,control,0
05.04.2023,206093,old,control,0
05.04.2023,205735,old,control,0
05.04.2023,208670,old,treatment,0
05.04.2023,204825,new,control,0
05.04.2023,205696,old,treatment,0
05.04.2023,204137,new,control,0
05.04.2023,207985,old,control,0
05.04.2023,207961,old,control,0
05.04.2023,202050,old,treatment,0
05.04.2023,201661,new,control,0
05.04.2023,210519,old,control,0
05.04.2023,201241,new,control,0
05.04.2023,203734,old,treatment,1
05.04.2023,202825,old,control,0
05.04.2023,203866,new,treatment,0
05.04.2023,205608,new,treatment,0
05.04.2023,202549,new,control,0
05.04.2023,200685,old,control,0
05.04.2023,204123,new,control,0
05.04.2023,204104,old,treatment,0
05.04.2023,205068,old,treatment,0
05.04.2023,205728,new,treatment,0
05.04.2023,201987,old,control,0
06.04.2023,202722,old,treatment,0
06.04.2023,204106,old,treatment,0
06.04.2023,206969,new,control,0
06.04.2023,210525,old,control,0
06.04.2023,207650,old,treatment,0
06.04.2023,209986,new,treatment,0
06.04.2023,204502,old,treatment,0
06.04.2023,200525,new,control,0
06.04.2023,201847,new,control,1
06.04.2023,203354,new,treatment,0
06.04.2023,209289,old,control,0
06.04.2023,210724,old,treatment,0
06.04.2023,206628,old,treatment,0
06.04.2023,208859,old,control,0
06.04.2023,209813,old,control,0
06.04.2023,205589,old,control,0
06.04.2023,204785,old,control,1
06.04.2023,208566,old,treatment,0
06.04.2023,205550,old,treatment,0
06.04.2023,207735,new,control,0
06.04.2023,201208,new,treatment,0
06.04.2023,209254,new,treatment,0
06.04.2023,205898,old,treatment,0
06.04.2023,206583,new,control,0
06.04.2023,210302,old,treatment,0
06.04.2023,200584,old,treatment,0
06.04.2023,206362,old,treatment,1
06.04.2023,204338,new,treatment,1
06.04.2023,207243,old,control,0
06.04.2023,202397,old,control,1
06.04.2023,210244,new,treatment,0
06.04.2023,208817,old,control,0
06.04.2023,202203,old,control,0
06.04.2023,204387,old,control,0
06.04.2023,203055,old,control,1
06.04.2023,200423,old,control,0
06.04.2023,201790,new,treatment,0
06.04.2023,208969,old,control,0
06.04.2023,207686,new,treatment,0
06.04.2023,204587,old,control,0
06.04.2023,203990,old,treatment,0
06.04.2023,200868,old,treatment,0
06.04.2023,204741,old,control,0
06.04.2023,200506,new,treatment,0
06.04.2023,209463,new,control,0
06.04.2023,204514,old,treatment,0
06.04.2023,209216,old,treatment,0
06.04.2023,200250,old,treatment,0
06.04.2023,205692,old,treatment,0
06.04.2023,206935,new,control,0
06.04.2023,206678,new,treatment,0
06.04.2023,201615,new,control,0
06.04.2023,203247,new,control,0
06.04.2023,200038,new,treatment,0
06.04.2023,202692,old,treatment,0
06.04.2023,201674,new,treatment,0
06.04.2023,205206,old,treatment,0
06.04.2023,202255,old,control,1
06.04.2023,200243,old,control,0
06.04.2023,201706,new,treatment,0
06.04.2023,206945,new,control,0
06.04.2023,203538,new,treatment,0
06.04.2023,203132,old,treatment,0
06.04.2023,205578,new,treatment,0
06.04.2023,207517,new,control,0
06.04.2023,210615,new,control,0
06.04.2023,209903,new,control,0
06.04.2023,201041,new,control,0
06.04.2023,202200,new,treatment,0
06.04.2023,200505,old,control,0
06.04.2023,207193,old,control,0
06.04.2023,210686,old,treatment,0
06.04.2023,208293,new,control,0
06.04.2023,201100,old,treatment,0
06.04.2023,205855,new,control,0
06.04.2023,204752,old,treatment,0
06.04.2023,207760,old,treatment,0
06.04.2023,200689,new,control,0
06.04.2023,206177,old,control,0
06.04.2023,202524,old,treatment,0
06.04.2023,207948,old,treatment,0
06.04.2023,203060,new,treatment,0
06.04.2023,202109,old,control,0
06.04.2023,204485,old,control,1
06.04.2023,209583,new,control,0
06.04.2023,208834,old,treatment,0
06.04.2023,202218,old,treatment,1
06.04.2023,205945,old,control,0
06.04.2023,207401,new,control,0
06.04.2023,205925,new,control,0
06.04.2023,205590,old,treatment,1
06.04.2023,209245,new,control,0
06.04.2023,209343,old,control,0
06.04.2023,210018,new,treatment,0
06.04.2023,210192,new,treatment,0
06.04.2023,207583,new,control,0
06.04.2023,206886,old,treatment,0
06.04.2023,205375,old,control,0
06.04.2023,201430,old,treatment,0
06.04.2023,207061,old,control,0
06.04.2023,205751,old,control,1
06.04.2023,205846,old,treatment,0
06.04.2023,201084,old,treatment,1
06.04.2023,200459,new,control,0
06.04.2023,207249,old,control,0
06.04.2023,202587,new,control,0
06.04.2023,200621,old,control,0
06.04.2023,206392,new,treatment,0
06.04.2023,210906,new,treatment,0
06.04.2023,208164,new,treatment,1
06.04.2023,209849,new,control,0
06.04.2023,207292,new,treatment,0
06.04.2023,201432,old,treatment,0
06.04.2023,202227,old,control,0
06.04.2023,207894,old,treatment,0
06.04.2023,200951,old,control,0
06.04.2023,200721,old,control,0
06.04.2023,207360,old,treatment,0
06.04.2023,202621,old,control,0
06.04.2023,206573,new,control,0
06.04.2023,209655,new,control,0
06.04.2023,200748,old,treatment,0
06.04.2023,202931,old,control,1
06.04.2023,200217,old,control,0
06.04.2023,206164,old,treatment,0
06.04.2023,200668,old,treatment,0
06.04.2023,200613,old,control,0
06.04.2023,208739,old,control,0
06.04.2023,202701,old,control,0
06.04.2023,210899,old,control,0
06.04.2023,202588,old,treatment,0
06.04.2023,205336,old,treatment,1
06.04.2023,209560,new,treatment,1
06.04.2023,205837,old,control,0
06.04.2023,200948,new,treatment,0
06.04.2023,210041,new,control,0
06.04.2023,207950,new,treatment,0
06.04.2023,206009,new,control,0
06.04.2023,202700,new,treatment,0
06.04.2023,210439,new,control,0
06.04.2023,208102,new,treatment,0
06.04.2023,210879,old,control,0
06.04.2023,205990,new,treatment,1
06.04.2023,202943,new,control,0
06.04.2023,210991,old,control,0
06.04.2023,202616,old,treatment,0
06.04.2023,205607,new,control,0
06.04.2023,202160,new,treatment,1
06.04.2023,208041,new,control,0
06.04.2023,204692,new,treatment,0
06.04.2023,205638,new,treatment,0
06.04.2023,206836,old,treatment,0
06.04.2023,203175,old,control,0
06.04.2023,209980,new,treatment,0
06.04.2023,201859,old,control,0
06.04.2023,210071,new,control,0
06.04.2023,208390,new,treatment,1
06.04.2023,210878,old,treatment,0
06.04.2023,208228,old,treatment,0
06.04.2023,207570,old,treatment,1
06.04.2023,202073,old,control,0
06.04.2023,209148,old,treatment,0
06.04.2023,208328,old,treatment,0
06.04.2023,205850,new,treatment,0
06.04.2023,202107,old,control,0
07.04.2023,210563,new,control,0
07.04.2023,202151,new,control,0
07.04.2023,208503,new,control,0
07.04.2023,200511,new,control,0
07.04.2023,204152,old,treatment,0
07.04.2023,200488,old,treatment,0
07.04.2023,209895,new,control,0
07.04.2023,202028,old,treatment,1
07.04.2023,209624,old,treatment,0
07.04.2023,200991,old,control,0
07.04.2023,207442,new,treatment,0
07.04.2023,209962,new,treatment,0
07.04.2023,205810,new,treatment,0
07.04.2023,202543,old,control,0
07.04.2023,203476,new,treatment,0
07.04.2023,201634,old,treatment,0
07.04.2023,203977,old,control,0
07.04.2023,203352,new,treatment,0
07.04.2023,202878,old,treatment,0
07.04.2023,206998,old,treatment,0
07.04.2023,201850,new,treatment,0
07.04.2023,209998,old,treatment,0
07.04.2023,203889,new,control,0
07.04.2023,202506,old,treatment,0
07.04.2023,207665,new,control,0
07.04.2023,200626,new,treatment,0
07.04.2023,205312,old,treatment,0
07.04.2023,203328,new,treatment,0
07.04.2023,200636,new,treatment,0
07.04.2023,200514,old,treatment,0
07.04.2023,206802,old,treatment,0
07.04.2023,204314,new,treatment,0
07.04.2023,206268,old,treatment,0
07.04.2023,201945,new,control,0
07.04.2023,200690,old,treatment,0
07.04.2023,200719,new,control,0
07.04.2023,210842,new,treatment,0
07.04.2023,208728,new,treatment,0
07.04.2023,203898,old,treatment,0
07.04.2023,201888,new,treatment,0
07.04.2023,208673,old,control,0
07.04.2023,203842,old,treatment,0
07.04.2023,210488,new,treatment,0
07.04.2023,208782,old,treatment,0
07.04.2023,208865,new,control,0
07.04.2023,204177,old,control,0
07.04.2023,209340,new,treatment,0
07.04.2023,206017,new,control,0
07.04.2023,210510,old,treatment,0
07.04.2023,206052,old,treatment,0
07.04.2023,203964,new,treatment,0
07.04.2023,208962,old,treatment,0
07.04.2023,201904,old,treatment,0
07.04.2023,201499,old,control,0
07.04.2023,204696,new,treatment,0
07.04.2023,207713,old,control,0
07.04.2023,210281,new,control,0
07.04.2023,200065,old,control,0
07.04.2023,209189,old,control,0
07.04.2023,208343,old,control,0
07.04.2023,201452,old,treatment,0
07.04.2023,207006,old,treatment,1
07.04.2023,202600,old,treatment,0
07.04.2023,210288,old,treatment,0
07.04.2023,204798,old,treatment,0
07.04.2023,201010,old,treatment,0
07.04.2023,205166,new,treatment,0
07.04.2023,206059,old,control,0
07.04.2023,203775,new,control,0
07.04.2023,208479,old,control,0
07.04.2023,206971,old,control,0
07.04.2023,210122,new,treatment,0
07.04.2023,204943,old,control,1
07.04.2023,207624,old,treatment,0
07.04.2023,208423,new,control,0
07.04.2023,202341,old,control,1
07.04.2023,200545,new,control,0
07.04.2023,210466,new,treatment,0
07.04.2023,201227,old,control,0
07.04.2023,208970,new,treatment,0
07.04.2023,210544,old,treatment,0
07.04.2023,200271,new,control,0
07.04.2023,205707,new,control,0
07.04.2023,204905,new,control,0
07.04.2023,203599,old,control,0
07.04.2023,205582,old,treatment,0
07.04.2023,205080,new,treatment,0
07.04.2023,201183,old,control,0
07.04.2023,207633,new,control,1
07.04.2023,200279,old,control,0
07.04.2023,207151,old,control,0
07.04.2023,203897,old,control,0
07.04.2023,205261,old,control,1
07.04.2023,209515,new,control,0
07.04.2023,210853,new,control,0
07.04.2023,208237,new,control,0
07.04.2023,207136,new,treatment,0
07.04.2023,204099,new,control,0
07.04.2023,205615,old,control,0
07.04.2023,209062,old,treatment,0
07.04.2023,205341,old,control,0
07.04.2023,202034,new,treatment,0
07.04.2023,202801,old,control,0
07.04.2023,202326,new,treatment,0
07.04.2023,207682,old,treatment,0
07.04.2023,203693,new,control,0
07.04.2023,208404,new,treatment,0
07.04.2023,201400,new,treatment,0
07.04.2023,204709,old,control,0
07.04.2023,205495,old,control,0
07.04.2023,203916,new,treatment,0
07.04.2023,205805,new,control,0
07.04.2023,205828,old,treatment,0
07.04.2023,206909,old,control,0
07.04.2023,205419,new,control,0
07.04.2023,202730,old,treatment,1
07.04.2023,205807,old,control,1
07.04.2023,210469,new,control,0
07.04.2023,205411,old,control,0
07.04.2023,203640,new,treatment,0
07.04.2023,201218,new,treatment,0
07.04.2023,200851,new,control,0
07.04.2023,208864,old,treatment,0
07.04.2023,205934,new,treatment,0
07.04.2023,204277,old,control,0
07.04.2023,205332,old,treatment,0
07.04.2023,209503,old,control,0
07.04.2023,203954,old,treatment,1
07.04.2023,200577,new,control,0
07.04.2023,205802,new,treatment,0
07.04.2023,210767,new,control,0
07.04.2023,200184,old,treatment,1
07.04.2023,206925,new,control,0
07.04.2023,200058,old,treatment,0
07.04.2023,202181,new,control,0
07.04.2023,209179,old,control,0
07.04.2023,210287,new,control,0
07.04.2023,209593,old,control,0
07.04.2023,206901,old,control,0
07.04.2023,208037,old,control,0
07.04.2023,209332,old,treatment,0
07.04.2023,202358,new,treatment,0
07.04.2023,205268,old,treatment,0
07.04.2023,204561,old,control,0
07.04.2023,201165,old,control,0
07.04.2023,202917,old,control,0
07.04.2023,207657,new,control,0
07.04.2023,204157,old,control,0
07.04.2023,203496,new,treatment,0
07.04.2023,204690,new,treatment,1
07.04.2023,206575,new,control,0
07.04.2023,208009,old,control,0
07.04.2023,201952,old,treatment,0
07.04.2023,207622,old,treatment,0
07.04.2023,209564,new,treatment,0
07.04.2023,205007,old,control,0
07.04.2023,207895,old,control,0
07.04.2023,209834,old,treatment,0
07.04.2023,208759,new,control,0
07.04.2023,204397,new,control,0
07.04.2023,203458,old,treatment,0
07.04.2023,203637,new,control,0
07.04.2023,209465,new,control,0
07.04.2023,210564,new,treatment,0
07.04.2023,203872,old,treatment,0
08.04.2023,210263,new,control,0
08.04.2023,209882,old,treatment,0
08.04.2023,208493,old,control,0
08.04.2023,203670,old,treatment,0
08.04.2023,201632,old,treatment,0
08.04.2023,200984,new,treatment,0
08.04.2023,203008,old,treatment,0
08.04.2023,206996,new,treatment,0
08.04.2023,205609,new,control,0
08.04.2023,200895,new,control,0
08.04.2023,209035,old,control,0
08.04.2023,209458,new,treatment,0
08.04.2023,203475,old,control,0
08.04.2023,208666,new,treatment,0
08.04.2023,210384,old,treatment,0
08.04.2023,206738,new,treatment,0
08.04.2023,209526,old,treatment,0
08.04.2023,203769,old,control,0
08.04.2023,202125,new,control,0
08.04.2023,208551,old,control,0
08.04.2023,210854,old,treatment,0
08.04.2023,202331,new,control,0
08.04.2023,205291,old,control,0
08.04.2023,207706,old,treatment,0
08.04.2023,200579,new,control,0
08.04.2023,201515,old,control,0
08.04.2023,203938,new,treatment,0
08.04.2023,203849,new,control,0
08.04.2023,207287,old,control,0
08.04.2023,202228,old,treatment,0
08.04.2023,205515,old,control,0
08.04.2023,200063,old,control,0
08.04.2023,210658,old,treatment,0
08.04.2023,203890,new,treatment,0
08.04.2023,207615,new,control,0
08.04.2023,203201,old,control,0
08.04.2023,208211,old,control,0
08.04.2023,200360,new,treatment,0
08.04.2023,204971,new,control,0
08.04.2023,201371,new,control,0
08.04.2023,201317,old,control,1
08.04.2023,206787,new,control,0
08.04.2023,204926,old,treatment,0
08.04.2023,210124,old,treatment,0
08.04.2023,210213,old,control,0
08.04.2023,209507,old,control,0
08.04.2023,201848,old,treatment,0
08.04.2023,208784,old,treatment,0
08.04.2023,201254,new,treatment,0
08.04.2023,205300,new,treatment,0
08.04.2023,202414,new,treatment,0
08.04.2023,204457,old,control,0
08.04.2023,208716,new,treatment,0
08.04.2023,210772,old,treatment,0
08.04.2023,205900,new,treatment,0
08.04.2023,201574,new,treatment,1
08.04.2023,207775,old,control,0
08.04.2023,205160,old,treatment,0
08.04.2023,204180,old,treatment,0
08.04.2023,201223,new,control,0
08.04.2023,201328,old,treatment,0
08.04.2023,210931,new,control,0
08.04.2023,205498,new,treatment,0
08.04.2023,204977,old,control,0
08.04.2023,205860,new,treatment,0
08.04.2023,205822,old,treatment,0
08.04.2023,203115,old,control,0
08.04.2023,204824,new,treatment,0
08.04.2023,210250,old,treatment,0
08.04.2023,204422,new,treatment,0
08.04.2023,207726,new,treatment,0
08.04.2023,210232,old,treatment,0
08.04.2023,204049,old,control,0
08.04.2023,205486,old,treatment,0
08.04.2023,209182,old,treatment,1
08.04.2023,208042,old,treatment,0
08.04.2023,205602,old,treatment,0
08.04.2023,203925,old,control,0
08.04.2023,204124,old,treatment,0
08.04.2023,207045,old,control,0
08.04.2023,200380,old,treatment,1
08.04.2023,208578,new,treatment,0
08.04.2023,208586,new,treatment,0
08.04.2023,203549,new,control,0
08.04.2023,203598,old,treatment,0
08.04.2023,208601,old,control,1
08.04.2023,203843,new,control,0
08.04.2023,210822,old,treatment,0
08.04.2023,208019,new,control,0
08.04.2023,201271,new,control,0
08.04.2023,202103,old,control,0
08.04.2023,205982,old,treatment,0
08.04.2023,209326,old,treatment,0
08.04.2023,202069,old,control,0
08.04.2023,204460,new,treatment,0
08.04.2023,211041,new,control,0
08.04.2023,208510,new,treatment,0
08.04.2023,206505,old,control,0
08.04.2023,210641,new,control,0
08.04.2023,202955,old,control,0
08.04.2023,210156,new,treatment,0
08.04.2023,205115,old,control,0
08.04.2023,201407,new,control,0
08.04.2023,207977,old,control,0
08.04.2023,202731,old,control,0
08.04.2023,207127,old,control,0
08.04.2023,208077,old,control,0
08.04.2023,209420,new,treatment,0
08.04.2023,200425,old,control,0
08.04.2023,205252,old,treatment,0
08.04.2023,209760,new,treatment,0
08.04.2023,205562,new,treatment,0
08.04.2023,206025,old,control,0
08.04.2023,202897,old,control,0
08.04.2023,204478,new,treatment,1
08.04.2023,202862,new,treatment,0
08.04.2023,210942,new,treatment,0
08.04.2023,201503,old,control,0
08.04.2023,210759,new,control,0
08.04.2023,200902,old,treatment,0
08.04.2023,207500,old,treatment,0
08.04.2023,206801,new,control,0
08.04.2023,206457,new,control,0
08.04.2023,207385,old,control,0
08.04.2023,210689,new,control,0
08.04.2023,200647,old,control,0
08.04.2023,210746,old,treatment,0
08.04.2023,203204,old,treatment,0
08.04.2023,201074,old,treatment,0
08.04.2023,203331,new,control,0
08.04.2023,201967,old,control,0
08.04.2023,201627,new,control,0
08.04.2023,210636,old,treatment,0
08.04.2023,208876,new,treatment,0
08.04.2023,203740,old,treatment,0
08.04.2023,202665,old,control,0
08.04.2023,208222,old,treatment,0
08.04.2023,209285,old,control,0
08.04.2023,201553,new,control,0
08.04.2023,202857,new,control,0
08.04.2023,203612,new,treatment,0
08.04.2023,202544,old,treatment,0
08.04.2023,207875,old,control,0
08.04.2023,207129,old,control,0
08.04.2023,208073,new,control,0
08.04.2023,209269,new,control,0
08.04.2023,209627,new,control,0
08.04.2023,210399,old,control,0
08.04.2023,200076,new,treatment,0
08.04.2023,200988,old,treatment,0
08.04.2023,210437,new,control,0
08.04.2023,208482,old,treatment,0
08.04.2023,208512,new,treatment,0
08.04.2023,210778,old,treatment,0
08.04.2023,200171,new,control,0
08.04.2023,206941,new,control,0
08.04.2023,205827,old,control,0
08.04.2023,210939,old,control,0
08.04.2023,200339,new,control,0
08.04.2023,208546,new,treatment,0
08.04.2023,206145,new,control,0
08.04.2023,200694,old,treatment,0
08.04.2023,205362,old,treatment,0
08.04.2023,203448,old,treatment,0
08.04.2023,207863,old,control,0
09.04.2023,202640,old,treatment,0
09.04.2023,207182,old,treatment,0
09.04.2023,207724,old,treatment,0
09.04.2023,208516,old,treatment,0
09.04.2023,204664,new,treatment,0
09.04.2023,205593,new,control,0
09.04.2023,203051,old,control,0
09.04.2023,206820,new,treatment,0
09.04.2023,202680,old,treatment,0
09.04.2023,207982,old,treatment,0
09.04.2023,209246,new,treatment,0
09.04.2023,207708,new,treatment,0
09.04.2023,207040,new,treatment,0
09.04.2023,200450,new,treatment,0
09.04.2023,206179,old,control,0
09.04.2023,200710,new,treatment,0
09.04.2023,201600,old,treatment,0
09.04.2023,200317,new,control,1
09.04.2023,201019,old,control,0
09.04.2023,208719,new,control,0
09.04.2023,204228,new,treatment,1
09.04.2023,204896,new,treatment,1
09.04.2023,207011,new,control,0
09.04.2023,208502,old,treatment,0
09.04.2023,202006,old,treatment,0
09.04.2023,201531,old,control,0
09.04.2023,203193,new,control,0
09.04.2023,205950,old,treatment,0
09.04.2023,205718,new,treatment,0
09.04.2023,206066,old,treatment,0
09.04.2023,200266,old,treatment,1
09.04.2023,204221,old,control,0
09.04.2023,201912,old,treatment,0
09.04.2023,201858,old,treatment,0
09.04.2023,207413,new,control,0
09.04.2023,205157,old,control,0
09.04.2023,205205,old,control,0
09.04.2023,208223,old,control,0
09.04.2023,209632,old,treatment,0
09.04.2023,200056,old,treatment,0
09.04.2023,205109,old,control,0
09.04.2023,208235,new,control,0
09.04.2023,205592,new,treatment,0
09.04.2023,205059,new,control,0
09.04.2023,200246,old,treatment,0
09.04.2023,204714,new,treatment,0
09.04.2023,200703,old,control,0
09.04.2023,210117,new,control,0
09.04.2023,208157,new,control,0
09.04.2023,210593,old,control,0
09.04.2023,200960,old,treatment,0
09.04.2023,208655,old,control,0
09.04.2023,208076,old,treatment,0
09.04.2023,209045,old,control,0
09.04.2023,201681,new,control,0
09.04.2023,204414,old,treatment,1
09.04.2023,201622,new,treatment,0
09.04.2023,202279,new,control,0
09.04.2023,206899,old,control,0
09.04.2023,207186,old,treatment,0
09.04.2023,209682,new,treatment,0
09.04.2023,209221,new,control,0
09.04.2023,209896,old,treatment,0
09.04.2023,204601,old,control,0
09.04.2023,208642,new,treatment,0
09.04.2023,203584,new,treatment,0
09.04.2023,205064,old,treatment,0
09.04.2023,200617,old,control,0
09.04.2023,200521,old,control,0
09.04.2023,205033,new,control,0
09.04.2023,206682,old,treatment,0
09.04.2023,207206,new,treatment,0
09.04.2023,201148,old,treatment,1
09.04.2023,205657,new,control,1
09.04.2023,210465,new,control,0
09.04.2023,200734,new,treatment,0
09.04.2023,204241,old,control,0
09.04.2023,201251,new,control,0
09.04.2023,200524,new,treatment,0
09.04.2023,200836,old,treatment,0
09.04.2023,206806,old,treatment,0
09.04.2023,207745,old,control,0
09.04.2023,200878,new,treatment,0
09.04.2023,200835,new,control,0
09.04.2023,200777,old,control,0
09.04.2023,210572,old,treatment,1
09.04.2023,207790,old,treatment,0
09.04.2023,209009,new,control,1
09.04.2023,205891,old,control,0
09.04.2023,200040,old,treatment,0
09.04.2023,203029,old,control,0
09.04.2023,205317,old,control,0
09.04.2023,204368,new,treatment,0
09.04.2023,207560,old,treatment,0
09.04.2023,209214,old,treatment,0
09.04.2023,201907,old,control,1
09.04.2023,203966,old,treatment,0
09.04.2023,206991,old,control,0
09.04.2023,200667,old,control,0
09.04.2023,203346,old,treatment,0
09.04.2023,201007,new,control,0
09.04.2023,209202,new,treatment,0
09.04.2023,209629,new,control,0
09.04.2023,204673,old,control,0
09.04.2023,205214,old,treatment,0
09.04.2023,208522,old,treatment,0
09.04.2023,203946,new,treatment,0
09.04.2023,204602,old,treatment,0
09.04.2023,210652,new,treatment,0
09.04.2023,203403,old,control,0
09.04.2023,205617,old,control,0
09.04.2023,200371,old,control,0
09.04.2023,204379,old,control,0
09.04.2023,206832,old,treatment,1
09.04.2023,209549,new,control,0
09.04.2023,205908,old,treatment,0
09.04.2023,204833,new,control,0
09.04.2023,201045,old,control,0
09.04.2023,202846,new,treatment,0
09.04.2023,207797,new,control,0
09.04.2023,204604,new,treatment,0
09.04.2023,203215,old,control,0
09.04.2023,204635,old,control,0
09.04.2023,204190,old,treatment,0
09.04.2023,207965,old,control,0
09.04.2023,205482,old,treatment,1
09.04.2023,210280,old,treatment,0
09.04.2023,205360,old,treatment,0
09.04.2023,202253,new,control,0
09.04.2023,206046,old,treatment,0
09.04.2023,209645,old,control,0
09.04.2023,204503,new,control,1
09.04.2023,202362,old,treatment,1
09.04.2023,209390,old,treatment,0
09.04.2023,202440,new,treatment,0
09.04.2023,210699,old,control,0
09.04.2023,201221,old,control,0
09.04.2023,209112,old,treatment,1
09.04.2023,202083,old,control,0
09.04.2023,210631,new,control,0
09.04.2023,208795,old,control,0
09.04.2023,206913,new,control,0
09.04.2023,202817,old,control,0
09.04.2023,200522,new,treatment,0
09.04.2023,204558,new,treatment,0
09.04.2023,201583,old,control,0
09.04.2023,210648,old,treatment,0
09.04.2023,203124,old,treatment,0
09.04.2023,205892,new,treatment,0
09.04.2023,200270,old,treatment,0
09.04.2023,203619,old,control,0
09.04.2023,203900,new,treatment,0
09.04.2023,205425,old,control,0
09.04.2023,209956,old,treatment,0
09.04.2023,210231,old,control,0
09.04.2023,210819,old,control,0
09.04.2023,207323,new,control,0
09.04.2023,210535,old,control,0
09.04.2023,208938,old,treatment,0
09.04.2023,200070,old,treatment,0
09.04.2023,202965,new,control,0
09.04.2023,209661,new,control,1
09.04.2023,202220,old,treatment,1
09.04.2023,208964,old,treatment,0
09.04.2023,210176,old,treatment,0
10.04.2023,205139,old,control,0
10.04.2023,204677,new,control,0
10.04.2023,206887,new,control,0
10.04.2023,205342,old,treatment,0
10.04.2023,208231,old,control,0
10.04.2023,206495,new,control,0
10.04.2023,201441,old,control,0
10.04.2023,200409,new,control,0
10.04.2023,203853,old,control,0
10.04.2023,207620,old,treatment,0
10.04.2023,201680,old,treatment,0
10.04.2023,202121,old,control,0
10.04.2023,201490,new,treatment,0
10.04.2023,200269,old,control,0
10.04.2023,208585,new,control,0
10.04.2023,206883,old,control,0
10.04.2023,208284,new,treatment,0
10.04.2023,204534,old,treatment,0
10.04.2023,209730,old,treatment,0
10.04.2023,208377,new,control,0
10.04.2023,203711,old,control,0
10.04.2023,205393,old,control,0
10.04.2023,201689,new,control,0
10.04.2023,208975,new,control,0
10.04.2023,208747,new,control,0
10.04.2023,209517,old,control,0
10.04.2023,202870,old,treatment,0
10.04.2023,206671,old,control,0
10.04.2023,209742,old,treatment,0
10.04.2023,204518,new,treatment,0
10.04.2023,204730,old,treatment,0
10.04.2023,200214,old,treatment,0
10.04.2023,202892,new,treatment,0
10.04.2023,206652,old,treatment,0
10.04.2023,201838,old,treatment,0
10.04.2023,203594,new,treatment,0
10.04.2023,204164,new,treatment,0
10.04.2023,202919,old,control,0
10.04.2023,207594,new,treatment,0
10.04.2023,205131,old,control,0
10.04.2023,200281,old,control,0
10.04.2023,205418,new,treatment,0
10.04.2023,206527,new,control,0
10.04.2023,209622,old,treatment,0
10.04.2023,206296,old,treatment,0
10.04.2023,206151,new,control,1
10.04.2023,205199,new,control,0
10.04.2023,203164,old,treatment,0
10.04.2023,203933,new,control,0
10.04.2023,200989,new,control,0
10.04.2023,205220,old,treatment,0
10.04.2023,208174,new,treatment,1
10.04.2023,204103,old,control,0
10.04.2023,205003,new,control,0
10.04.2023,207143,old,control,0
10.04.2023,210661,new,control,0
10.04.2023,207562,old,treatment,0
10.04.2023,200806,old,treatment,0
10.04.2023,202859,old,control,0
10.04.2023,203362,new,treatment,0
10.04.2023,206700,old,treatment,0
10.04.2023,201711,new,control,0
10.04.2023,205140,old,treatment,0
10.04.2023,208340,new,treatment,0
10.04.2023,210304,new,treatment,1
10.04.2023,207075,new,control,0
10.04.2023,208591,old,control,0
10.04.2023,207844,old,treatment,0
10.04.2023,203694,old,treatment,0
10.04.2023,202131,old,control,0
10.04.2023,204147,new,control,0
10.04.2023,205517,old,control,0
10.04.2023,202797,old,control,0
10.04.2023,205044,old,treatment,0
10.04.2023,202675,old,control,0
10.04.2023,204207,old,control,0
10.04.2023,207237,new,control,0
10.04.2023,200886,new,treatment,0
10.04.2023,206871,old,control,0
10.04.2023,207593,old,control,0
10.04.2023,204419,old,control,0
10.04.2023,207330,old,treatment,0
10.04.2023,201829,old,control,0
10.04.2023,210522,old,treatment,0
10.04.2023,204630,new,treatment,0
10.04.2023,201345,new,control,0
10.04.2023,209959,old,control,0
10.04.2023,207902,old,treatment,0
10.04.2023,204271,new,control,0
10.04.2023,203818,old,treatment,0
10.04.2023,205649,new,control,0
10.04.2023,208139,new,control,0
10.04.2023,207818,old,treatment,0
10.04.2023,208536,new,treatment,0
10.04.2023,206890,old,treatment,0
10.04.2023,201875,old,control,0
10.04.2023,200418,new,treatment,0
10.04.2023,204308,new,treatment,0
10.04.2023,208531,new,control,0
10.04.2023,207763,old,control,0
10.04.2023,208614,old,treatment,0
10.04.2023,203462,new,treatment,0
10.04.2023,208094,old,treatment,0
10.04.2023,208754,old,treatment,1
10.04.2023,205648,old,treatment,0
10.04.2023,205478,old,treatment,0
10.04.2023,203902,old,treatment,0
10.04.2023,201512,old,treatment,1
10.04.2023,201195,old,control,0
10.04.2023,207617,new,control,0
10.04.2023,202971,old,control,0
10.04.2023,207728,old,treatment,0
10.04.2023,202809,old,control,1
10.04.2023,208504,old,treatment,0
10.04.2023,203084,old,treatment,0
10.04.2023,201755,new,control,0
10.04.2023,202390,new,treatment,0
10.04.2023,201447,old,control,0
10.04.2023,210014,new,treatment,0
10.04.2023,205714,new,treatment,0
10.04.2023,203576,old,treatment,0
10.04.2023,200693,old,control,0
10.04.2023,203300,old,treatment,1
10.04.2023,200379,new,control,0
10.04.2023,202907,old,control,0
10.04.2023,206647,new,control,0
10.04.2023,207415,old,control,0
10.04.2023,205677,new,control,0
10.04.2023,204399,new,control,0
10.04.2023,207643,old,control,0
10.04.2023,207954,old,treatment,0
10.04.2023,210286,old,treatment,0
10.04.2023,202264,new,treatment,0
10.04.2023,203284,old,treatment,0
10.04.2023,204809,new,control,1
10.04.2023,202197,old,control,0
10.04.2023,207799,old,control,0
10.04.2023,207391,new,control,0
10.04.2023,210897,new,control,0
10.04.2023,204841,new,control,0
10.04.2023,204242,new,treatment,1
10.04.2023,206905,new,control,0
10.04.2023,202104,old,treatment,0
10.04.2023,204434,new,treatment,0
10.04.2023,201273,new,control,0
10.04.2023,202007,new,control,1
10.04.2023,201707,old,control,0
10.04.2023,207141,new,control,0
10.04.2023,208699,old,control,0
10.04.2023,206814,old,treatment,0
10.04.2023,209319,new,control,0
10.04.2023,209006,old,treatment,0
10.04.2023,201854,old,treatment,0
10.04.2023,203923,new,control,0
10.04.2023,202344,old,treatment,0
10.04.2023,209185,old,control,0
10.04.2023,202154,new,treatment,0
10.04.2023,210823,old,control,0
10.04.2023,204205,new,control,1
10.04.2023,204964,old,treatment,0
10.04.2023,205047,new,control,0
10.04.2023,209887,old,control,0
10.04.2023,209670,old,treatment,0
10.04.2023,200293,new,control,0
10.04.2023,201082,old,treatment,0
11.04.2023,208279,new,control,0
11.04.2023,211013,old,control,0
11.04.2023,202641,old,control,0
11.04.2023,209228,new,treatment,1
11.04.2023,208932,new,treatment,0
11.04.2023,203861,old,control,0
11.04.2023,208602,old,treatment,0
11.04.2023,204975,new,control,0
11.04.2023,204647,old,control,0
11.04.2023,203004,old,treatment,0
11.04.2023,209919,old,control,0
11.04.2023,202457,old,control,0
11.04.2023,208171,new,control,0
11.04.2023,203125,new,control,0
11.04.2023,210161,old,control,0
11.04.2023,201862,new,treatment,0
11.04.2023,208262,new,treatment,0
11.04.2023,205632,new,treatment,0
11.04.2023,200008,old,treatment,0
11.04.2023,201415,old,control,0
11.04.2023,202571,new,control,0
11.04.2023,210258,new,treatment,0
11.04.2023,202286,new,treatment,0
11.04.2023,206926,old,treatment,0
11.04.2023,208801,old,control,0
11.04.2023,203609,old,control,0
11.04.2023,204193,new,control,0
11.04.2023,210401,new,control,0
11.04.2023,204911,new,control,0
11.04.2023,200043,old,control,0
11.04.2023,210584,old,treatment,0
11.04.2023,206148,old,treatment,0
11.04.2023,208823,old,control,0
11.04.2023,200673,new,control,0
11.04.2023,206625,old,control,0
11.04.2023,208438,old,treatment,0
11.04.2023,207746,old,treatment,0
11.04.2023,203947,new,control,0
11.04.2023,205277,old,control,1
11.04.2023,209375,old,control,0
11.04.2023,208258,new,treatment,0
11.04.2023,200009,old,control,1
11.04.2023,202823,old,control,0
11.04.2023,205379,old,control,0
11.04.2023,205041,old,control,0
11.04.2023,206536,old,treatment,0
11.04.2023,203369,old,control,0
11.04.2023,210133,old,control,0
11.04.2023,209733,old,control,0
11.04.2023,200679,new,control,0
11.04.2023,201102,new,treatment,0
11.04.2023,203065,new,control,0
11.04.2023,205686,old,treatment,0
11.04.2023,207949,old,control,0
11.04.2023,206235,new,control,0
11.04.2023,205736,old,treatment,0
11.04.2023,202946,old,treatment,1
11.04.2023,205016,new,treatment,0
11.04.2023,209452,old,treatment,0
11.04.2023,202128,old,treatment,0
11.04.2023,205414,old,treatment,0
11.04.2023,208440,old,treatment,1
11.04.2023,204259,old,control,0
11.04.2023,208738,old,treatment,0
11.04.2023,210860,new,treatment,0
11.04.2023,200007,old,control,0
11.04.2023,208726,old,treatment,0
11.04.2023,204095,old,control,0
11.04.2023,202512,old,treatment,0
11.04.2023,207331,new,control,0
11.04.2023,200333,old,control,0
11.04.2023,207177,old,control,0
11.04.2023,204415,old,control,0
11.04.2023,206906,new,treatment,0
11.04.2023,207855,old,control,0
11.04.2023,200809,new,control,0
11.04.2023,205493,old,control,0
11.04.2023,201962,new,treatment,0
11.04.2023,201983,old,control,1
11.04.2023,205197,old,control,0
11.04.2023,209190,old,treatment,0
11.04.2023,209753,new,control,0
11.04.2023,208515,old,control,0
11.04.2023,204515,new,control,0
11.04.2023,202234,new,treatment,0
11.04.2023,210148,old,treatment,0
11.04.2023,204508,old,treatment,0
11.04.2023,209553,new,control,0
11.04.2023,200397,old,control,0
11.04.2023,205100,old,treatment,0
11.04.2023,206443,old,control,0
11.04.2023,203998,old,treatment,0
11.04.2023,207568,new,treatment,0
11.04.2023,200655,new,control,0
11.04.2023,203118,new,treatment,0
11.04.2023,209972,old,treatment,0
11.04.2023,207274,new,treatment,0
11.04.2023,208302,old,treatment,0
11.04.2023,203382,old,treatment,0
11.04.2023,205457,new,control,0
11.04.2023,201411,old,control,1
11.04.2023,202908,old,treatment,0
11.04.2023,201895,old,control,0
11.04.2023,203488,old,treatment,0
11.04.2023,210381,new,control,0
11.04.2023,210079,new,control,0
11.04.2023,205816,new,treatment,1
11.04.2023,210740,old,treatment,1
11.04.2023,203927,old,control,0
11.04.2023,210692,new,treatment,0
11.04.2023,203967,new,control,0
11.04.2023,204206,new,treatment,0
11.04.2023,210245,old,control,0
11.04.2023,209191,new,control,0
11.04.2023,202849,old,control,0
11.04.2023,204773,old,control,0
11.04.2023,205584,new,treatment,0
11.04.2023,202755,old,control,0
11.04.2023,207351,old,control,0
11.04.2023,205915,old,control,0
11.04.2023,203586,old,treatment,0
11.04.2023,206264,old,treatment,0
11.04.2023,200182,old,treatment,0
11.04.2023,207444,old,treatment,0
11.04.2023,204793,old,control,0
11.04.2023,201370,new,treatment,0
11.04.2023,204760,old,treatment,0
11.04.2023,201827,old,control,0
11.04.2023,202693,new,control,0
11.04.2023,203635,old,control,0
11.04.2023,208399,old,control,0
11.04.2023,209309,old,control,0
11.04.2023,201676,new,treatment,0
11.04.2023,205688,old,treatment,1
11.04.2023,209416,old,treatment,0
11.04.2023,210351,new,control,0
11.04.2023,203603,new,control,0
11.04.2023,200128,old,treatment,0
11.04.2023,208266,old,treatment,0
11.04.2023,210595,new,control,0
11.04.2023,207817,old,control,0
11.04.2023,205354,new,treatment,0
11.04.2023,204951,new,control,0
11.04.2023,209637,old,control,0
11.04.2023,210714,old,treatment,1
11.04.2023,202375,old,control,0
11.04.2023,208428,old,treatment,0
11.04.2023,206365,old,control,0
11.04.2023,202978,old,treatment,1
11.04.2023,201201,old,control,0
11.04.2023,201765,new,control,0
11.04.2023,204304,old,treatment,1
11.04.2023,200110,new,treatment,0
11.04.2023,202041,old,control,0
11.04.2023,205017,old,control,0
11.04.2023,208093,new,control,0
11.04.2023,202836,new,treatment,1
11.04.2023,207204,old,treatment,0
11.04.2023,201557,old,control,0
11.04.2023,208051,old,control,0
11.04.2023,203480,new,treatment,0
11.04.2023,204492,old,treatment,0
11.04.2023,210707,old,control,0
11.04.2023,200109,old,control,0
11.04.2023,207168,new,treatment,0
12.04.2023,208889,new,control,0
12.04.2023,209717,new,control,0
12.04.2023,201880,new,treatment,0
12.04.2023,210902,old,treatment,0
12.04.2023,200843,new,control,0
12.04.2023,200478,new,treatment,0
12.04.2023,206684,old,treatment,1
12.04.2023,207484,new,treatment,0
12.04.2023,202970,old,treatment,0
12.04.2023,208525,old,control,0
12.04.2023,207456,new,treatment,0
12.04.2023,207404,new,treatment,0
12.04.2023,206848,new,treatment,0
12.04.2023,204864,old,treatment,0
12.04.2023,210355,new,control,0
12.04.2023,207833,new,control,0
12.04.2023,204998,new,treatment,0
12.04.2023,210177,new,control,0
12.04.2023,209364,new,treatment,0
12.04.2023,210423,old,control,0
12.04.2023,202444,old,treatment,0
12.04.2023,210467,old,control,0
12.04.2023,209656,old,treatment,0
12.04.2023,209167,old,control,0
12.04.2023,208192,new,treatment,0
12.04.2023,202495,old,control,0
12.04.2023,208934,old,treatment,1
12.04.2023,208318,old,treatment,0
12.04.2023,210101,old,control,0
12.04.2023,210940,new,treatment,0
12.04.2023,204551,new,control,1
12.04.2023,203398,old,treatment,0
12.04.2023,203836,new,treatment,1
12.04.2023,209040,old,treatment,0
12.04.2023,204378,new,treatment,0
12.04.2023,201826,new,treatment,0
12.04.2023,207518,old,treatment,0
12.04.2023,200352,new,treatment,0
12.04.2023,204651,new,control,0
12.04.2023,203910,old,treatment,0
12.04.2023,206414,old,treatment,0
12.04.2023,209904,new,treatment,0
12.04.2023,206694,new,treatment,0
12.04.2023,207163,old,control,0
12.04.2023,208020,new,treatment,0
12.04.2023,201705,old,control,0
12.04.2023,202012,old,treatment,0
12.04.2023,205383,new,control,0
12.04.2023,200742,old,treatment,0
12.04.2023,201671,old,control,1
12.04.2023,200067,old,control,0
12.04.2023,203817,new,control,0
12.04.2023,204375,old,control,0
12.04.2023,207043,old,control,0
12.04.2023,208276,new,treatment,0
12.04.2023,207968,old,treatment,0
12.04.2023,203186,new,treatment,1
12.04.2023,205399,new,control,1
12.04.2023,202168,new,treatment,0
12.04.2023,209106,old,treatment,0
12.04.2023,200219,old,control,0
12.04.2023,201510,old,treatment,0
12.04.2023,207007,old,control,0
12.04.2023,203702,new,treatment,0
12.04.2023,204554,new,treatment,0
12.04.2023,203099,old,control,0
12.04.2023,210971,old,control,0
12.04.2023,210690,old,treatment,0
12.04.2023,202289,new,control,0
12.04.2023,208120,new,treatment,0
12.04.2023,202811,old,control,0
12.04.2023,201351,old,control,0
12.04.2023,207610,old,treatment,0
12.04.2023,205563,old,control,0
12.04.2023,210020,old,treatment,0
12.04.2023,205024,new,treatment,0
12.04.2023,203233,new,control,0
12.04.2023,202342,old,treatment,0
12.04.2023,206509,old,control,0
12.04.2023,200099,new,control,0
12.04.2023,201786,old,treatment,0
12.04.2023,210242,old,treatment,0
12.04.2023,205518,new,treatment,0
12.04.2023,201918,new,treatment,0
12.04.2023,207631,new,control,0
12.04.2023,202997,new,control,0
12.04.2023,204682,old,treatment,0
12.04.2023,207309,old,control,0
12.04.2023,208427,new,control,0
12.04.2023,203357,old,control,0
12.04.2023,201764,new,treatment,0
12.04.2023,205777,old,control,0
12.04.2023,201789,new,control,0
12.04.2023,208858,old,treatment,0
12.04.2023,207687,old,control,0
12.04.2023,205881,old,control,0
12.04.2023,202536,old,treatment,1
12.04.2023,209211,new,control,0
12.04.2023,203305,old,control,0
12.04.2023,205151,new,control,0
12.04.2023,202202,old,treatment,0
12.04.2023,208848,old,treatment,0
12.04.2023,206422,old,treatment,0
12.04.2023,203064,old,treatment,0
12.04.2023,201247,new,control,0
12.04.2023,203485,new,control,0
12.04.2023,203691,old,control,0
12.04.2023,208911,old,control,0
12.04.2023,206181,new,control,0
12.04.2023,200746,new,treatment,1
12.04.2023,204912,old,treatment,1
12.04.2023,200102,old,treatment,0
12.04.2023,207126,old,treatment,0
12.04.2023,202361,old,control,0
12.04.2023,206638,old,treatment,0
12.04.2023,200324,old,treatment,0
12.04.2023,205776,new,treatment,0
12.04.2023,208819,new,control,0
12.04.2023,202988,old,treatment,0
12.04.2023,203739,old,control,0
12.04.2023,205355,old,control,0
12.04.2023,202541,new,control,1
12.04.2023,206758,new,treatment,0
12.04.2023,200080,new,treatment,0
12.04.2023,202027,old,control,0
12.04.2023,201803,new,control,0
12.04.2023,207884,new,treatment,0
12.04.2023,208011,old,control,0
12.04.2023,201106,old,treatment,0
12.04.2023,206450,new,treatment,0
12.04.2023,209889,old,control,0
12.04.2023,205088,old,treatment,0
12.04.2023,201892,old,treatment,0
12.04.2023,204776,new,treatment,0
12.04.2023,209415,old,control,0
12.04.2023,207047,old,control,1
12.04.2023,202100,old,treatment,1
12.04.2023,200361,new,control,0
12.04.2023,202992,old,treatment,0
12.04.2023,205181,old,control,0
12.04.2023,203699,new,control,0
12.04.2023,200323,new,control,0
12.04.2023,209116,new,treatment,0
12.04.2023,206489,old,control,0
12.04.2023,207403,old,control,1
12.04.2023,201581,new,control,0
12.04.2023,208556,new,treatment,1
12.04.2023,203884,old,treatment,0
12.04.2023,204842,new,treatment,0
12.04.2023,207286,old,treatment,0
12.04.2023,205616,old,treatment,0
12.04.2023,204389,new,control,0
12.04.2023,209996,new,treatment,0
12.04.2023,201104,old,treatment,0
12.04.2023,204738,old,treatment,0
12.04.2023,210826,new,treatment,0
12.04.2023,204780,new,treatment,0
12.04.2023,209769,old,control,0
12.04.2023,210056,old,treatment,0
12.04.2023,206172,old,treatment,0
12.04.2023,200968,old,treatment,0
12.04.2023,206419,old,control,0
12.04.2023,205612,new,treatment,0
12.04.2023,207004,old,treatment,1
12.04.2023,210980,old,treatment,0
13.04.2023,204670,old,treatment,0
13.04.2023,207372,old,treatment,0
13.04.2023,210849,new,control,0
13.04.2023,204436,new,treatment,0
13.04.2023,200950,new,treatment,0
13.04.2023,204062,old,treatment,0
13.04.2023,203510,old,treatment,0
13.04.2023,208881,old,control,0
13.04.2023,209389,old,control,0
13.04.2023,206654,new,treatment,0
13.04.2023,200175,old,control,0
13.04.2023,202325,new,control,0
13.04.2023,210990,old,treatment,0
13.04.2023,207398,old,treatment,0
13.04.2023,203647,new,control,0
13.04.2023,201472,old,treatment,0
13.04.2023,204098,new,treatment,0
13.04.2023,208991,new,control,0
13.04.2023,201068,old,treatment,0
13.04.2023,205722,old,treatment,0
13.04.2023,203830,old,treatment,0
13.04.2023,210644,new,treatment,0
13.04.2023,206336,new,treatment,0
13.04.2023,204807,old,control,0
13.04.2023,203937,new,control,0
13.04.2023,202045,old,control,0
13.04.2023,203322,old,treatment,0
13.04.2023,210022,old,treatment,1
13.04.2023,202778,new,treatment,0
13.04.2023,208206,old,treatment,0
13.04.2023,206800,old,treatment,0
13.04.2023,206335,old,control,0
13.04.2023,207766,old,treatment,0
13.04.2023,201269,old,control,0
13.04.2023,203472,old,treatment,0
13.04.2023,208376,old,treatment,0
13.04.2023,201643,old,control,0
13.04.2023,202413,new,control,0
13.04.2023,202010,old,treatment,0
13.04.2023,203581,new,control,0
13.04.2023,207906,old,treatment,0
13.04.2023,209823,old,control,0
13.04.2023,210048,new,treatment,0
13.04.2023,206053,old,control,0
13.04.2023,208034,new,treatment,0
13.04.2023,203109,old,control,0
13.04.2023,203752,old,treatment,0
13.04.2023,208434,new,treatment,0
13.04.2023,206689,old,control,0
13.04.2023,206087,old,control,0
13.04.2023,207532,new,treatment,0
13.04.2023,206869,old,control,0
13.04.2023,200215,old,control,0
13.04.2023,206305,new,control,0
13.04.2023,208743,new,control,0
13.04.2023,206454,old,treatment,0
13.04.2023,210028,old,treatment,0
13.04.2023,207365,new,control,0
13.04.2023,210120,old,treatment,0
13.04.2023,202940,new,treatment,0
13.04.2023,210372,old,treatment,0
13.04.2023,203798,old,treatment,0
13.04.2023,204626,old,treatment,0
13.04.2023,210326,old,treatment,0
13.04.2023,201318,old,treatment,1
13.04.2023,206896,new,treatment,0
13.04.2023,201998,old,treatment,0
13.04.2023,208539,old,control,0
13.04.2023,206982,new,treatment,0
13.04.2023,207538,new,treatment,0
13.04.2023,208416,new,treatment,0
13.04.2023,205163,old,control,0
13.04.2023,200145,old,control,0
13.04.2023,205467,old,control,0
13.04.2023,203905,old,control,0
13.04.2023,210993,old,control,0
13.04.2023,209383,old,control,0
13.04.2023,206943,old,control,0
13.04.2023,205153,old,control,0
13.04.2023,210390,old,treatment,0
13.04.2023,206807,old,control,0
13.04.2023,200772,old,treatment,0
13.04.2023,201360,old,treatment,0
13.04.2023,200485,old,control,0
13.04.2023,204282,new,treatment,0
13.04.2023,204385,old,control,0
13.04.2023,204275,old,control,0
13.04.2023,204659,old,control,0
13.04.2023,210458,old,treatment,0
13.04.2023,202682,new,treatment,0
13.04.2023,209988,new,treatment,0
13.04.2023,205345,new,control,0
13.04.2023,202377,new,control,0
13.04.2023,207155,old,control,0
13.04.2023,205663,old,control,1
13.04.2023,206765,old,control,0
13.04.2023,201633,new,control,0
13.04.2023,205959,old,control,0
13.04.2023,202167,new,control,0
13.04.2023,203461,old,control,1
13.04.2023,210741,old,control,0
13.04.2023,207493,old,control,0
13.04.2023,209021,old,control,0
13.04.2023,208635,old,control,0
13.04.2023,208178,old,treatment,0
13.04.2023,205516,old,treatment,0
13.04.2023,203799,old,control,0
13.04.2023,207585,old,control,0
13.04.2023,205782,old,treatment,0
13.04.2023,203431,new,control,1
13.04.2023,210011,new,control,0
13.04.2023,200213,old,control,0
13.04.2023,207219,old,control,0
13.04.2023,204863,old,control,0
13.04.2023,200209,new,control,0
13.04.2023,203944,new,treatment,0
13.04.2023,200859,new,control,0
13.04.2023,209158,old,treatment,0
13.04.2023,206124,old,treatment,0
13.04.2023,200975,new,control,1
13.04.2023,200166,old,treatment,0
13.04.2023,210077,old,control,0
13.04.2023,208061,new,control,0
13.04.2023,204489,old,control,0
13.04.2023,204018,old,treatment,0
13.04.2023,201629,old,control,0
13.04.2023,209579,new,control,0
13.04.2023,209441,old,control,0
13.04.2023,209196,new,treatment,0
13.04.2023,203231,new,control,0
13.04.2023,208294,old,treatment,0
13.04.2023,206490,old,treatment,0
13.04.2023,204970,old,treatment,0
13.04.2023,208290,new,treatment,0
13.04.2023,205450,old,treatment,0
13.04.2023,209475,new,control,0
13.04.2023,205871,old,control,0
13.04.2023,200515,old,control,1
13.04.2023,200200,new,treatment,0
13.04.2023,201578,new,treatment,0
13.04.2023,207072,old,treatment,0
13.04.2023,205969,old,control,0
13.04.2023,200461,new,control,0
13.04.2023,208882,new,treatment,0
13.04.2023,207627,old,control,0
13.04.2023,207678,old,treatment,0
13.04.2023,202744,old,treatment,0
13.04.2023,202164,old,treatment,1
13.04.2023,201342,new,treatment,0
13.04.2023,206074,old,treatment,0
13.04.2023,203728,old,treatment,0
13.04.2023,206121,old,control,1
13.04.2023,205501,new,control,0
13.04.2023,206574,new,treatment,0
13.04.2023,205433,old,control,0
13.04.2023,209348,old,treatment,1
13.04.2023,210967,new,control,0
13.04.2023,203755,old,control,0
13.04.2023,201476,old,treatment,0
13.04.2023,207762,new,treatment,0
13.04.2023,201234,old,treatment,0
13.04.2023,206303,new,control,0
13.04.2023,208123,new,control,0
13.04.2023,210742,new,treatment,0
13.04.2023,210139,new,control,0
14.04.2023,203069,old,control,0
14.04.2023,204296,old,treatment,0
14.04.2023,210276,old,treatment,0
14.04.2023,202654,new,treatment,0
14.04.2023,206855,old,control,0
14.04.2023,208638,new,treatment,0
14.04.2023,204750,old,treatment,0
14.04.2023,205253,new,control,0
14.04.2023,208584,new,treatment,0
14.04.2023,202648,old,treatment,0
14.04.2023,210695,old,control,0
14.04.2023,207866,old,treatment,0
14.04.2023,201608,old,treatment,0
14.04.2023,202532,old,treatment,0
14.04.2023,208381,old,control,0
14.04.2023,206122,new,treatment,1
14.04.2023,201062,new,treatment,0
14.04.2023,205294,new,treatment,0
14.04.2023,203392,old,treatment,0
14.04.2023,208010,old,treatment,0
14.04.2023,204556,new,treatment,1
14.04.2023,210127,new,control,0
14.04.2023,207078,old,treatment,0
14.04.2023,202556,old,treatment,0
14.04.2023,201225,old,control,0
14.04.2023,208437,old,control,0
14.04.2023,202550,new,treatment,0
14.04.2023,206191,old,control,0
14.04.2023,202305,old,control,0
14.04.2023,200857,new,control,0
14.04.2023,203112,old,treatment,0
14.04.2023,209620,old,treatment,0
14.04.2023,203093,new,control,0
14.04.2023,206633,old,control,0
14.04.2023,204333,old,control,0
14.04.2023,200821,old,control,0
14.04.2023,209901,old,control,0
14.04.2023,210876,old,treatment,1
14.04.2023,208663,old,control,0
14.04.2023,207359,old,control,0
14.04.2023,200585,new,control,0
14.04.2023,205533,old,control,0
14.04.2023,207770,old,treatment,0
14.04.2023,201919,old,control,1
14.04.2023,203675,new,control,0
14.04.2023,201397,old,control,0
14.04.2023,208196,new,treatment,0
14.04.2023,201877,old,control,0
14.04.2023,203324,old,treatment,1
14.04.2023,210932,new,treatment,0
14.04.2023,201368,new,treatment,0
14.04.2023,201923,old,control,0
14.04.2023,208071,new,control,0
14.04.2023,206533,new,control,0
14.04.2023,206425,old,control,0
14.04.2023,208563,old,control,0
14.04.2023,207202,new,treatment,0
14.04.2023,209836,new,treatment,1
14.04.2023,207628,old,treatment,0
14.04.2023,207565,new,control,0
14.04.2023,206605,old,control,0
14.04.2023,203015,old,control,1
14.04.2023,202798,old,treatment,0
14.04.2023,207495,new,control,0
14.04.2023,204347,new,control,0
14.04.2023,209690,new,treatment,0
14.04.2023,200967,old,control,0
14.04.2023,210596,new,treatment,0
14.04.2023,204081,new,control,0
14.04.2023,200747,old,control,0
14.04.2023,206161,old,control,0
14.04.2023,207012,old,treatment,0
14.04.2023,206798,old,treatment,0
14.04.2023,206032,new,treatment,0
14.04.2023,203274,old,treatment,0
14.04.2023,205755,old,control,0
14.04.2023,200824,old,treatment,0
14.04.2023,206940,old,treatment,0
14.04.2023,200019,old,control,0
14.04.2023,206513,new,control,0
14.04.2023,204136,new,treatment,0
14.04.2023,210697,new,control,0
14.04.2023,203321,old,control,0
14.04.2023,210998,old,treatment,0
14.04.2023,202601,old,control,0
14.04.2023,201914,old,treatment,0
14.04.2023,207947,old,control,0
14.04.2023,206550,old,treatment,1
14.04.2023,210954,new,treatment,0
14.04.2023,206080,new,treatment,0
14.04.2023,205270,new,treatment,0
14.04.2023,204283,old,control,0
14.04.2023,210621,old,control,0
14.04.2023,209247,old,control,0
14.04.2023,209328,old,treatment,0
14.04.2023,208403,new,control,0
14.04.2023,203698,old,treatment,0
14.04.2023,208205,new,control,0
14.04.2023,202263,old,control,0
14.04.2023,205222,new,treatment,0
14.04.2023,200055,old,control,0
14.04.2023,204903,new,control,0
14.04.2023,206693,new,control,0
14.04.2023,201793,new,control,1
14.04.2023,204475,new,control,0
14.04.2023,204527,old,control,0
14.04.2023,210404,old,treatment,0
14.04.2023,201120,old,treatment,0
14.04.2023,209089,new,control,0
14.04.2023,201141,new,control,0
14.04.2023,200422,old,treatment,0
14.04.2023,202626,old,treatment,0
14.04.2023,207469,old,control,0
14.04.2023,200024,old,treatment,0
14.04.2023,204355,old,control,0
14.04.2023,204267,new,control,0
14.04.2023,205259,new,control,0
14.04.2023,201081,old,control,0
14.04.2023,200602,old,treatment,0
14.04.2023,203847,new,control,0
14.04.2023,207646,old,treatment,0
14.04.2023,209353,old,control,0
14.04.2023,203158,old,treatment,0
14.04.2023,209501,old,control,0
14.04.2023,203075,old,control,0
14.04.2023,204131,old,control,0
14.04.2023,208959,new,control,0
14.04.2023,203196,new,treatment,0
14.04.2023,210664,old,treatment,1
14.04.2023,207340,old,treatment,0
14.04.2023,205028,new,treatment,0
14.04.2023,209744,old,treatment,0
14.04.2023,204731,old,control,0
14.04.2023,202906,old,treatment,0
14.04.2023,203563,old,control,0
14.04.2023,210534,old,treatment,1
14.04.2023,201480,old,treatment,0
14.04.2023,200395,old,control,1
14.04.2023,203766,old,treatment,0
14.04.2023,206951,old,control,0
14.04.2023,202029,new,control,0
14.04.2023,200264,old,treatment,0
14.04.2023,210917,new,control,0
14.04.2023,206265,old,control,0
14.04.2023,204621,old,control,0
14.04.2023,201123,new,control,1
14.04.2023,206778,new,treatment,0
14.04.2023,209751,new,control,0
14.04.2023,210867,old,control,0
14.04.2023,208125,old,control,0
14.04.2023,210960,new,treatment,0
14.04.2023,208393,old,control,0
14.04.2023,204294,old,treatment,0
14.04.2023,210678,old,treatment,0
14.04.2023,209860,new,treatment,0
14.04.2023,208230,old,treatment,0
14.04.2023,201169,old,control,0
14.04.2023,206343,old,control,0
14.04.2023,202968,new,treatment,0
14.04.2023,208570,new,treatment,0
14.04.2023,202450,new,treatment,0
14.04.2023,211029,new,control,0
14.04.2023,202627,new,control,0
14.04.2023,210357,old,control,0
14.04.2023,206261,new,control,1
15.04.2023,209705,old,control,0
15.04.2023,201329,old,control,0
15.04.2023,202499,new,control,0
15.04.2023,200894,new,treatment,0
15.04.2023,208040,old,treatment,0
15.04.2023,206891,old,control,0
15.04.2023,201177,new,control,0
15.04.2023,201253,new,control,0
15.04.2023,200724,new,treatment,1
15.04.2023,203633,old,control,0
15.04.2023,202751,old,control,0
15.04.2023,205177,old,control,0
15.04.2023,208444,old,treatment,0
15.04.2023,210424,new,treatment,1
15.04.2023,208200,old,treatment,0
15.04.2023,203642,old,treatment,0
15.04.2023,202064,old,treatment,0
15.04.2023,201433,new,control,0
15.04.2023,206657,old,control,0
15.04.2023,207018,old,treatment,1
15.04.2023,200054,new,treatment,0
15.04.2023,206973,old,control,0
15.04.2023,209584,old,treatment,0
15.04.2023,200737,old,control,0
15.04.2023,202033,old,control,0
15.04.2023,203567,old,control,0
15.04.2023,200028,old,treatment,0
15.04.2023,201712,old,treatment,0
15.04.2023,205099,old,control,0
15.04.2023,203965,old,control,0
15.04.2023,209706,old,treatment,0
15.04.2023,205863,old,control,0
15.04.2023,208845,new,control,0
15.04.2023,203661,old,control,0
15.04.2023,200321,old,control,0
15.04.2023,203778,new,treatment,0
15.04.2023,205555,old,control,0
15.04.2023,205919,new,control,0
15.04.2023,208623,old,control,0
15.04.2023,209123,old,control,0
15.04.2023,207795,new,control,0
15.04.2023,204923,new,control,1
15.04.2023,203777,old,control,0
15.04.2023,203596,new,treatment,0
15.04.2023,210407,new,control,0
15.04.2023,200347,old,control,0
15.04.2023,208425,old,control,0
15.04.2023,208968,old,treatment,0
15.04.2023,209361,old,control,0
15.04.2023,203790,new,treatment,0
15.04.2023,206003,new,control,0
15.04.2023,205817,new,control,0
15.04.2023,208475,old,control,0
15.04.2023,207879,new,control,1
15.04.2023,203123,new,control,0
15.04.2023,204237,new,control,0
15.04.2023,202683,new,control,0
15.04.2023,209968,new,treatment,0
15.04.2023,203785,new,control,0
15.04.2023,210912,old,treatment,1
15.04.2023,202583,old,control,0
15.04.2023,204828,new,treatment,0
15.04.2023,203973,old,control,0
15.04.2023,208937,new,control,0
15.04.2023,210236,old,treatment,0
15.04.2023,203356,old,treatment,0
15.04.2023,203026,old,treatment,0
15.04.2023,207921,old,control,0
15.04.2023,207677,new,control,0
15.04.2023,205142,old,treatment,1
15.04.2023,207010,new,treatment,0
15.04.2023,202662,new,treatment,0
15.04.2023,208700,new,treatment,0
15.04.2023,206065,new,control,0
15.04.2023,205102,old,treatment,0
15.04.2023,207105,new,control,0
15.04.2023,202492,new,treatment,0
15.04.2023,204995,old,control,0
15.04.2023,208163,new,control,0
15.04.2023,207743,new,control,0
15.04.2023,202789,new,control,0
15.04.2023,203339,old,control,0
15.04.2023,206232,old,treatment,0
15.04.2023,202670,old,treatment,0
15.04.2023,210131,old,control,0
15.04.2023,205431,new,control,0
15.04.2023,200059,old,control,0
15.04.2023,202724,new,treatment,1
15.04.2023,203548,old,treatment,0
15.04.2023,207179,old,control,1
15.04.2023,206082,old,treatment,0
15.04.2023,209798,new,treatment,0
15.04.2023,202338,old,treatment,0
15.04.2023,210623,old,control,0
15.04.2023,207224,new,treatment,0
15.04.2023,206256,old,treatment,0
15.04.2023,206528,new,treatment,1
15.04.2023,207146,old,treatment,0
15.04.2023,203811,old,control,0
15.04.2023,205702,old,treatment,0
15.04.2023,210312,old,treatment,0
15.04.2023,200827,old,control,0
15.04.2023,204947,new,control,0
15.04.2023,209075,new,control,0
15.04.2023,200785,new,control,0
15.04.2023,209460,old,treatment,0
15.04.2023,203812,new,treatment,0
15.04.2023,203379,old,control,0
15.04.2023,207801,new,control,0
15.04.2023,207890,new,treatment,0
15.04.2023,208946,old,treatment,0
15.04.2023,206370,new,treatment,0
15.04.2023,205685,old,control,0
15.04.2023,208004,old,treatment,0
15.04.2023,203700,old,treatment,0
15.04.2023,206096,old,treatment,0
15.04.2023,204025,new,control,0
15.04.2023,209063,old,control,0
15.04.2023,205629,old,control,0
15.04.2023,201164,new,treatment,0
15.04.2023,203611,new,control,0
15.04.2023,203452,old,treatment,0
15.04.2023,207907,new,control,0
15.04.2023,208648,old,treatment,0
15.04.2023,207864,new,treatment,0
15.04.2023,203155,old,control,0
15.04.2023,209819,new,control,0
15.04.2023,203283,new,control,0
15.04.2023,201814,new,treatment,0
15.04.2023,209468,new,treatment,0
15.04.2023,207690,old,treatment,0
15.04.2023,203950,old,treatment,0
15.04.2023,208199,new,control,0
15.04.2023,204337,old,control,0
15.04.2023,202637,old,control,0
15.04.2023,206541,old,control,0
15.04.2023,205689,old,control,0
15.04.2023,202245,new,control,0
15.04.2023,205415,new,control,0
15.04.2023,208951,old,control,0
15.04.2023,207056,old,treatment,0
15.04.2023,209800,new,treatment,0
15.04.2023,200935,new,control,1
15.04.2023,202407,old,control,0
15.04.2023,202365,old,control,0
15.04.2023,201475,old,control,0
15.04.2023,206961,old,control,0
15.04.2023,203228,old,treatment,0
15.04.2023,204950,old,treatment,0
15.04.2023,203183,old,control,0
15.04.2023,207616,new,treatment,0
15.04.2023,207266,old,treatment,1
15.04.2023,202605,old,control,0
15.04.2023,207582,old,treatment,1
15.04.2023,210109,old,control,0
15.04.2023,201032,old,treatment,0
15.04.2023,205723,old,control,0
15.04.2023,206271,old,control,0
15.04.2023,206341,new,control,0
15.04.2023,209257,old,control,0
15.04.2023,201958,new,treatment,1
15.04.2023,207147,old,control,0
15.04.2023,205750,new,treatment,0
15.04.2023,205173,new,control,0
15.04.2023,209483,new,control,0
16.04.2023,209603,old,control,0
16.04.2023,203880,old,treatment,0
16.04.2023,210726,new,treatment,0
16.04.2023,202643,old,control,0
16.04.2023,202830,new,treatment,0
16.04.2023,210490,old,treatment,0
16.04.2023,210271,new,control,0
16.04.2023,201701,old,control,0
16.04.2023,204146,new,treatment,0
16.04.2023,203306,new,treatment,0
16.04.2023,206920,old,treatment,0
16.04.2023,208627,new,control,0
16.04.2023,202304,new,treatment,0
16.04.2023,210406,old,treatment,0
16.04.2023,200112,old,treatment,0
16.04.2023,201653,old,control,0
16.04.2023,209315,old,control,0
16.04.2023,203130,new,treatment,0
16.04.2023,201869,new,control,0
16.04.2023,200532,old,treatment,0
16.04.2023,206670,new,treatment,0
16.04.2023,201243,old,control,0
16.04.2023,200962,old,treatment,0
16.04.2023,204353,old,control,0
16.04.2023,207512,new,treatment,0
16.04.2023,207842,old,treatment,0
16.04.2023,202322,old,treatment,0
16.04.2023,205510,old,treatment,0
16.04.2023,210396,old,treatment,0
16.04.2023,205831,new,control,0
16.04.2023,207803,old,control,0
16.04.2023,206568,new,treatment,0
16.04.2023,202207,old,control,0
16.04.2023,206229,old,control,0
16.04.2023,202418,new,treatment,0
16.04.2023,207349,old,control,0
16.04.2023,208572,new,treatment,0
16.04.2023,207312,old,treatment,0
16.04.2023,203105,new,control,0
16.04.2023,208842,new,treatment,0
16.04.2023,206810,old,treatment,0
16.04.2023,204866,new,treatment,0
16.04.2023,209027,old,control,0
16.04.2023,206330,old,treatment,0
16.04.2023,205169,old,control,0
16.04.2023,209012,old,treatment,0
16.04.2023,209787,old,control,0
16.04.2023,205535,new,control,0
16.04.2023,209360,old,treatment,0
16.04.2023,203195,old,control,0
16.04.2023,204763,old,control,0
16.04.2023,206479,old,control,0
16.04.2023,206598,old,treatment,0
16.04.2023,205179,new,control,0
16.04.2023,202120,new,treatment,0
16.04.2023,202866,old,treatment,0
16.04.2023,207333,new,control,1
16.04.2023,206975,old,control,0
16.04.2023,204813,new,control,1
16.04.2023,200651,new,control,0
16.04.2023,200612,old,treatment,0
16.04.2023,208305,old,control,0
16.04.2023,204024,new,treatment,0
16.04.2023,209837,old,control,0
16.04.2023,202015,new,control,0
16.04.2023,206398,old,treatment,0
16.04.2023,208748,old,treatment,0
16.04.2023,203650,old,treatment,0
16.04.2023,209442,new,treatment,0
16.04.2023,204648,new,treatment,0
16.04.2023,208001,old,control,0
16.04.2023,203166,new,treatment,0
16.04.2023,210815,old,control,0
16.04.2023,208950,new,treatment,0
16.04.2023,201684,new,treatment,0
16.04.2023,210734,old,treatment,0
16.04.2023,200916,new,treatment,0
16.04.2023,207501,new,control,0
16.04.2023,210947,old,control,0
16.04.2023,207688,old,treatment,0
16.04.2023,200201,new,control,1
16.04.2023,208363,old,control,0
16.04.2023,203793,old,control,0
16.04.2023,200106,old,treatment,0
16.04.2023,203122,new,treatment,1
16.04.2023,209905,new,control,0
16.04.2023,210745,old,control,0
16.04.2023,207454,new,treatment,0
16.04.2023,210933,old,control,0
16.04.2023,203568,old,treatment,0
16.04.2023,203330,old,treatment,0
16.04.2023,206763,old,control,0
16.04.2023,202974,old,treatment,0
16.04.2023,207036,old,treatment,1
16.04.2023,200031,new,control,0
16.04.2023,205926,new,treatment,0
16.04.2023,210630,old,treatment,0
16.04.2023,202038,old,treatment,0
16.04.2023,203419,new,control,0
16.04.2023,203974,old,treatment,1
16.04.2023,203139,old,control,0
16.04.2023,210831,new,control,0
16.04.2023,201920,old,treatment,1
16.04.2023,201204,new,treatment,0
16.04.2023,201881,new,control,0
16.04.2023,207739,old,control,0
16.04.2023,210001,old,control,0
16.04.2023,210460,old,treatment,0
16.04.2023,201445,old,control,0
16.04.2023,207184,new,treatment,0
16.04.2023,208032,old,treatment,0
16.04.2023,211033,old,control,0
16.04.2023,204468,old,treatment,0
16.04.2023,206468,new,treatment,0
16.04.2023,208391,old,control,0
16.04.2023,202150,old,treatment,0
16.04.2023,201780,new,treatment,1
16.04.2023,210580,new,treatment,0
16.04.2023,206510,old,treatment,0
16.04.2023,208984,old,treatment,0
16.04.2023,205225,old,control,0
16.04.2023,201544,old,treatment,0
16.04.2023,206870,old,treatment,1
16.04.2023,206861,old,control,0
16.04.2023,202614,new,treatment,0
16.04.2023,203961,old,control,1
16.04.2023,202967,old,control,0
16.04.2023,201395,old,control,0
16.04.2023,205194,old,treatment,0
16.04.2023,210238,new,treatment,0
16.04.2023,207445,new,control,0
16.04.2023,210373,new,control,0
16.04.2023,203662,old,treatment,0
16.04.2023,210843,old,control,0
16.04.2023,201319,old,control,0
16.04.2023,204644,new,treatment,0
16.04.2023,209631,new,control,0
16.04.2023,207963,old,control,0
16.04.2023,210495,new,control,0
16.04.2023,202577,new,control,0
16.04.2023,210729,new,control,0
16.04.2023,209307,new,control,0
16.04.2023,208085,old,control,0
16.04.2023,200290,new,treatment,0
16.04.2023,209516,old,treatment,0
16.04.2023,208291,old,control,0
16.04.2023,205456,old,treatment,0
16.04.2023,204233,old,control,0
16.04.2023,200653,old,control,0
16.04.2023,207986,new,treatment,0
16.04.2023,206642,new,treatment,1
16.04.2023,209312,old,treatment,0
16.04.2023,204908,new,treatment,0
16.04.2023,200125,old,control,0
16.04.2023,209840,old,treatment,0
16.04.2023,200528,new,treatment,0
16.04.2023,209556,old,treatment,0
16.04.2023,207491,new,control,0
16.04.2023,203760,new,treatment,0
16.04.2023,201409,new,control,0
16.04.2023,206368,new,treatment,0
16.04.2023,207157,old,control,0
16.04.2023,208370,old,treatment,0
16.04.2023,206904,old,treatment,1
16.04.2023,203507,new,control,0
17.04.2023,204652,old,treatment,0
17.04.2023,201545,old,control,0
17.04.2023,207970,old,treatment,0
17.04.2023,201993,new,control,1
17.04.2023,210342,old,treatment,0
17.04.2023,200946,new,treatment,0
17.04.2023,207595,old,control,0
17.04.2023,204053,new,control,0
17.04.2023,208587,old,control,0
17.04.2023,202195,old,control,0
17.04.2023,205548,new,treatment,0
17.04.2023,206027,new,control,0
17.04.2023,204301,new,control,0
17.04.2023,207223,old,control,0
17.04.2023,204972,new,treatment,0
17.04.2023,206307,old,control,0
17.04.2023,210380,new,treatment,0
17.04.2023,205443,new,control,0
17.04.2023,200085,new,control,0
17.04.2023,205323,old,control,1
17.04.2023,209243,new,control,0
17.04.2023,204009,old,control,1
17.04.2023,206426,old,treatment,0
17.04.2023,205032,new,treatment,1
17.04.2023,208506,new,treatment,1
17.04.2023,203748,new,treatment,0
17.04.2023,200558,new,treatment,0
17.04.2023,209636,old,treatment,0
17.04.2023,204543,new,control,0
17.04.2023,208281,new,control,0
17.04.2023,201485,old,control,1
17.04.2023,206595,new,control,1
17.04.2023,205595,new,control,0
17.04.2023,206217,old,control,0
17.04.2023,202175,old,control,0
17.04.2023,203657,old,control,0
17.04.2023,205725,new,control,0
17.04.2023,202998,new,treatment,0
17.04.2023,200492,new,treatment,0
17.04.2023,209555,new,control,0
17.04.2023,208533,new,control,0
17.04.2023,210616,old,treatment,0
17.04.2023,209643,old,control,0
17.04.2023,209606,old,treatment,0
17.04.2023,208367,old,control,0
17.04.2023,205111,new,control,0
17.04.2023,200844,new,treatment,0
17.04.2023,201637,new,control,0
17.04.2023,209391,new,control,0
17.04.2023,206688,old,treatment,0
17.04.2023,202317,old,control,0
17.04.2023,202025,new,control,0
17.04.2023,210054,old,treatment,0
17.04.2023,204985,new,control,0
17.04.2023,204306,old,treatment,0
17.04.2023,209522,new,treatment,0
17.04.2023,204874,new,treatment,0
17.04.2023,202443,old,control,0
17.04.2023,201428,new,treatment,0
17.04.2023,206195,old,control,1
17.04.2023,205040,old,treatment,0
17.04.2023,209574,new,treatment,0
17.04.2023,201471,old,control,0
17.04.2023,208148,old,treatment,0
17.04.2023,207009,new,control,0
17.04.2023,200802,old,treatment,0
17.04.2023,202433,old,control,0
17.04.2023,208827,new,control,0
17.04.2023,206600,new,treatment,0
17.04.2023,202238,old,treatment,0
17.04.2023,209427,old,control,0
17.04.2023,202991,old,control,0
17.04.2023,206150,old,treatment,0
17.04.2023,200504,old,treatment,0
17.04.2023,207976,new,treatment,0
17.04.2023,209341,new,control,0
17.04.2023,209917,new,control,0
17.04.2023,210810,old,treatment,0
17.04.2023,200120,new,treatment,0
17.04.2023,206552,new,treatment,0
17.04.2023,210141,new,control,0
17.04.2023,204231,old,control,0
17.04.2023,200513,old,control,0
17.04.2023,203991,new,control,0
17.04.2023,207260,old,treatment,0
17.04.2023,207862,old,treatment,0
17.04.2023,202300,old,treatment,0
17.04.2023,208519,new,control,0
17.04.2023,209424,new,treatment,0
17.04.2023,201056,new,treatment,0
17.04.2023,209003,new,control,0
17.04.2023,209611,new,control,0
17.04.2023,210479,new,control,0
17.04.2023,207173,old,control,0
17.04.2023,206708,old,treatment,0
17.04.2023,206501,new,control,0
17.04.2023,208375,new,control,0
17.04.2023,202573,old,control,0
17.04.2023,205301,old,control,0
17.04.2023,206632,old,treatment,0
17.04.2023,204589,old,control,0
17.04.2023,200861,old,control,0
17.04.2023,204836,new,treatment,0
17.04.2023,201280,old,treatment,0
17.04.2023,210787,old,control,0
17.04.2023,210972,new,treatment,0
17.04.2023,205497,new,control,0
17.04.2023,200400,old,treatment,0
17.04.2023,206304,new,treatment,0
17.04.2023,203042,old,treatment,0
17.04.2023,204521,old,control,0
17.04.2023,200299,old,control,0
17.04.2023,201641,new,control,0
17.04.2023,203688,new,treatment,0
17.04.2023,201255,old,control,0
17.04.2023,208838,old,treatment,0
17.04.2023,201469,new,control,0
17.04.2023,203545,new,control,0
17.04.2023,207576,new,treatment,0
17.04.2023,201576,old,treatment,0
17.04.2023,202406,new,treatment,0
17.04.2023,210352,old,treatment,0
17.04.2023,206022,old,treatment,0
17.04.2023,208619,new,control,0
17.04.2023,206612,old,treatment,1
17.04.2023,203697,new,control,0
17.04.2023,207785,old,control,0
17.04.2023,201272,old,treatment,1
17.04.2023,203128,old,treatment,0
17.04.2023,203364,new,treatment,0
17.04.2023,208592,old,treatment,0
17.04.2023,203781,new,control,0
17.04.2023,205909,old,control,0
17.04.2023,207561,old,control,0
17.04.2023,203296,old,treatment,0
17.04.2023,202824,new,treatment,0
17.04.2023,202146,old,treatment,1
17.04.2023,201678,old,treatment,0
17.04.2023,202031,old,control,0
17.04.2023,201647,old,control,0
17.04.2023,206206,new,treatment,0
17.04.2023,209467,new,control,0
17.04.2023,210252,old,treatment,0
17.04.2023,202771,old,control,0
17.04.2023,208348,old,treatment,0
17.04.2023,205219,new,control,0
17.04.2023,205832,old,treatment,0
17.04.2023,204909,old,control,0
17.04.2023,201957,new,control,0
17.04.2023,202271,old,control,0
17.04.2023,208616,old,treatment,0
17.04.2023,208844,old,treatment,0
17.04.2023,208615,old,control,0
17.04.2023,206523,new,control,0
17.04.2023,205081,old,control,0
17.04.2023,209474,old,treatment,0
17.04.2023,210710,new,treatment,0
17.04.2023,208680,new,treatment,0
17.04.2023,208021,new,control,0
17.04.2023,209913,old,control,0
17.04.2023,207820,new,treatment,1
17.04.2023,208028,old,treatment,0
17.04.2023,207849,old,control,0
17.04.2023,210837,old,control,0
17.04.2023,202773,new,control,0
18.04.2023,207073,new,control,0
18.04.2023,206831,new,control,0
18.04.2023,203444,old,treatment,0
18.04.2023,208936,new,treatment,0
18.04.2023,208243,new,control,0
18.04.2023,204211,new,control,1
18.04.2023,206083,old,control,0
18.04.2023,204607,old,control,0
18.04.2023,203591,old,control,0
18.04.2023,203214,new,treatment,1
18.04.2023,210157,new,control,0
18.04.2023,202842,old,treatment,0
18.04.2023,200203,old,control,0
18.04.2023,201836,new,treatment,0
18.04.2023,203999,new,control,0
18.04.2023,200754,old,treatment,0
18.04.2023,209534,old,treatment,0
18.04.2023,205052,old,treatment,0
18.04.2023,200479,old,control,1
18.04.2023,206105,old,control,0
18.04.2023,210374,old,treatment,0
18.04.2023,202319,new,control,1
18.04.2023,201509,old,control,0
18.04.2023,201394,new,treatment,1
18.04.2023,205766,new,treatment,0
18.04.2023,205101,old,control,0
18.04.2023,210175,new,control,0
18.04.2023,202634,new,treatment,0
18.04.2023,205155,old,control,1
18.04.2023,209713,old,control,0
18.04.2023,203912,old,treatment,0
18.04.2023,200161,old,control,0
18.04.2023,206409,old,control,0
18.04.2023,207716,new,treatment,0
18.04.2023,209519,old,control,0
18.04.2023,200113,new,control,0
18.04.2023,202848,new,treatment,0
18.04.2023,208233,old,control,0
18.04.2023,201435,old,control,0
18.04.2023,208272,old,treatment,0
18.04.2023,204143,old,control,0
18.04.2023,205104,new,treatment,0
18.04.2023,205178,old,treatment,0
18.04.2023,207861,old,control,0
18.04.2023,201948,old,treatment,0
18.04.2023,206863,old,control,0
18.04.2023,205322,new,treatment,0
18.04.2023,200790,old,treatment,0
18.04.2023,202152,new,treatment,0
18.04.2023,206159,new,control,0
18.04.2023,207494,new,treatment,0
18.04.2023,210838,old,treatment,0
18.04.2023,209320,old,treatment,0
18.04.2023,207800,old,treatment,0
18.04.2023,211004,new,treatment,0
18.04.2023,206405,old,control,0
18.04.2023,210416,new,treatment,0
18.04.2023,205896,old,treatment,0
18.04.2023,210583,new,control,0
18.04.2023,201250,new,treatment,0
18.04.2023,205658,new,treatment,0
18.04.2023,206938,old,treatment,0
18.04.2023,203230,old,treatment,0
18.04.2023,208517,new,control,0
18.04.2023,210723,new,control,1
18.04.2023,210938,new,treatment,1
18.04.2023,206921,new,control,1
18.04.2023,207891,new,control,0
18.04.2023,210739,new,control,0
18.04.2023,202080,old,treatment,0
18.04.2023,201663,new,control,1
18.04.2023,205190,old,treatment,0
18.04.2023,210629,old,control,0
18.04.2023,201387,old,control,0
18.04.2023,210045,old,control,0
18.04.2023,202929,old,control,0
18.04.2023,208886,new,treatment,0
18.04.2023,209961,old,control,0
18.04.2023,210624,old,treatment,0
18.04.2023,202353,old,control,0
18.04.2023,206035,new,control,0
18.04.2023,204247,old,control,0
18.04.2023,210546,old,treatment,0
18.04.2023,208646,new,treatment,0
18.04.2023,210825,old,control,0
18.04.2023,208610,old,treatment,0
18.04.2023,208953,old,control,0
18.04.2023,208408,new,treatment,0
18.04.2023,205974,old,treatment,0
18.04.2023,205031,new,control,0
18.04.2023,201975,old,control,0
18.04.2023,208248,old,treatment,0
18.04.2023,208158,old,treatment,0
18.04.2023,208313,old,control,1
18.04.2023,201474,new,treatment,0
18.04.2023,201977,old,control,0
18.04.2023,207881,new,control,0
18.04.2023,203857,new,control,0
18.04.2023,210012,old,treatment,0
18.04.2023,207485,new,control,0
18.04.2023,205940,new,treatment,0
18.04.2023,205316,old,treatment,0
18.04.2023,203094,old,treatment,0
18.04.2023,208224,old,treatment,0
18.04.2023,206858,old,treatment,0
18.04.2023,210633,old,control,0
18.04.2023,202920,old,treatment,0
18.04.2023,210235,old,control,0
18.04.2023,202592,new,treatment,0
18.04.2023,210254,new,treatment,0
18.04.2023,202057,old,control,0
18.04.2023,202394,new,treatment,0
18.04.2023,208714,new,treatment,0
18.04.2023,204931,new,control,0
18.04.2023,201693,old,control,0
18.04.2023,209447,new,control,0
18.04.2023,203463,old,control,0
18.04.2023,211020,old,treatment,0
18.04.2023,204888,old,treatment,0
18.04.2023,209480,old,treatment,0
18.04.2023,210074,old,treatment,0
18.04.2023,206592,new,treatment,0
18.04.2023,203199,new,control,0
18.04.2023,203575,old,control,0
18.04.2023,202525,new,control,0
18.04.2023,205303,old,control,0
18.04.2023,206449,new,control,0
18.04.2023,205361,old,control,0
18.04.2023,207903,new,control,0
18.04.2023,208794,new,treatment,1
18.04.2023,207031,new,control,0
18.04.2023,201212,old,treatment,0
18.04.2023,200291,old,control,0
18.04.2023,202523,old,control,0
18.04.2023,201304,old,treatment,0
18.04.2023,210679,new,control,0
18.04.2023,200912,old,treatment,0
18.04.2023,208329,new,control,0
18.04.2023,210811,old,control,0
18.04.2023,201052,old,treatment,0
18.04.2023,203095,new,control,0
18.04.2023,201984,old,treatment,0
18.04.2023,206793,old,control,0
18.04.2023,210114,new,treatment,0
18.04.2023,202606,old,treatment,0
18.04.2023,210809,old,control,0
18.04.2023,204173,old,control,0
18.04.2023,208900,new,treatment,0
18.04.2023,208415,new,control,0
18.04.2023,208464,old,treatment,0
18.04.2023,205196,new,treatment,0
18.04.2023,204857,old,control,0
18.04.2023,206459,new,control,0
18.04.2023,204852,new,treatment,0
18.04.2023,206020,new,treatment,0
18.04.2023,208977,new,control,0
18.04.2023,208729,old,control,0
18.04.2023,205428,old,treatment,0
18.04.2023,204848,new,treatment,0
18.04.2023,208431,old,control,0
18.04.2023,207058,new,treatment,0
18.04.2023,203945,new,control,1
18.04.2023,200940,old,treatment,0
18.04.2023,210223,new,control,0
18.04.2023,211030,old,treatment,1
19.04.2023,207691,new,control,0
19.04.2023,201454,new,treatment,1
19.04.2023,208756,new,treatment,0
19.04.2023,208924,old,treatment,0
19.04.2023,208972,new,treatment,1
19.04.2023,207088,old,treatment,0
19.04.2023,205062,old,treatment,0
19.04.2023,203718,new,treatment,0
19.04.2023,208401,old,control,0
19.04.2023,209297,old,control,0
19.04.2023,204154,old,treatment,0
19.04.2023,208307,old,control,0
19.04.2023,204656,old,treatment,0
19.04.2023,209407,old,control,0
19.04.2023,203428,old,treatment,0
19.04.2023,201730,old,treatment,1
19.04.2023,204803,new,control,0
19.04.2023,202603,old,control,0
19.04.2023,208236,old,treatment,0
19.04.2023,203822,old,treatment,0
19.04.2023,206504,old,treatment,0
19.04.2023,201822,old,treatment,0
19.04.2023,200917,old,control,1
19.04.2023,206675,old,control,0
19.04.2023,210804,new,treatment,0
19.04.2023,205559,old,control,0
19.04.2023,203505,old,control,0
19.04.2023,200675,new,control,0
19.04.2023,202467,old,control,0
19.04.2023,202222,old,treatment,0
19.04.2023,202820,old,treatment,0
19.04.2023,201714,old,treatment,0
19.04.2023,200140,old,treatment,0
19.04.2023,207463,old,control,0
19.04.2023,203687,new,control,0
19.04.2023,209014,old,treatment,0
19.04.2023,205877,new,control,0
19.04.2023,203021,new,control,0
19.04.2023,203262,new,treatment,0
19.04.2023,200452,old,treatment,0
19.04.2023,205546,new,treatment,0
19.04.2023,200744,new,treatment,0
19.04.2023,204194,new,treatment,0
19.04.2023,203525,new,control,0
19.04.2023,200197,old,control,1
19.04.2023,204270,new,treatment,0
19.04.2023,207685,new,control,0
19.04.2023,207481,new,control,0
19.04.2023,207160,old,treatment,0
19.04.2023,206775,old,control,0
19.04.2023,204118,old,treatment,1
19.04.2023,208775,new,control,0
19.04.2023,208429,new,control,0
19.04.2023,203391,new,control,0
19.04.2023,205905,old,control,0
19.04.2023,209152,old,treatment,0
19.04.2023,210790,old,treatment,0
19.04.2023,201741,new,control,0
19.04.2023,200440,new,treatment,0
19.04.2023,208564,old,treatment,0
19.04.2023,201521,old,control,0
19.04.2023,210950,new,treatment,1
19.04.2023,204735,new,control,0
19.04.2023,204472,new,treatment,0
19.04.2023,203076,new,treatment,0
19.04.2023,206353,old,control,0
19.04.2023,208397,old,control,0
19.04.2023,207942,old,treatment,0
19.04.2023,204047,old,control,0
19.04.2023,201554,old,treatment,0
19.04.2023,204435,new,control,0
19.04.2023,206923,new,control,0
19.04.2023,204030,new,treatment,0
19.04.2023,208109,old,control,0
19.04.2023,210921,old,control,0
19.04.2023,204915,old,control,0
19.04.2023,201408,old,treatment,1
19.04.2023,205977,old,control,1
19.04.2023,200390,new,treatment,0
19.04.2023,200865,new,control,1
19.04.2023,206312,new,treatment,0
19.04.2023,206777,new,control,0
19.04.2023,208870,new,treatment,0
19.04.2023,206276,new,treatment,0
19.04.2023,208557,old,control,0
19.04.2023,209387,new,control,0
19.04.2023,202399,new,control,0
19.04.2023,202037,old,control,0
19.04.2023,204788,new,treatment,0
19.04.2023,202430,old,treatment,0
19.04.2023,202564,old,treatment,0
19.04.2023,209397,old,control,0
19.04.2023,209292,old,treatment,0
19.04.2023,201263,new,control,0
19.04.2023,206497,old,control,0
19.04.2023,204753,old,control,0
19.04.2023,200159,old,control,0
19.04.2023,209679,new,control,1
19.04.2023,210568,old,treatment,1
19.04.2023,200329,new,control,0
19.04.2023,203416,old,treatment,0
19.04.2023,209929,new,control,0
19.04.2023,201220,old,treatment,0
19.04.2023,204031,new,control,0
19.04.2023,200516,old,treatment,0
19.04.2023,207744,new,treatment,0
19.04.2023,202068,new,treatment,0
19.04.2023,201635,new,control,0
19.04.2023,200416,old,treatment,0
19.04.2023,200364,old,treatment,0
19.04.2023,205879,old,control,1
19.04.2023,207831,new,control,0
19.04.2023,208095,new,control,0
19.04.2023,207659,old,control,0
19.04.2023,210005,new,control,0
19.04.2023,205991,old,control,0
19.04.2023,208805,old,control,0
19.04.2023,203031,old,control,0
19.04.2023,208325,old,control,0
19.04.2023,210069,new,control,0
19.04.2023,208500,old,treatment,0
19.04.2023,204028,old,treatment,0
19.04.2023,204100,new,treatment,0
19.04.2023,202423,new,control,0
19.04.2023,204605,new,control,0
19.04.2023,207001,old,control,1
19.04.2023,204240,new,treatment,0
19.04.2023,200220,old,treatment,0
19.04.2023,208161,old,control,0
19.04.2023,200142,new,treatment,0
19.04.2023,200138,new,treatment,0
19.04.2023,203984,new,treatment,0
19.04.2023,200187,old,control,0
19.04.2023,209784,old,treatment,0
19.04.2023,203090,new,treatment,1
19.04.2023,209724,old,treatment,0
19.04.2023,204170,old,treatment,0
19.04.2023,208781,old,control,0
19.04.2023,208088,new,treatment,0
19.04.2023,201060,old,treatment,0
19.04.2023,201804,new,treatment,0
19.04.2023,201769,new,control,0
19.04.2023,200098,old,treatment,0
19.04.2023,200349,old,control,0
19.04.2023,203117,new,control,0
19.04.2023,204701,new,control,0
19.04.2023,200826,old,treatment,0
19.04.2023,208903,old,control,0
19.04.2023,209758,old,treatment,0
19.04.2023,200565,old,control,0
19.04.2023,204265,new,control,0
19.04.2023,209542,old,treatment,0
19.04.2023,205370,new,treatment,0
19.04.2023,208599,old,control,0
19.04.2023,208063,old,control,0
19.04.2023,208286,old,treatment,0
19.04.2023,209096,new,treatment,0
19.04.2023,204322,new,treatment,1
19.04.2023,202388,new,treatment,0
19.04.2023,203385,old,control,0
19.04.2023,209138,new,treatment,0
19.04.2023,200183,old,control,0
19.04.2023,205426,old,treatment,0
19.04.2023,203523,new,control,0
19.04.2023,200518,new,treatment,0
20.04.2023,205943,old,control,0
20.04.2023,202711,new,control,0
20.04.2023,201277,old,control,0
20.04.2023,209408,old,treatment,0
20.04.2023,204734,old,treatment,0
20.04.2023,205409,new,control,0
20.04.2023,205704,new,treatment,0
20.04.2023,207128,old,treatment,0
20.04.2023,206227,new,control,0
20.04.2023,205018,old,treatment,0
20.04.2023,210539,new,control,0
20.04.2023,206315,old,control,0
20.04.2023,201097,old,control,0
20.04.2023,206173,old,control,0
20.04.2023,202347,new,control,0
20.04.2023,204754,new,treatment,0
20.04.2023,209146,old,treatment,0
20.04.2023,202894,new,treatment,0
20.04.2023,203753,new,control,0
20.04.2023,201588,new,treatment,0
20.04.2023,209129,old,control,1
20.04.2023,201728,old,treatment,0
20.04.2023,201691,old,control,0
20.04.2023,207459,old,control,1
20.04.2023,208808,new,treatment,0
20.04.2023,207776,new,treatment,0
20.04.2023,206358,old,treatment,0
20.04.2023,209032,old,treatment,0
20.04.2023,202020,old,treatment,0
20.04.2023,208776,new,treatment,0
20.04.2023,209213,new,control,0
20.04.2023,205596,new,treatment,0
20.04.2023,208298,old,treatment,1
20.04.2023,209801,new,control,0
20.04.2023,209224,old,treatment,0
20.04.2023,210919,new,control,1
20.04.2023,207269,new,control,0
20.04.2023,208581,old,control,0
20.04.2023,202678,old,treatment,0
20.04.2023,210782,old,treatment,0
20.04.2023,201508,old,treatment,0
20.04.2023,208981,new,control,0
20.04.2023,207918,old,treatment,0
20.04.2023,207185,old,control,0
20.04.2023,204761,old,control,0
20.04.2023,210901,new,control,0
20.04.2023,210886,old,treatment,0
20.04.2023,207400,old,treatment,0
20.04.2023,205389,old,control,0
20.04.2023,205893,new,control,0
20.04.2023,209311,new,control,0
20.04.2023,207603,new,control,0
20.04.2023,207528,old,treatment,0
20.04.2023,206350,old,treatment,0
20.04.2023,200882,old,treatment,0
20.04.2023,209304,new,treatment,0
20.04.2023,202959,new,control,0
20.04.2023,204463,old,control,0
20.04.2023,204606,old,treatment,0
20.04.2023,208059,old,control,0
20.04.2023,204981,old,control,0
20.04.2023,207997,old,control,1
20.04.2023,206559,old,control,0
20.04.2023,203907,old,control,0
20.04.2023,202507,old,control,0
20.04.2023,203551,old,control,0
20.04.2023,201058,new,treatment,0
20.04.2023,206469,new,control,0
20.04.2023,201951,old,control,0
20.04.2023,201839,old,control,0
20.04.2023,200548,new,treatment,0
20.04.2023,204253,new,control,0
20.04.2023,205742,old,treatment,0
20.04.2023,201094,new,treatment,0
20.04.2023,207158,old,treatment,0
20.04.2023,200069,new,control,0
20.04.2023,205917,new,control,0
20.04.2023,207781,old,control,0
20.04.2023,209778,new,treatment,0
20.04.2023,210579,new,control,0
20.04.2023,200953,old,control,0
20.04.2023,204822,old,treatment,0
20.04.2023,207089,old,control,0
20.04.2023,202079,old,control,0
20.04.2023,205964,old,treatment,0
20.04.2023,204722,old,treatment,0
20.04.2023,202224,new,treatment,0
20.04.2023,203161,old,control,0
20.04.2023,204298,new,treatment,0
20.04.2023,209863,old,control,0
20.04.2023,205566,old,treatment,1
20.04.2023,210531,new,control,0
20.04.2023,204727,old,control,0
20.04.2023,208052,old,treatment,0
20.04.2023,207956,new,treatment,0
20.04.2023,201887,new,control,0
20.04.2023,206756,old,treatment,0
20.04.2023,208183,old,control,0
20.04.2023,206007,old,control,0
20.04.2023,209634,old,treatment,1
20.04.2023,202658,old,treatment,0
20.04.2023,206339,new,control,0
20.04.2023,201378,new,treatment,0
20.04.2023,209811,old,control,0
20.04.2023,210606,old,treatment,0
20.04.2023,204778,old,treatment,0
20.04.2023,203436,old,treatment,0
20.04.2023,208097,new,control,0
20.04.2023,204424,new,treatment,0
20.04.2023,200841,old,control,0
20.04.2023,207152,old,treatment,0
20.04.2023,204361,new,control,0
20.04.2023,208654,new,treatment,0
20.04.2023,202666,old,treatment,0
20.04.2023,206378,new,treatment,0
20.04.2023,209530,old,treatment,0
20.04.2023,204417,old,control,0
20.04.2023,200325,old,control,0
20.04.2023,201743,old,control,0
20.04.2023,207341,old,control,0
20.04.2023,206200,new,treatment,0
20.04.2023,206737,old,control,0
20.04.2023,208798,old,treatment,0
20.04.2023,201725,old,control,0
20.04.2023,208527,old,control,0
20.04.2023,201500,old,treatment,0
20.04.2023,208316,new,treatment,0
20.04.2023,204742,new,treatment,0
20.04.2023,210979,old,control,0
20.04.2023,209347,old,control,0
20.04.2023,203071,new,control,0
20.04.2023,210203,old,control,1
20.04.2023,203893,new,control,0
20.04.2023,210153,new,control,0
20.04.2023,209278,new,treatment,0
20.04.2023,208419,new,control,1
20.04.2023,203616,old,treatment,0
20.04.2023,206062,new,treatment,0
20.04.2023,200847,new,control,0
20.04.2023,209684,old,treatment,0
20.04.2023,206058,new,treatment,0
20.04.2023,204993,new,control,0
20.04.2023,209915,new,control,0
20.04.2023,205328,new,treatment,0
20.04.2023,206728,new,treatment,0
20.04.2023,202822,new,treatment,0
20.04.2023,203240,old,treatment,0
20.04.2023,203098,new,treatment,0
20.04.2023,210204,new,treatment,0
20.04.2023,201096,new,treatment,0
20.04.2023,204769,old,control,0
20.04.2023,202567,old,control,1
20.04.2023,205541,old,control,0
20.04.2023,203654,new,treatment,0
20.04.2023,206757,old,control,0
20.04.2023,206558,new,treatment,0
20.04.2023,205321,old,control,0
20.04.2023,203750,old,treatment,0
20.04.2023,210949,old,control,0
20.04.2023,201664,old,treatment,0
20.04.2023,206929,new,control,0
20.04.2023,207928,old,treatment,0
20.04.2023,202661,old,control,0
20.04.2023,201320,old,treatment,0
20.04.2023,210565,old,control,0
21.04.2023,208914,new,treatment,0
21.04.2023,209893,old,control,0
21.04.2023,207290,old,treatment,0
21.04.2023,208227,old,control,0
21.04.2023,208554,old,treatment,0
21.04.2023,202099,new,control,0
21.04.2023,207482,new,treatment,0
21.04.2023,206142,old,treatment,0
21.04.2023,209704,old,treatment,0
21.04.2023,208757,old,control,0
21.04.2023,202092,new,treatment,1
21.04.2023,209581,old,control,0
21.04.2023,207267,old,control,1
21.04.2023,200531,old,control,0
21.04.2023,206348,old,treatment,0
21.04.2023,200005,new,control,0
21.04.2023,202208,new,treatment,0
21.04.2023,204261,new,control,0
21.04.2023,208081,old,control,0
21.04.2023,204428,new,treatment,0
21.04.2023,202770,old,treatment,0
21.04.2023,205502,old,treatment,0
21.04.2023,201483,old,control,0
21.04.2023,210215,old,control,0
21.04.2023,204596,new,treatment,1
21.04.2023,203894,new,treatment,0
21.04.2023,202290,new,treatment,0
21.04.2023,202126,old,treatment,0
21.04.2023,210021,new,control,0
21.04.2023,204843,old,control,0
21.04.2023,210926,new,treatment,0
21.04.2023,203358,old,treatment,0
21.04.2023,201200,old,treatment,0
21.04.2023,207492,new,treatment,0
21.04.2023,200885,new,control,0
21.04.2023,208565,old,control,0
21.04.2023,201298,new,treatment,0
21.04.2023,201652,new,treatment,0
21.04.2023,205952,old,treatment,0
21.04.2023,200030,old,treatment,0
21.04.2023,202553,old,control,0
21.04.2023,206981,new,control,0
21.04.2023,202560,new,treatment,0
21.04.2023,200003,new,control,0
21.04.2023,202295,new,control,0
21.04.2023,206119,old,control,1
21.04.2023,201343,old,control,0
21.04.2023,208446,old,treatment,0
21.04.2023,205998,old,treatment,0
21.04.2023,201279,old,control,0
21.04.2023,203949,old,control,0
21.04.2023,204101,new,control,0
21.04.2023,209785,old,control,0
21.04.2023,207338,new,treatment,0
21.04.2023,207024,new,treatment,0
21.04.2023,209587,old,control,0
21.04.2023,208812,old,treatment,0
21.04.2023,207546,old,treatment,0
21.04.2023,207016,old,treatment,0
21.04.2023,208606,new,treatment,0
21.04.2023,203258,new,treatment,0
21.04.2023,210705,new,control,0
21.04.2023,208371,new,control,1
21.04.2023,204872,old,treatment,0
21.04.2023,208470,old,treatment,0
21.04.2023,206712,old,treatment,1
21.04.2023,204252,new,treatment,0
21.04.2023,211023,new,control,0
21.04.2023,201453,new,control,0
21.04.2023,204158,old,treatment,0
21.04.2023,209293,old,control,0
21.04.2023,209794,new,treatment,1
21.04.2023,202485,old,control,0
21.04.2023,208273,old,control,0
21.04.2023,201685,old,control,0
21.04.2023,210907,new,control,0
21.04.2023,208520,new,treatment,0
21.04.2023,210283,new,control,0
21.04.2023,210768,old,treatment,0
21.04.2023,210247,old,control,0
21.04.2023,206221,old,control,0
21.04.2023,205141,new,control,0
21.04.2023,202704,new,treatment,0
21.04.2023,207076,new,treatment,0
21.04.2023,206077,old,control,0
21.04.2023,206404,new,treatment,0
21.04.2023,207874,old,treatment,0
21.04.2023,210143,new,control,0
21.04.2023,201708,new,treatment,1
21.04.2023,202759,new,control,0
21.04.2023,210369,new,control,0
21.04.2023,202466,old,treatment,1
21.04.2023,202127,old,control,0
21.04.2023,202780,new,treatment,0
21.04.2023,208118,old,treatment,0
21.04.2023,204615,old,control,0
21.04.2023,210170,new,treatment,1
21.04.2023,202844,new,treatment,0
21.04.2023,209848,old,treatment,0
21.04.2023,200346,old,treatment,0
21.04.2023,206727,new,control,0
21.04.2023,207178,old,treatment,0
21.04.2023,205240,old,treatment,1
21.04.2023,211012,old,treatment,0
21.04.2023,202926,old,treatment,0
21.04.2023,209093,new,control,0
21.04.2023,205797,old,control,0
21.04.2023,206250,new,treatment,1
21.04.2023,208797,old,control,0
21.04.2023,207234,old,treatment,0
21.04.2023,203530,old,treatment,0
21.04.2023,206717,old,control,0
21.04.2023,202194,old,treatment,0
21.04.2023,200937,old,control,0
21.04.2023,210201,new,control,0
21.04.2023,207676,old,treatment,0
21.04.2023,205830,old,treatment,0
21.04.2023,201874,new,treatment,0
21.04.2023,209590,old,treatment,0
21.04.2023,206377,new,control,0
21.04.2023,206064,new,treatment,0
21.04.2023,204553,new,control,0
21.04.2023,206766,new,treatment,0
21.04.2023,210346,old,treatment,0
21.04.2023,209181,old,control,0
21.04.2023,210890,old,treatment,0
21.04.2023,206416,old,treatment,0
21.04.2023,209714,old,treatment,1
21.04.2023,209484,old,treatment,0
21.04.2023,206730,new,treatment,0
21.04.2023,206048,new,treatment,0
21.04.2023,207920,new,treatment,0
21.04.2023,210378,new,treatment,0
21.04.2023,209173,new,control,0
21.04.2023,208194,new,treatment,0
21.04.2023,209264,old,treatment,1
21.04.2023,210559,new,control,1
21.04.2023,201412,new,treatment,0
21.04.2023,201245,old,control,0
21.04.2023,205787,old,control,0
21.04.2023,207103,old,control,0
21.04.2023,205260,new,treatment,0
21.04.2023,201522,old,treatment,1
21.04.2023,205479,new,control,0
21.04.2023,208024,old,treatment,0
21.04.2023,208496,new,treatment,1
21.04.2023,201757,new,control,0
21.04.2023,208358,old,treatment,0
21.04.2023,203277,new,control,0
21.04.2023,206908,old,treatment,1
21.04.2023,209559,old,control,0
21.04.2023,209628,new,treatment,0
21.04.2023,208852,new,treatment,1
21.04.2023,208899,old,control,0
21.04.2023,205297,old,control,1
21.04.2023,204887,new,control,0
21.04.2023,204654,old,treatment,0
21.04.2023,210937,old,control,0
21.04.2023,203837,old,control,0
21.04.2023,203285,new,control,0
21.04.2023,205234,old,treatment,0
21.04.2023,203393,new,control,0
21.04.2023,200512,new,treatment,0
21.04.2023,203566,new,treatment,0
21.04.2023,200740,old,treatment,0
22.04.2023,203465,new,control,1
22.04.2023,209350,new,treatment,0
22.04.2023,201057,old,control,0
22.04.2023,208645,old,control,0
22.04.2023,201709,old,control,0
22.04.2023,200714,new,treatment,0
22.04.2023,207597,new,control,0
22.04.2023,210146,old,treatment,0
22.04.2023,202559,old,control,0
22.04.2023,205647,old,control,0
22.04.2023,209406,new,treatment,0
22.04.2023,209418,old,treatment,0
22.04.2023,210597,old,control,1
22.04.2023,208877,old,control,0
22.04.2023,206427,new,control,1
22.04.2023,200304,old,treatment,0
22.04.2023,208144,old,treatment,0
22.04.2023,200482,old,treatment,1
22.04.2023,202478,old,treatment,0
22.04.2023,200152,new,treatment,0
22.04.2023,205862,new,treatment,0
22.04.2023,202056,old,treatment,0
22.04.2023,200131,new,control,0
22.04.2023,203445,new,control,0
22.04.2023,206989,old,control,0
22.04.2023,203639,new,control,0
22.04.2023,204038,old,treatment,0
22.04.2023,204309,old,control,0
22.04.2023,206547,new,control,0
22.04.2023,208297,new,control,0
22.04.2023,210489,old,control,0
22.04.2023,207698,old,treatment,0
22.04.2023,208104,old,treatment,0
22.04.2023,206381,old,control,1
22.04.2023,201418,old,treatment,0
22.04.2023,204702,old,treatment,0
22.04.2023,204012,new,treatment,0
22.04.2023,200910,old,treatment,0
22.04.2023,205634,new,treatment,0
22.04.2023,205561,old,control,0
22.04.2023,207023,old,control,0
22.04.2023,204138,old,treatment,0
22.04.2023,210052,old,treatment,0
22.04.2023,207374,new,treatment,0
22.04.2023,210186,new,treatment,0
22.04.2023,207731,old,control,0
22.04.2023,206729,old,control,0
22.04.2023,210533,old,control,0
22.04.2023,203239,old,control,0
22.04.2023,208927,old,control,0
22.04.2023,203440,new,treatment,0
22.04.2023,208630,old,treatment,0
22.04.2023,210477,new,control,0
22.04.2023,208018,old,treatment,0
22.04.2023,210738,old,treatment,1
22.04.2023,202437,new,control,0
22.04.2023,201117,old,control,0
22.04.2023,207856,old,treatment,0
22.04.2023,204961,old,control,0
22.04.2023,209762,new,treatment,0
22.04.2023,203667,old,control,0
22.04.2023,203383,new,control,0
22.04.2023,210412,new,treatment,0
22.04.2023,204860,new,treatment,0
22.04.2023,200405,new,control,0
22.04.2023,203261,new,control,0
22.04.2023,207815,new,control,0
22.04.2023,204662,old,treatment,1
22.04.2023,208241,old,control,0
22.04.2023,209111,old,control,0
22.04.2023,206412,old,treatment,0
22.04.2023,205752,old,treatment,0
22.04.2023,200480,new,treatment,0
22.04.2023,203489,old,control,0
22.04.2023,200661,old,control,0
22.04.2023,208978,new,treatment,0
22.04.2023,207117,old,control,0
22.04.2023,209306,new,treatment,0
22.04.2023,207070,new,treatment,0
22.04.2023,209835,old,control,0
22.04.2023,204257,old,control,0
22.04.2023,210111,old,control,0
22.04.2023,204464,new,treatment,0
22.04.2023,204383,old,control,0
22.04.2023,200502,old,treatment,0
22.04.2023,206851,old,control,1
22.04.2023,204726,old,treatment,0
22.04.2023,208244,new,treatment,1
22.04.2023,205799,new,control,0
22.04.2023,203257,old,control,0
22.04.2023,202717,old,control,0
22.04.2023,202426,old,treatment,0
22.04.2023,210140,new,treatment,0
22.04.2023,210500,new,treatment,0
22.04.2023,208252,old,treatment,0
22.04.2023,201687,old,control,0
22.04.2023,204744,old,treatment,1
22.04.2023,207748,new,treatment,1
22.04.2023,203482,new,treatment,0
22.04.2023,208066,new,treatment,0
22.04.2023,201446,new,treatment,0
22.04.2023,210766,new,treatment,0
22.04.2023,201413,new,control,0
22.04.2023,201699,old,control,0
22.04.2023,202774,old,treatment,1
22.04.2023,204027,old,control,0
22.04.2023,210978,new,treatment,0
22.04.2023,204693,old,control,1
22.04.2023,208311,old,control,0
22.04.2023,204832,new,treatment,0
22.04.2023,209352,old,treatment,0
22.04.2023,208332,new,treatment,0
22.04.2023,208056,old,treatment,0
22.04.2023,206876,old,treatment,0
22.04.2023,204323,new,control,0
22.04.2023,205373,old,control,0
22.04.2023,206383,old,control,0
22.04.2023,206133,old,control,0
22.04.2023,200332,new,treatment,0
22.04.2023,204500,old,treatment,0
22.04.2023,205165,new,control,0
22.04.2023,201237,old,control,0
22.04.2023,206972,old,treatment,1
22.04.2023,209385,new,control,0
22.04.2023,210222,new,treatment,0
22.04.2023,202942,old,treatment,0
22.04.2023,207668,new,treatment,0
22.04.2023,201732,old,treatment,0
22.04.2023,205507,new,control,0
22.04.2023,204129,new,control,0
22.04.2023,206872,old,treatment,0
22.04.2023,207397,new,control,0
22.04.2023,201978,old,treatment,0
22.04.2023,201297,old,control,0
22.04.2023,203855,old,control,0
22.04.2023,201258,old,treatment,0
22.04.2023,207034,old,treatment,0
22.04.2023,204210,old,treatment,0
22.04.2023,208807,new,control,1
22.04.2023,203490,new,treatment,0
22.04.2023,206367,old,control,0
22.04.2023,202016,new,treatment,0
22.04.2023,206248,old,treatment,1
22.04.2023,202311,new,control,0
22.04.2023,209799,new,control,0
22.04.2023,206823,new,control,0
22.04.2023,205020,old,treatment,0
22.04.2023,209984,old,treatment,0
22.04.2023,200699,new,control,0
22.04.2023,208582,old,treatment,1
22.04.2023,203814,old,treatment,0
22.04.2023,204432,old,treatment,0
22.04.2023,208478,old,treatment,0
22.04.2023,208966,old,treatment,0
22.04.2023,200730,new,treatment,0
22.04.2023,204854,old,treatment,0
22.04.2023,210590,new,treatment,0
22.04.2023,207742,old,treatment,0
22.04.2023,210760,old,treatment,0
22.04.2023,205635,old,control,0
22.04.2023,201731,new,control,0
22.04.2023,208839,old,control,0
22.04.2023,202091,new,control,1
22.04.2023,205046,old,treatment,0
22.04.2023,201541,new,control,0
23.04.2023,210427,old,control,0
23.04.2023,210945,old,control,0
23.04.2023,202901,old,control,0
23.04.2023,203509,old,control,0
23.04.2023,205352,new,treatment,0
23.04.2023,205172,old,treatment,0
23.04.2023,201768,old,treatment,0
23.04.2023,205012,old,treatment,0
23.04.2023,203628,new,treatment,0
23.04.2023,206966,new,treatment,0
23.04.2023,209270,new,treatment,0
23.04.2023,205331,old,control,1
23.04.2023,210517,new,control,1
23.04.2023,207437,old,control,0
23.04.2023,205639,new,control,0
23.04.2023,205971,old,control,1
23.04.2023,202835,old,control,0
23.04.2023,207432,old,treatment,0
23.04.2023,205413,new,control,0
23.04.2023,205798,new,treatment,0
23.04.2023,205296,old,treatment,0
23.04.2023,203604,old,treatment,0
23.04.2023,202764,old,treatment,1
23.04.2023,208811,old,control,0
23.04.2023,209613,old,control,0
23.04.2023,208800,old,treatment,0
23.04.2023,204201,old,control,0
23.04.2023,203235,new,control,0
23.04.2023,207067,new,control,0
23.04.2023,210557,new,control,0
23.04.2023,207502,new,treatment,0
23.04.2023,210547,old,control,0
23.04.2023,206492,new,treatment,0
23.04.2023,208713,new,control,0
23.04.2023,208706,old,treatment,0
23.04.2023,210249,new,control,0
23.04.2023,206744,old,treatment,0
23.04.2023,206535,new,control,0
23.04.2023,205521,old,control,0
23.04.2023,208132,old,treatment,0
23.04.2023,207302,new,treatment,0
23.04.2023,202502,old,treatment,0
23.04.2023,209763,old,control,0
23.04.2023,201362,old,treatment,0
23.04.2023,208043,old,control,0
23.04.2023,210542,old,treatment,0
23.04.2023,206385,old,control,0
23.04.2023,202240,new,treatment,0
23.04.2023,202827,old,control,0
23.04.2023,208151,new,control,0
23.04.2023,206379,new,control,0
23.04.2023,209865,old,control,0
23.04.2023,207466,old,treatment,0
23.04.2023,204313,new,control,0
23.04.2023,204054,old,treatment,0
23.04.2023,209989,old,control,0
23.04.2023,208113,new,control,0
23.04.2023,210282,new,treatment,0
23.04.2023,201778,old,treatment,0
23.04.2023,209712,old,treatment,0
23.04.2023,205645,new,control,0
23.04.2023,202578,old,treatment,0
23.04.2023,202237,old,control,0
23.04.2023,204373,old,control,1
23.04.2023,204564,old,treatment,0
23.04.2023,200222,new,treatment,0
23.04.2023,210212,new,treatment,0
23.04.2023,206902,old,treatment,0
23.04.2023,202800,new,treatment,0
23.04.2023,204002,old,treatment,0
23.04.2023,204698,new,treatment,0
23.04.2023,201830,old,treatment,0
23.04.2023,206274,old,treatment,0
23.04.2023,200880,old,treatment,0
23.04.2023,200179,old,control,0
23.04.2023,210319,old,control,0
23.04.2023,204203,old,control,0
23.04.2023,204042,new,treatment,0
23.04.2023,203190,new,treatment,0
23.04.2023,201776,new,treatment,0
23.04.2023,207273,old,control,0
23.04.2023,208473,old,control,0
23.04.2023,204120,old,treatment,0
23.04.2023,200807,old,control,0
23.04.2023,202072,old,treatment,0
23.04.2023,204618,new,treatment,0
23.04.2023,204711,old,control,0
23.04.2023,203225,new,control,0
23.04.2023,205929,old,control,0
23.04.2023,201781,new,control,0
23.04.2023,210285,new,control,1
23.04.2023,210977,new,control,0
23.04.2023,207722,old,treatment,0
23.04.2023,200303,new,control,0
23.04.2023,201965,new,control,0
23.04.2023,203517,new,control,0
23.04.2023,203722,old,treatment,0
23.04.2023,207975,new,control,0
23.04.2023,205452,new,treatment,1
23.04.2023,200211,new,control,0
23.04.2023,204767,old,control,1
23.04.2023,203656,old,treatment,0
23.04.2023,208907,old,control,0
23.04.2023,200000,old,treatment,0
23.04.2023,208274,new,treatment,0
23.04.2023,200759,old,control,0
23.04.2023,200491,old,control,0
23.04.2023,207074,old,treatment,0
23.04.2023,204405,old,control,0
23.04.2023,210948,new,treatment,0
23.04.2023,206596,old,treatment,0
23.04.2023,202687,old,control,1
23.04.2023,209838,old,treatment,1
23.04.2023,207377,new,control,0
23.04.2023,207086,new,treatment,0
23.04.2023,210802,new,treatment,1
23.04.2023,208321,new,control,0
23.04.2023,203469,new,control,0
23.04.2023,210337,old,control,0
23.04.2023,200677,old,control,0
23.04.2023,200020,old,treatment,0
23.04.2023,200643,old,control,0
23.04.2023,206710,old,treatment,0
23.04.2023,210402,new,treatment,0
23.04.2023,207718,old,treatment,0
23.04.2023,208003,old,control,0
23.04.2023,207887,old,control,0
23.04.2023,202405,new,control,0
23.04.2023,202718,old,treatment,1
23.04.2023,207782,old,treatment,0
23.04.2023,207557,old,control,0
23.04.2023,205726,old,treatment,0
23.04.2023,210861,new,control,0
23.04.2023,209054,old,treatment,0
23.04.2023,207870,new,treatment,0
23.04.2023,203636,new,treatment,1
23.04.2023,201716,old,treatment,0
23.04.2023,204364,old,treatment,0
23.04.2023,203959,new,control,0
23.04.2023,207798,old,treatment,0
23.04.2023,204782,old,treatment,0
23.04.2023,207211,new,control,0
23.04.2023,207448,old,treatment,0
23.04.2023,210839,new,control,0
23.04.2023,206043,old,control,0
23.04.2023,205170,new,treatment,0
23.04.2023,200791,new,control,0
23.04.2023,201543,old,control,0
23.04.2023,210834,new,treatment,0
23.04.2023,206854,new,treatment,0
23.04.2023,204037,old,control,1
23.04.2023,206589,new,control,0
23.04.2023,210824,new,treatment,0
23.04.2023,209573,old,control,0
23.04.2023,201285,new,control,0
23.04.2023,205984,old,treatment,0
23.04.2023,206879,new,control,0
23.04.2023,204819,old,control,1
23.04.2023,200391,old,control,0
23.04.2023,205363,new,control,0
23.04.2023,201043,old,control,0
23.04.2023,206761,new,control,0
23.04.2023,203407,old,control,0
23.04.2023,201401,old,control,0
23.04.2023,202681,old,control,0
24.04.2023,207111,old,control,0
24.04.2023,208490,old,treatment,0
24.04.2023,200446,old,treatment,0
24.04.2023,203169,new,control,0
24.04.2023,207099,old,control,0
24.04.2023,200426,new,treatment,0
24.04.2023,205885,new,control,0
24.04.2023,210995,old,control,0
24.04.2023,207661,old,control,0
24.04.2023,200448,old,treatment,1
24.04.2023,208060,old,treatment,0
24.04.2023,200011,old,control,0
24.04.2023,205508,old,treatment,0
24.04.2023,201190,old,treatment,0
24.04.2023,203229,old,control,0
24.04.2023,205773,old,control,1
24.04.2023,206683,new,control,0
24.04.2023,200635,old,control,0
24.04.2023,200932,new,treatment,0
24.04.2023,204172,old,treatment,0
24.04.2023,205356,new,treatment,0
24.04.2023,202615,new,control,0
24.04.2023,204755,new,control,0
24.04.2023,202077,old,control,1
24.04.2023,209537,old,control,0
24.04.2023,204552,old,treatment,0
24.04.2023,204530,old,treatment,0
24.04.2023,202141,old,control,0
24.04.2023,207319,old,control,0
24.04.2023,209166,old,treatment,0
24.04.2023,200072,new,treatment,0
24.04.2023,206581,old,control,0
24.04.2023,202677,old,control,0
24.04.2023,210080,old,treatment,0
24.04.2023,209696,new,treatment,0
24.04.2023,208766,old,treatment,0
24.04.2023,209207,old,control,0
24.04.2023,204637,old,control,0
24.04.2023,202520,old,treatment,0
24.04.2023,202558,new,treatment,0
24.04.2023,204839,old,control,0
24.04.2023,207253,old,control,0
24.04.2023,204921,new,control,0
24.04.2023,210057,old,control,0
24.04.2023,202396,new,treatment,0
24.04.2023,204796,old,treatment,0
24.04.2023,200053,old,control,0
24.04.2023,206885,old,control,0
24.04.2023,201533,new,control,0
24.04.2023,206629,new,control,0
24.04.2023,204922,old,treatment,0
24.04.2023,200957,new,control,0
24.04.2023,201943,new,control,0
24.04.2023,202760,new,treatment,0
24.04.2023,205700,old,treatment,0
24.04.2023,206314,old,treatment,0
24.04.2023,209721,old,control,0
24.04.2023,205092,old,treatment,0
24.04.2023,200369,old,control,0
24.04.2023,201381,new,control,0
24.04.2023,205030,old,treatment,0
24.04.2023,205630,old,treatment,0
24.04.2023,209852,new,treatment,0
24.04.2023,201130,old,treatment,0
24.04.2023,201191,new,control,0
24.04.2023,209402,old,treatment,0
24.04.2023,208702,old,treatment,0
24.04.2023,208665,old,control,0
24.04.2023,205967,new,control,0
24.04.2023,206962,new,treatment,0
24.04.2023,201116,old,treatment,0
24.04.2023,207886,new,treatment,0
24.04.2023,203484,old,treatment,0
24.04.2023,201989,old,control,0
24.04.2023,208618,new,treatment,1
24.04.2023,208406,new,treatment,0
24.04.2023,200931,new,control,0
24.04.2023,205661,new,control,0
24.04.2023,203309,old,control,0
24.04.2023,200350,new,treatment,0
24.04.2023,203056,old,treatment,0
24.04.2023,201905,new,control,0
24.04.2023,200165,old,control,0
24.04.2023,204156,new,treatment,0
24.04.2023,200943,new,control,0
24.04.2023,203367,old,control,0
24.04.2023,205673,old,control,0
24.04.2023,210039,new,control,1
24.04.2023,210765,new,control,0
24.04.2023,202294,new,treatment,0
24.04.2023,206803,old,control,0
24.04.2023,204090,new,treatment,0
24.04.2023,204986,old,treatment,0
24.04.2023,203468,old,treatment,0
24.04.2023,208725,new,control,0
24.04.2023,210827,old,control,0
24.04.2023,202604,new,treatment,0
24.04.2023,200289,old,control,1
24.04.2023,201098,old,treatment,0
24.04.2023,204535,old,control,0
24.04.2023,208549,new,control,0
24.04.2023,201636,new,treatment,0
24.04.2023,203133,old,control,0
24.04.2023,205116,old,treatment,0
24.04.2023,205043,old,control,0
24.04.2023,208212,old,treatment,0
24.04.2023,207684,new,treatment,0
24.04.2023,210386,old,treatment,0
24.04.2023,202631,new,control,1
24.04.2023,208724,old,treatment,0
24.04.2023,209773,new,control,0
24.04.2023,209421,old,control,0
24.04.2023,205859,old,control,0
24.04.2023,208149,new,control,0
24.04.2023,205880,new,treatment,0
24.04.2023,206645,old,control,0
24.04.2023,209258,old,treatment,0
24.04.2023,204493,old,control,0
24.04.2023,201364,old,treatment,0
24.04.2023,203198,old,treatment,0
24.04.2023,200029,old,control,0
24.04.2023,202301,old,control,0
24.04.2023,209092,new,treatment,0
24.04.2023,201049,new,control,0
24.04.2023,206081,new,control,0
24.04.2023,202784,new,treatment,0
24.04.2023,201127,new,control,1
24.04.2023,201256,old,treatment,0
24.04.2023,205720,old,treatment,1
24.04.2023,201573,new,control,0
24.04.2023,209151,old,control,0
24.04.2023,204528,new,treatment,1
24.04.2023,208442,new,treatment,0
24.04.2023,208941,old,control,0
24.04.2023,204851,new,control,0
24.04.2023,209976,old,treatment,0
24.04.2023,204093,new,control,0
24.04.2023,204113,old,control,0
24.04.2023,203100,new,treatment,0
24.04.2023,209891,old,control,0
24.04.2023,206245,new,control,0
24.04.2023,204882,new,treatment,1
24.04.2023,208843,new,control,0
24.04.2023,201464,new,treatment,0
24.04.2023,210307,new,control,0
24.04.2023,209815,new,control,0
24.04.2023,203552,old,treatment,0
24.04.2023,203679,new,control,0
24.04.2023,205651,old,control,0
24.04.2023,206579,new,control,0
24.04.2023,208594,old,treatment,0
24.04.2023,205286,old,treatment,0
24.04.2023,209462,old,treatment,0
24.04.2023,207490,old,treatment,0
24.04.2023,205878,old,treatment,0
24.04.2023,202540,new,treatment,1
24.04.2023,203838,new,treatment,0
24.04.2023,200402,old,treatment,0
24.04.2023,201750,new,treatment,0
24.04.2023,200594,new,treatment,0
24.04.2023,201158,new,treatment,0
24.04.2023,205706,new,treatment,0
24.04.2023,206601,old,control,0
24.04.2023,207904,old,treatment,1
24.04.2023,203355,new,control,0
25.04.2023,209543,new,control,0
25.04.2023,209504,new,treatment,0
25.04.2023,205744,new,treatment,0
25.04.2023,206817,new,control,0
25.04.2023,209296,new,treatment,0
25.04.2023,200258,old,treatment,0
25.04.2023,204655,new,control,0
25.04.2023,203774,new,treatment,0
25.04.2023,210573,old,control,0
25.04.2023,208326,new,treatment,0
25.04.2023,209163,old,control,0
25.04.2023,205906,old,treatment,0
25.04.2023,205494,old,treatment,0
25.04.2023,202472,new,treatment,0
25.04.2023,208612,new,treatment,0
25.04.2023,210228,new,treatment,0
25.04.2023,204142,old,treatment,0
25.04.2023,210298,old,treatment,0
25.04.2023,205981,old,control,0
25.04.2023,202299,old,control,0
25.04.2023,210394,new,treatment,0
25.04.2023,202134,new,treatment,0
25.04.2023,202186,old,treatment,0
25.04.2023,210691,old,control,0
25.04.2023,202795,new,control,0
25.04.2023,204876,old,treatment,0
25.04.2023,210094,new,treatment,0
25.04.2023,205445,old,control,0
25.04.2023,209781,new,control,0
25.04.2023,208054,old,treatment,0
25.04.2023,209007,old,control,1
25.04.2023,200820,old,treatment,0
25.04.2023,204660,old,treatment,0
25.04.2023,206394,old,treatment,0
25.04.2023,200648,new,treatment,1
25.04.2023,205338,old,treatment,0
25.04.2023,201392,new,treatment,0
25.04.2023,206014,old,treatment,0
25.04.2023,201552,old,treatment,0
25.04.2023,204548,new,treatment,0
25.04.2023,202674,old,treatment,0
25.04.2023,207470,old,treatment,0
25.04.2023,206882,old,treatment,0
25.04.2023,203144,new,treatment,0
25.04.2023,206893,old,control,0
25.04.2023,207203,new,control,0
25.04.2023,204059,old,control,0
25.04.2023,208761,old,control,0
25.04.2023,206988,new,treatment,0
25.04.2023,206205,new,control,0
25.04.2023,204402,old,treatment,1
25.04.2023,204667,old,control,0
25.04.2023,206233,old,control,0
25.04.2023,206253,old,control,0
25.04.2023,208694,new,treatment,0
25.04.2023,202990,new,treatment,1
25.04.2023,210434,old,treatment,0
25.04.2023,205311,new,control,0
25.04.2023,206739,new,control,0
25.04.2023,201389,old,control,0
25.04.2023,202307,new,control,0
25.04.2023,200196,old,treatment,0
25.04.2023,205262,old,treatment,1
25.04.2023,205557,old,control,0
25.04.2023,200768,old,treatment,1
25.04.2023,203038,old,treatment,0
25.04.2023,210070,new,treatment,1
25.04.2023,208840,old,treatment,0
25.04.2023,205078,old,treatment,0
25.04.2023,209437,new,control,0
25.04.2023,208190,new,treatment,0
25.04.2023,206773,new,control,0
25.04.2023,206126,old,treatment,0
25.04.2023,209578,old,treatment,0
25.04.2023,201908,new,treatment,0
25.04.2023,202250,old,treatment,0
25.04.2023,209425,old,control,0
25.04.2023,201442,old,treatment,0
25.04.2023,202890,old,treatment,0
25.04.2023,203844,old,treatment,0
25.04.2023,205937,old,control,0
25.04.2023,210180,old,treatment,1
25.04.2023,209610,old,treatment,0
25.04.2023,205957,old,control,0
25.04.2023,209885,new,control,1
25.04.2023,208741,old,control,0
25.04.2023,206611,new,control,0
25.04.2023,204705,old,control,0
25.04.2023,203319,old,control,0
25.04.2023,201879,old,control,0
25.04.2023,210783,old,control,0
25.04.2023,200969,old,control,0
25.04.2023,205133,new,control,0
25.04.2023,205438,old,treatment,0
25.04.2023,209134,old,treatment,0
25.04.2023,208894,new,treatment,0
25.04.2023,207462,new,treatment,0
25.04.2023,210647,old,control,0
25.04.2023,209843,old,control,0
25.04.2023,200911,new,control,0
25.04.2023,202772,old,treatment,0
25.04.2023,202351,old,control,0
25.04.2023,203692,old,treatment,1
25.04.2023,201017,new,control,0
25.04.2023,205675,old,control,0
25.04.2023,210151,new,control,0
25.04.2023,203942,old,treatment,0
25.04.2023,208997,new,control,0
25.04.2023,209588,old,treatment,0
25.04.2023,210752,old,treatment,0
25.04.2023,202595,old,control,0
25.04.2023,207639,new,control,0
25.04.2023,202442,old,treatment,0
25.04.2023,201295,old,control,0
25.04.2023,210555,old,control,0
25.04.2023,202649,new,control,0
25.04.2023,201807,old,control,0
25.04.2023,204494,new,treatment,0
25.04.2023,202861,old,control,0
25.04.2023,209967,old,control,0
25.04.2023,209147,new,control,0
25.04.2023,200918,old,treatment,0
25.04.2023,200757,new,control,0
25.04.2023,201748,old,treatment,0
25.04.2023,207473,old,control,0
25.04.2023,203170,old,treatment,0
25.04.2023,201986,old,treatment,0
25.04.2023,210134,old,treatment,0
25.04.2023,204044,old,treatment,0
25.04.2023,203006,old,treatment,0
25.04.2023,204563,old,control,0
25.04.2023,202193,new,control,0
25.04.2023,204619,old,control,0
25.04.2023,208153,new,control,0
25.04.2023,207811,old,control,0
25.04.2023,209053,new,control,0
25.04.2023,202158,new,treatment,0
25.04.2023,202699,new,control,0
25.04.2023,210862,old,treatment,0
25.04.2023,207313,new,control,0
25.04.2023,205063,new,control,0
25.04.2023,200732,old,treatment,0
25.04.2023,208083,old,control,0
25.04.2023,207446,old,treatment,0
25.04.2023,207658,old,treatment,0
25.04.2023,202847,old,control,0
25.04.2023,209982,new,treatment,0
25.04.2023,207062,new,treatment,0
25.04.2023,206964,old,treatment,0
25.04.2023,203269,old,control,0
25.04.2023,204804,old,treatment,0
25.04.2023,202447,old,control,0
25.04.2023,208402,old,treatment,0
25.04.2023,202383,old,control,0
25.04.2023,209057,old,control,0
25.04.2023,205861,old,control,0
25.04.2023,208253,new,control,0
25.04.2023,207936,new,treatment,1
25.04.2023,204141,new,control,0
25.04.2023,207987,new,control,0
25.04.2023,208476,new,treatment,0
25.04.2023,205730,old,treatment,0
25.04.2023,207577,old,control,0
25.04.2023,210178,new,treatment,0
25.04.2023,210327,old,control,0
26.04.2023,203924,old,treatment,0
26.04.2023,201844,new,treatment,0
26.04.2023,208103,old,control,0
26.04.2023,203512,new,treatment,0
26.04.2023,205904,old,treatment,0
26.04.2023,206023,old,control,0
26.04.2023,203771,new,control,0
26.04.2023,204886,old,treatment,0
26.04.2023,207960,new,treatment,0
26.04.2023,204512,new,treatment,0
26.04.2023,205695,new,control,0
26.04.2023,206463,old,control,0
26.04.2023,208668,old,treatment,0
26.04.2023,210520,new,treatment,0
26.04.2023,201613,new,control,0
26.04.2023,203208,old,treatment,0
26.04.2023,209541,old,control,0
26.04.2023,209741,old,control,0
26.04.2023,206440,old,treatment,0
26.04.2023,202497,old,control,0
26.04.2023,202035,old,control,1
26.04.2023,200434,old,treatment,0
26.04.2023,209614,new,treatment,0
26.04.2023,201287,new,control,0
26.04.2023,209782,new,treatment,0
26.04.2023,208980,old,treatment,0
26.04.2023,205999,new,control,1
26.04.2023,200017,new,control,0
26.04.2023,207660,old,treatment,0
26.04.2023,203126,new,treatment,0
26.04.2023,201144,new,treatment,0
26.04.2023,203860,new,treatment,0
26.04.2023,206644,old,treatment,0
26.04.2023,210687,new,control,1
26.04.2023,203450,old,treatment,0
26.04.2023,202843,old,control,0
26.04.2023,200368,new,treatment,0
26.04.2023,203820,new,treatment,0
26.04.2023,208058,old,treatment,0
26.04.2023,202187,new,control,0
26.04.2023,209454,old,treatment,0
26.04.2023,210154,old,treatment,0
26.04.2023,201897,old,control,0
26.04.2023,204520,new,treatment,0
26.04.2023,210452,new,treatment,0
26.04.2023,208816,old,treatment,0
26.04.2023,210744,new,treatment,0
26.04.2023,210115,old,control,0
26.04.2023,200503,old,control,0
26.04.2023,201289,new,control,0
26.04.2023,209171,new,control,0
26.04.2023,210208,old,treatment,0
26.04.2023,203935,old,control,0
26.04.2023,202948,new,treatment,0
26.04.2023,205851,old,control,0
26.04.2023,201835,old,control,0
26.04.2023,201451,old,control,0
26.04.2023,201501,old,control,0
26.04.2023,209932,old,treatment,0
26.04.2023,203107,old,control,0
26.04.2023,202363,new,control,0
26.04.2023,202635,new,control,0
26.04.2023,201717,old,control,0
26.04.2023,201425,old,control,0
26.04.2023,207699,old,control,0
26.04.2023,210703,old,control,0
26.04.2023,211034,new,treatment,0
26.04.2023,201538,old,treatment,0
26.04.2023,206853,old,control,0
26.04.2023,206239,new,control,0
26.04.2023,209858,old,treatment,0
26.04.2023,210668,new,treatment,1
26.04.2023,203224,new,treatment,0
26.04.2023,204978,new,treatment,0
26.04.2023,201209,new,control,1
26.04.2023,203706,new,treatment,0
26.04.2023,210121,old,control,0
26.04.2023,204406,new,treatment,0
26.04.2023,209550,old,treatment,0
26.04.2023,211005,old,control,0
26.04.2023,209043,new,control,0
26.04.2023,209641,old,control,0
26.04.2023,209558,old,treatment,0
26.04.2023,205175,new,control,0
26.04.2023,203315,new,control,0
26.04.2023,208413,old,control,0
26.04.2023,210955,old,control,0
26.04.2023,205781,old,control,0
26.04.2023,202231,old,control,0
26.04.2023,204466,new,treatment,0
26.04.2023,201981,new,control,0
26.04.2023,210924,new,treatment,0
26.04.2023,203703,old,control,0
26.04.2023,207952,new,treatment,1
26.04.2023,205611,old,control,0
26.04.2023,207642,old,treatment,0
26.04.2023,203121,new,control,0
26.04.2023,201884,new,treatment,0
26.04.2023,200457,old,control,0
26.04.2023,210190,old,treatment,0
26.04.2023,209802,old,treatment,1
26.04.2023,200588,new,treatment,0
26.04.2023,203345,old,control,0
26.04.2023,209650,old,treatment,0
26.04.2023,204736,new,treatment,0
26.04.2023,210448,old,treatment,0
26.04.2023,206098,old,treatment,1
26.04.2023,201344,old,treatment,0
26.04.2023,200468,old,treatment,0
26.04.2023,203471,old,control,0
26.04.2023,209078,new,treatment,0
26.04.2023,202062,new,treatment,0
26.04.2023,211031,new,control,0
26.04.2023,206301,old,control,0
26.04.2023,205997,new,control,0
26.04.2023,203234,new,treatment,0
26.04.2023,209911,new,control,0
26.04.2023,204438,new,treatment,0
26.04.2023,203289,old,control,0
26.04.2023,203032,old,treatment,0
26.04.2023,204401,old,control,0
26.04.2023,209036,old,treatment,0
26.04.2023,204533,new,control,0
26.04.2023,208126,old,treatment,0
26.04.2023,204254,old,treatment,0
26.04.2023,209498,new,treatment,0
26.04.2023,209281,new,control,0
26.04.2023,207091,new,control,0
26.04.2023,202826,new,treatment,0
26.04.2023,208374,new,treatment,0
26.04.2023,210272,old,treatment,0
26.04.2023,205660,old,treatment,0
26.04.2023,206856,old,treatment,0
26.04.2023,201238,new,treatment,0
26.04.2023,207188,old,treatment,0
26.04.2023,202343,old,control,0
26.04.2023,203340,old,treatment,0
26.04.2023,202993,old,control,0
26.04.2023,208152,old,treatment,0
26.04.2023,210329,new,control,0
26.04.2023,202088,new,treatment,0
26.04.2023,210089,new,control,0
26.04.2023,205887,old,control,1
26.04.2023,209005,old,control,0
26.04.2023,208760,new,treatment,0
26.04.2023,203678,new,treatment,0
26.04.2023,208242,new,treatment,0
26.04.2023,201832,new,treatment,1
26.04.2023,207710,new,treatment,0
26.04.2023,210512,new,treatment,0
26.04.2023,204161,old,control,0
26.04.2023,210172,old,treatment,0
26.04.2023,209272,old,treatment,0
26.04.2023,200301,old,control,0
26.04.2023,203547,old,control,0
26.04.2023,209510,old,treatment,0
26.04.2023,201540,old,treatment,0
26.04.2023,205745,new,control,0
26.04.2023,202003,new,control,0
26.04.2023,209892,old,treatment,0
26.04.2023,207037,old,control,0
26.04.2023,200387,old,control,0
26.04.2023,210362,old,treatment,0
26.04.2023,203852,old,treatment,1
26.04.2023,210543,old,control,0
27.04.2023,206963,old,control,0
27.04.2023,206349,old,control,0
27.04.2023,207868,old,treatment,0
27.04.2023,207248,old,treatment,0
27.04.2023,209479,old,control,0
27.04.2023,207885,new,control,0
27.04.2023,207828,old,treatment,0
27.04.2023,210875,old,control,0
27.04.2023,207549,old,control,1
27.04.2023,209851,new,control,0
27.04.2023,210830,new,treatment,0
27.04.2023,204358,new,treatment,0
27.04.2023,208275,old,control,0
27.04.2023,204010,new,treatment,0
27.04.2023,209991,old,control,0
27.04.2023,207496,old,treatment,0
27.04.2023,208764,new,treatment,1
27.04.2023,210712,new,treatment,0
27.04.2023,204122,old,treatment,0
27.04.2023,201992,old,treatment,0
27.04.2023,204945,old,control,1
27.04.2023,208299,old,control,1
27.04.2023,206242,new,treatment,0
27.04.2023,206499,new,control,0
27.04.2023,209386,new,treatment,0
27.04.2023,205579,new,control,0
27.04.2023,201145,old,control,0
27.04.2023,201136,new,treatment,0
27.04.2023,208249,old,control,1
27.04.2023,205674,old,treatment,0
27.04.2023,203721,new,control,0
27.04.2023,201423,old,control,0
27.04.2023,200436,new,treatment,0
27.04.2023,209971,old,control,0
27.04.2023,204225,old,control,0
27.04.2023,205650,old,treatment,1
27.04.2023,208330,old,treatment,0
27.04.2023,202747,new,control,0
27.04.2023,207238,old,treatment,0
27.04.2023,209827,old,control,0
27.04.2023,210684,new,treatment,0
27.04.2023,204631,new,control,0
27.04.2023,201026,old,treatment,0
27.04.2023,205642,new,treatment,0
27.04.2023,202743,old,control,0
27.04.2023,207247,new,control,0
27.04.2023,206540,old,treatment,0
27.04.2023,208176,old,treatment,0
27.04.2023,210832,new,treatment,0
27.04.2023,200467,new,control,0
27.04.2023,202839,old,control,1
27.04.2023,204268,old,treatment,0
27.04.2023,209487,old,control,0
27.04.2023,201565,old,control,0
27.04.2023,211007,old,control,0
27.04.2023,210927,old,control,0
27.04.2023,201894,old,treatment,0
27.04.2023,208669,old,control,0
27.04.2023,202533,new,control,0
27.04.2023,203772,old,treatment,0
27.04.2023,205853,old,control,0
27.04.2023,205543,new,control,0
27.04.2023,210508,new,treatment,0
27.04.2023,210388,new,treatment,0
27.04.2023,210549,old,control,0
27.04.2023,200619,old,control,0
27.04.2023,207725,new,control,0
27.04.2023,209314,new,treatment,0
27.04.2023,206144,old,treatment,0
27.04.2023,202628,new,treatment,0
27.04.2023,201724,old,treatment,0
27.04.2023,203097,new,control,0
27.04.2023,206183,new,control,0
27.04.2023,201176,new,treatment,0
27.04.2023,209305,new,control,0
27.04.2023,205334,new,treatment,1
27.04.2023,200309,new,control,1
27.04.2023,206138,new,treatment,0
27.04.2023,208448,old,treatment,0
27.04.2023,209119,old,control,0
27.04.2023,205129,new,control,0
27.04.2023,205786,old,treatment,0
27.04.2023,205839,old,control,0
27.04.2023,207614,old,treatment,0
27.04.2023,204683,new,control,0
27.04.2023,203242,new,treatment,0
27.04.2023,201595,old,control,0
27.04.2023,201688,new,treatment,0
27.04.2023,208110,old,treatment,1
27.04.2023,204633,old,control,0
27.04.2023,205144,old,treatment,0
27.04.2023,207257,new,control,0
27.04.2023,200272,new,treatment,0
27.04.2023,200979,old,control,0
27.04.2023,208203,old,control,0
27.04.2023,208142,new,treatment,0
27.04.2023,210640,new,treatment,0
27.04.2023,205085,old,control,1
27.04.2023,206282,old,treatment,1
27.04.2023,201535,new,control,0
27.04.2023,202297,new,control,0
27.04.2023,200555,old,control,0
27.04.2023,205672,old,treatment,0
27.04.2023,210405,old,control,0
27.04.2023,201440,old,treatment,0
27.04.2023,210370,old,treatment,0
27.04.2023,207586,old,treatment,0
27.04.2023,200359,new,control,0
27.04.2023,203278,old,treatment,0
27.04.2023,201831,new,control,0
27.04.2023,201758,old,treatment,0
27.04.2023,210049,old,control,0
27.04.2023,209392,old,treatment,0
27.04.2023,210260,new,treatment,0
27.04.2023,204756,new,treatment,0
27.04.2023,207386,old,treatment,0
27.04.2023,210318,new,treatment,0
27.04.2023,203074,old,treatment,0
27.04.2023,201078,new,treatment,0
27.04.2023,209378,old,treatment,0
27.04.2023,201960,old,treatment,0
27.04.2023,204541,old,control,0
27.04.2023,205665,old,control,0
27.04.2023,202989,old,control,0
27.04.2023,209974,new,treatment,0
27.04.2023,201988,new,treatment,1
27.04.2023,208958,old,treatment,0
27.04.2023,202814,new,treatment,1
27.04.2023,207516,old,treatment,0
27.04.2023,204565,new,control,0
27.04.2023,203749,new,control,0
27.04.2023,200961,old,control,0
27.04.2023,209491,new,control,0
27.04.2023,201791,new,control,0
27.04.2023,201044,new,treatment,0
27.04.2023,204393,new,control,0
27.04.2023,208526,new,treatment,0
27.04.2023,205057,old,control,0
27.04.2023,200254,old,treatment,0
27.04.2023,205749,new,control,0
27.04.2023,200318,old,treatment,0
27.04.2023,205947,old,control,0
27.04.2023,210305,old,control,0
27.04.2023,205447,new,control,1
27.04.2023,202117,old,control,0
27.04.2023,203828,new,treatment,0
27.04.2023,200146,new,treatment,0
27.04.2023,204262,old,treatment,0
27.04.2023,205075,new,control,0
27.04.2023,201800,new,treatment,0
27.04.2023,206462,old,treatment,1
27.04.2023,205869,old,control,0
27.04.2023,206475,old,control,0
27.04.2023,208751,old,control,0
27.04.2023,205844,new,treatment,0
27.04.2023,209019,old,control,0
27.04.2023,203487,old,control,0
27.04.2023,201719,old,control,0
27.04.2023,210715,old,control,0
27.04.2023,208999,old,control,0
27.04.2023,206661,old,control,0
27.04.2023,204232,old,treatment,0
27.04.2023,208720,new,treatment,0
27.04.2023,206942,old,treatment,0
27.04.2023,202629,old,control,0
28.04.2023,203368,new,treatment,0
28.04.2023,207082,old,treatment,0
28.04.2023,206894,new,treatment,0
28.04.2023,205325,new,control,0
28.04.2023,204566,old,treatment,0
28.04.2023,204818,old,treatment,1
28.04.2023,206216,old,treatment,1
28.04.2023,203554,new,treatment,0
28.04.2023,205209,old,control,0
28.04.2023,210859,old,control,0
28.04.2023,201024,new,treatment,0
28.04.2023,205857,old,control,0
28.04.2023,207358,old,treatment,0
28.04.2023,201753,new,control,0
28.04.2023,201806,old,treatment,0
28.04.2023,207839,old,control,0
28.04.2023,200733,old,control,0
28.04.2023,210214,old,treatment,0
28.04.2023,206614,old,treatment,1
28.04.2023,203689,old,control,0
28.04.2023,201338,new,treatment,0
28.04.2023,206947,new,control,0
28.04.2023,210884,old,treatment,1
28.04.2023,204195,new,control,0
28.04.2023,202078,new,treatment,0
28.04.2023,205708,old,treatment,0
28.04.2023,203414,new,treatment,0
28.04.2023,202356,new,treatment,0
28.04.2023,204640,new,treatment,0
28.04.2023,202251,old,control,0
28.04.2023,207195,old,control,0
28.04.2023,203579,old,control,0
28.04.2023,202884,new,treatment,0
28.04.2023,209743,old,control,0
28.04.2023,209327,old,control,0
28.04.2023,208471,old,control,0
28.04.2023,204204,old,treatment,0
28.04.2023,206957,old,control,0
28.04.2023,206069,old,control,0
28.04.2023,203553,old,control,0
28.04.2023,208062,old,treatment,0
28.04.2023,207882,old,treatment,0
28.04.2023,200891,old,control,0
28.04.2023,200001,new,control,0
28.04.2023,210248,new,treatment,0
28.04.2023,201135,new,control,0
28.04.2023,207648,new,treatment,0
28.04.2023,204217,old,control,0
28.04.2023,209357,new,control,0
28.04.2023,201185,new,control,0
28.04.2023,207480,old,treatment,1
28.04.2023,210317,old,control,0
28.04.2023,210799,old,control,0
28.04.2023,205386,old,treatment,0
28.04.2023,206436,old,treatment,0
28.04.2023,202647,new,control,1
28.04.2023,205049,old,control,0
28.04.2023,203174,old,treatment,0
28.04.2023,209807,old,control,0
28.04.2023,200739,old,control,0
28.04.2023,203979,old,control,1
28.04.2023,207090,old,treatment,0
28.04.2023,201624,new,treatment,0
28.04.2023,200228,new,treatment,0
28.04.2023,205577,old,control,1
28.04.2023,205867,old,control,0
28.04.2023,200591,old,control,1
28.04.2023,207973,old,control,0
28.04.2023,205913,new,control,0
28.04.2023,206290,new,treatment,0
28.04.2023,209900,old,treatment,0
28.04.2023,200259,old,control,0
28.04.2023,206732,new,treatment,0
28.04.2023,207104,new,treatment,0
28.04.2023,210253,old,control,0
28.04.2023,201086,old,treatment,0
28.04.2023,204056,old,treatment,0
28.04.2023,203520,new,treatment,0
28.04.2023,202340,old,treatment,0
28.04.2023,207191,old,control,0
28.04.2023,201310,new,treatment,0
28.04.2023,200938,old,treatment,0
28.04.2023,204983,new,control,0
28.04.2023,200473,new,control,0
28.04.2023,205446,new,treatment,0
28.04.2023,201072,new,treatment,0
28.04.2023,200463,new,control,0
28.04.2023,204075,new,control,0
28.04.2023,202389,old,control,0
28.04.2023,207877,old,control,0
28.04.2023,201354,old,treatment,0
28.04.2023,207618,old,treatment,0
28.04.2023,200597,new,control,0
28.04.2023,201111,old,control,0
28.04.2023,205126,old,treatment,0
28.04.2023,204482,old,treatment,0
28.04.2023,206084,old,treatment,0
28.04.2023,210097,new,control,0
28.04.2023,200090,new,treatment,0
28.04.2023,205364,new,treatment,0
28.04.2023,208323,old,control,0
28.04.2023,208116,old,treatment,0
28.04.2023,208890,old,treatment,0
28.04.2023,201369,old,control,0
28.04.2023,200498,new,treatment,0
28.04.2023,209446,old,treatment,0
28.04.2023,204936,old,treatment,0
28.04.2023,201514,new,treatment,0
28.04.2023,200365,new,control,0
28.04.2023,208175,old,control,0
28.04.2023,204171,old,control,0
28.04.2023,200860,new,treatment,0
28.04.2023,206677,old,control,0
28.04.2023,205145,new,control,0
28.04.2023,200796,old,treatment,0
28.04.2023,208600,old,treatment,1
28.04.2023,207487,old,control,0
28.04.2023,207108,new,treatment,0
28.04.2023,209841,old,control,0
28.04.2023,209126,old,treatment,0
28.04.2023,205408,old,treatment,0
28.04.2023,204117,old,control,0
28.04.2023,206493,old,control,0
28.04.2023,208722,new,treatment,0
28.04.2023,203951,new,control,0
28.04.2023,200221,old,control,0
28.04.2023,206516,old,treatment,0
28.04.2023,206852,old,treatment,0
28.04.2023,207937,new,control,0
28.04.2023,204645,old,control,0
28.04.2023,201605,new,control,0
28.04.2023,200830,old,treatment,0
28.04.2023,205244,old,treatment,0
28.04.2023,201542,old,treatment,0
28.04.2023,205757,new,control,0
28.04.2023,204924,old,treatment,1
28.04.2023,201352,old,treatment,0
28.04.2023,201739,old,control,0
28.04.2023,206140,old,treatment,0
28.04.2023,206912,old,treatment,0
28.04.2023,210359,old,control,0
28.04.2023,200095,old,control,0
28.04.2023,207654,old,treatment,0
28.04.2023,203664,old,treatment,0
28.04.2023,207361,old,control,0
28.04.2023,203546,old,treatment,1
28.04.2023,201457,old,control,0
28.04.2023,205201,new,control,0
28.04.2023,210551,new,control,0
28.04.2023,209266,new,treatment,0
28.04.2023,201927,new,control,0
28.04.2023,200296,old,treatment,0
28.04.2023,208046,old,treatment,1
28.04.2023,203244,new,treatment,0
28.04.2023,201796,old,treatment,0
28.04.2023,202157,old,control,1
28.04.2023,202215,old,control,1
28.04.2023,203018,old,treatment,0
28.04.2023,210900,old,treatment,0
28.04.2023,210446,new,treatment,0
28.04.2023,200249,old,control,0
28.04.2023,206958,new,treatment,1
28.04.2023,207311,old,control,0
28.04.2023,202136,old,treatment,0
29.04.2023,202613,new,control,0
29.04.2023,210913,old,control,0
29.04.2023,206703,old,control,0
29.04.2023,201205,old,control,0
29.04.2023,204627,new,control,0
29.04.2023,201216,old,treatment,0
29.04.2023,202645,old,control,0
29.04.2023,205182,old,treatment,0
29.04.2023,200186,new,treatment,0
29.04.2023,206272,new,treatment,0
29.04.2023,208106,old,treatment,0
29.04.2023,202166,old,treatment,0
29.04.2023,206316,old,treatment,1
29.04.2023,208359,old,control,0
29.04.2023,210171,new,control,1
29.04.2023,202053,old,control,0
29.04.2023,204360,old,treatment,0
29.04.2023,203867,old,control,0
29.04.2023,210785,new,control,0
29.04.2023,200389,old,control,0
29.04.2023,201959,old,control,1
29.04.2023,203550,new,treatment,0
29.04.2023,204932,new,treatment,0
29.04.2023,200280,old,treatment,0
29.04.2023,208545,old,control,0
29.04.2023,205103,old,control,0
29.04.2023,209108,new,treatment,0
29.04.2023,204239,new,control,0
29.04.2023,209124,new,treatment,0
29.04.2023,207440,old,treatment,0
29.04.2023,201686,new,treatment,0
29.04.2023,203723,old,control,0
29.04.2023,204954,new,treatment,0
29.04.2023,202712,old,treatment,0
29.04.2023,208810,new,treatment,0
29.04.2023,203281,new,control,0
29.04.2023,205168,old,treatment,1
29.04.2023,205886,old,treatment,0
29.04.2023,207732,old,treatment,0
29.04.2023,206907,new,control,0
29.04.2023,209144,new,treatment,0
29.04.2023,208356,new,treatment,0
29.04.2023,202427,new,control,0
29.04.2023,206319,new,control,0
29.04.2023,202938,old,treatment,0
29.04.2023,202845,old,control,0
29.04.2023,210667,new,control,0
29.04.2023,204666,new,treatment,0
29.04.2023,203578,new,treatment,1
29.04.2023,206525,new,control,0
29.04.2023,201606,old,treatment,0
29.04.2023,208114,new,treatment,0
29.04.2023,200753,old,control,0
29.04.2023,200123,old,control,0
29.04.2023,200682,old,treatment,0
29.04.2023,200327,old,control,0
29.04.2023,204230,old,treatment,0
29.04.2023,205935,old,control,0
29.04.2023,205963,new,control,1
29.04.2023,207476,new,treatment,0
29.04.2023,209580,new,treatment,0
29.04.2023,205001,old,control,0
29.04.2023,202923,new,control,0
29.04.2023,207806,new,treatment,1
29.04.2023,200972,old,treatment,0
29.04.2023,202691,old,control,0
29.04.2023,207827,old,control,0
29.04.2023,204811,old,control,0
29.04.2023,203446,new,treatment,0
29.04.2023,202455,old,control,0
29.04.2023,208156,old,treatment,0
29.04.2023,209429,old,control,1
29.04.2023,200097,new,control,0
29.04.2023,209920,old,treatment,0
29.04.2023,200370,old,treatment,0
29.04.2023,206721,new,control,0
29.04.2023,209875,old,control,0
29.04.2023,207566,new,treatment,0
29.04.2023,200240,new,treatment,0
29.04.2023,209169,new,control,0
29.04.2023,201231,old,control,0
29.04.2023,207751,new,control,0
29.04.2023,200108,new,treatment,0
29.04.2023,204083,old,control,0
29.04.2023,204547,old,control,0
29.04.2023,209303,old,control,0
29.04.2023,204968,new,treatment,0
29.04.2023,204907,new,control,0
29.04.2023,203529,old,control,0
29.04.2023,203110,old,treatment,0
29.04.2023,203561,old,control,0
29.04.2023,200456,old,treatment,0
29.04.2023,208553,old,control,0
29.04.2023,203764,new,treatment,0
29.04.2023,207263,new,control,0
29.04.2023,200576,old,treatment,1
29.04.2023,210113,old,control,0
29.04.2023,203709,old,control,0
29.04.2023,206594,new,treatment,0
29.04.2023,206797,old,control,0
29.04.2023,208982,old,treatment,0
29.04.2023,201396,new,treatment,1
29.04.2023,211036,old,treatment,0
29.04.2023,203630,new,treatment,0
29.04.2023,200154,new,treatment,0
29.04.2023,204603,old,control,0
29.04.2023,206131,old,control,0
29.04.2023,203141,new,control,0
29.04.2023,205167,old,control,0
29.04.2023,206709,new,control,0
29.04.2023,202162,old,treatment,0
29.04.2023,205108,old,treatment,1
29.04.2023,207336,old,treatment,0
29.04.2023,203641,new,control,0
29.04.2023,210081,new,control,0
29.04.2023,204289,old,control,1
29.04.2023,206189,old,control,0
29.04.2023,206663,new,control,0
29.04.2023,200883,new,control,0
29.04.2023,200306,new,treatment,0
29.04.2023,202086,new,treatment,0
29.04.2023,203202,old,treatment,0
29.04.2023,203696,old,treatment,0
29.04.2023,204198,old,treatment,0
29.04.2023,208523,old,control,0
29.04.2023,205292,old,treatment,0
29.04.2023,205404,old,treatment,0
29.04.2023,200276,new,treatment,0
29.04.2023,208288,new,treatment,0
29.04.2023,203370,new,treatment,0
29.04.2023,201153,old,control,0
29.04.2023,201882,new,treatment,0
29.04.2023,202323,old,control,0
29.04.2023,210084,new,treatment,1
29.04.2023,203595,new,control,0
29.04.2023,210132,new,treatment,1
29.04.2023,204369,new,control,0
29.04.2023,206026,old,treatment,1
29.04.2023,201055,old,control,0
29.04.2023,207740,old,treatment,0
29.04.2023,206753,old,control,0
29.04.2023,208480,old,treatment,0
29.04.2023,209310,new,treatment,0
29.04.2023,208524,new,treatment,0
29.04.2023,200575,old,control,0
29.04.2023,200982,old,treatment,0
29.04.2023,207996,old,treatment,0
29.04.2023,200652,new,treatment,0
29.04.2023,201189,old,control,0
29.04.2023,200899,old,control,0
29.04.2023,210067,old,control,0
29.04.2023,210119,old,control,0
29.04.2023,205013,old,control,0
29.04.2023,203359,new,control,0
29.04.2023,204546,old,treatment,0
29.04.2023,205916,old,treatment,0
29.04.2023,204629,old,control,1
29.04.2023,201752,old,treatment,0
29.04.2023,206149,new,control,0
29.04.2023,209544,old,treatment,1
29.04.2023,205123,old,control,1
29.04.2023,202462,new,treatment,0
29.04.2023,208632,new,treatment,0
29.04.2023,210219,old,control,0
30.04.2023,207255,old,control,0
30.04.2023,207897,old,control,0
30.04.2023,203447,old,control,0
30.04.2023,204068,new,treatment,0
30.04.2023,200688,old,treatment,0
30.04.2023,206903,old,control,0
30.04.2023,201011,old,control,0
30.04.2023,207768,old,treatment,0
30.04.2023,201323,old,control,0
30.04.2023,201994,old,treatment,1
30.04.2023,207505,new,control,0
30.04.2023,206480,old,treatment,0
30.04.2023,204891,new,control,0
30.04.2023,207316,new,treatment,0
30.04.2023,200881,old,control,0
30.04.2023,200608,old,treatment,0
30.04.2023,204396,new,treatment,0
30.04.2023,206874,old,treatment,0
30.04.2023,202147,old,control,0
30.04.2023,201296,old,treatment,0
30.04.2023,210029,new,control,1
30.04.2023,200942,new,treatment,0
30.04.2023,203952,new,treatment,0
30.04.2023,205243,new,control,0
30.04.2023,200760,old,treatment,1
30.04.2023,200383,new,control,0
30.04.2023,204838,old,treatment,0
30.04.2023,210601,new,control,0
30.04.2023,202256,old,treatment,0
30.04.2023,206833,old,control,0
30.04.2023,207021,new,control,0
30.04.2023,200230,old,treatment,0
30.04.2023,208695,old,control,0
30.04.2023,200475,new,control,0
30.04.2023,208983,old,control,0
30.04.2023,202698,old,treatment,0
30.04.2023,210482,new,treatment,0
30.04.2023,201467,old,control,0
30.04.2023,209448,old,treatment,0
30.04.2023,206724,new,treatment,0
30.04.2023,210211,old,control,0
30.04.2023,209528,new,treatment,0
30.04.2023,206760,old,treatment,0
30.04.2023,200092,new,treatment,0
30.04.2023,200082,new,treatment,0
30.04.2023,208122,old,treatment,1
30.04.2023,207600,old,treatment,0
30.04.2023,205580,old,treatment,0
30.04.2023,209342,old,treatment,0
30.04.2023,203303,old,control,0
30.04.2023,206342,new,treatment,0
30.04.2023,209490,new,treatment,0
30.04.2023,200618,old,treatment,0
30.04.2023,200923,old,control,0
30.04.2023,204174,old,treatment,0
30.04.2023,203601,new,control,0
30.04.2023,210391,old,control,0
30.04.2023,203875,old,control,0
30.04.2023,206868,old,treatment,0
30.04.2023,207028,old,treatment,0
30.04.2023,202366,new,treatment,0
30.04.2023,204346,new,treatment,0
30.04.2023,207381,new,control,0
30.04.2023,202728,old,treatment,0
30.04.2023,201537,old,control,0
30.04.2023,208541,old,control,0
30.04.2023,206006,old,treatment,0
30.04.2023,207197,old,control,0
30.04.2023,206714,new,treatment,0
30.04.2023,209187,new,control,0
30.04.2023,210174,new,treatment,0
30.04.2023,209042,old,treatment,0
30.04.2023,204307,old,control,0
30.04.2023,202625,old,control,0
30.04.2023,203856,old,treatment,0
30.04.2023,209136,old,treatment,0
30.04.2023,201350,new,treatment,1
30.04.2023,207898,old,treatment,0
30.04.2023,203583,old,control,0
30.04.2023,204525,new,control,0
30.04.2023,204576,old,treatment,0
30.04.2023,203868,new,treatment,0
30.04.2023,200537,old,control,0
30.04.2023,201358,new,treatment,1
30.04.2023,203410,old,treatment,0
30.04.2023,205640,new,treatment,0
30.04.2023,204728,old,treatment,0
30.04.2023,204321,new,control,0
30.04.2023,204643,old,control,0
30.04.2023,205784,old,treatment,0
30.04.2023,208234,old,treatment,0
30.04.2023,200787,new,control,0
30.04.2023,207210,old,treatment,0
30.04.2023,207989,old,control,0
30.04.2023,210050,old,treatment,0
30.04.2023,202357,new,control,0
30.04.2023,204067,old,control,0
30.04.2023,202733,old,control,0
30.04.2023,201398,old,treatment,0
30.04.2023,209433,old,control,0
30.04.2023,200282,old,treatment,0
30.04.2023,205358,old,treatment,0
30.04.2023,211006,old,treatment,0
30.04.2023,209279,new,control,0
30.04.2023,209239,new,control,0
30.04.2023,206546,new,treatment,1
30.04.2023,201313,new,control,0
30.04.2023,206167,old,control,0
30.04.2023,203129,new,control,0
30.04.2023,202994,old,treatment,0
30.04.2023,205067,old,control,0
30.04.2023,209597,new,control,0
30.04.2023,200470,old,treatment,0
30.04.2023,208990,old,treatment,0
30.04.2023,204680,old,treatment,1
30.04.2023,209038,new,treatment,0
30.04.2023,209370,old,treatment,0
30.04.2023,204568,old,treatment,0
30.04.2023,201782,old,treatment,0
30.04.2023,200589,old,control,0
30.04.2023,207969,old,control,0
30.04.2023,204023,old,control,0
30.04.2023,204109,old,control,0
30.04.2023,209131,new,control,0
30.04.2023,207447,new,control,0
30.04.2023,204575,old,control,0
30.04.2023,202983,old,control,0
30.04.2023,201249,new,control,0
30.04.2023,204650,old,treatment,0
30.04.2023,208559,old,control,0
30.04.2023,203643,old,control,0
30.04.2023,205902,new,treatment,1
30.04.2023,204412,old,treatment,1
30.04.2023,201025,old,control,0
30.04.2023,208501,new,control,0
30.04.2023,203248,new,treatment,0
30.04.2023,208913,new,control,0
30.04.2023,202831,old,control,0
30.04.2023,202288,old,treatment,0
30.04.2023,209399,new,control,0
30.04.2023,209489,old,control,0
30.04.2023,202945,new,control,0
30.04.2023,207450,old,treatment,0
30.04.2023,210382,new,treatment,0
30.04.2023,206332,new,treatment,0
30.04.2023,200181,old,control,0
30.04.2023,209206,old,treatment,0
30.04.2023,210046,old,treatment,0
30.04.2023,204495,old,control,0
30.04.2023,201224,old,treatment,0
30.04.2023,209410,old,treatment,0
30.04.2023,201143,new,control,0
30.04.2023,207114,old,treatment,0
30.04.2023,201006,new,treatment,1
30.04.2023,204695,old,control,0
30.04.2023,202913,new,control,0
30.04.2023,205882,new,treatment,0
30.04.2023,203439,old,control,0
30.04.2023,210173,old,control,0
30.04.2023,210518,new,treatment,0
30.04.2023,206768,old,treatment,0
30.04.2023,203686,new,treatment,0
30.04.2023,202364,old,treatment,0
30.04.2023,201008,old,treatment,0
01.05.2023,202669,new,control,0
01.05.2023,206055,new,control,0
01.05.2023,202779,new,control,0
01.05.2023,207084,old,treatment,1
01.05.2023,208147,old,control,0
01.05.2023,205976,old,treatment,0
01.05.2023,200084,old,treatment,0
01.05.2023,210736,new,treatment,0
01.05.2023,207552,old,treatment,0
01.05.2023,205204,old,treatment,0
01.05.2023,210868,old,treatment,0
01.05.2023,210777,old,control,0
01.05.2023,205961,old,control,0
01.05.2023,205682,old,treatment,0
01.05.2023,208347,old,control,0
01.05.2023,202783,old,control,0
01.05.2023,200992,new,treatment,0
01.05.2023,204661,old,control,0
01.05.2023,209478,old,treatment,0
01.05.2023,200995,new,control,1
01.05.2023,204285,old,control,0
01.05.2023,203827,old,control,0
01.05.2023,201095,old,control,0
01.05.2023,200722,old,treatment,0
01.05.2023,207226,old,treatment,0
01.05.2023,201623,old,control,0
01.05.2023,209178,new,treatment,0
01.05.2023,205606,new,treatment,0
01.05.2023,208134,old,treatment,0
01.05.2023,203983,old,control,0
01.05.2023,204595,old,control,0
01.05.2023,207609,new,control,0
01.05.2023,210100,new,treatment,0
01.05.2023,200237,old,control,0
01.05.2023,201147,new,control,0
01.05.2023,204087,new,control,1
01.05.2023,204014,old,treatment,0
01.05.2023,202877,new,control,0
01.05.2023,207231,new,control,1
01.05.2023,201275,new,control,0
01.05.2023,204319,new,control,0
01.05.2023,206613,old,control,0
01.05.2023,210400,new,treatment,0
01.05.2023,206110,new,treatment,0
01.05.2023,202934,old,treatment,0
01.05.2023,204919,new,control,0
01.05.2023,203048,new,treatment,0
01.05.2023,206460,old,treatment,0
01.05.2023,207301,new,control,0
01.05.2023,210167,old,control,0
01.05.2023,207791,new,control,0
01.05.2023,203745,old,control,0
01.05.2023,201210,new,treatment,0
01.05.2023,203704,old,treatment,0
01.05.2023,203713,new,control,0
01.05.2023,207556,old,treatment,0
01.05.2023,207348,new,treatment,0
01.05.2023,209525,old,control,0
01.05.2023,210442,old,treatment,0
01.05.2023,208691,new,control,0
01.05.2023,205534,old,treatment,0
01.05.2023,206615,old,control,0
01.05.2023,202259,new,control,0
01.05.2023,201335,new,control,0
01.05.2023,202172,new,treatment,0
01.05.2023,201391,old,control,0
01.05.2023,209232,old,treatment,1
01.05.2023,200248,new,treatment,0
01.05.2023,206421,old,control,0
01.05.2023,202303,new,control,1
01.05.2023,210108,new,treatment,0
01.05.2023,202453,old,control,0
01.05.2023,204132,new,treatment,0
01.05.2023,209374,old,treatment,0
01.05.2023,206997,old,control,0
01.05.2023,210643,old,control,0
01.05.2023,205681,new,control,0
01.05.2023,202456,new,treatment,0
01.05.2023,201064,new,treatment,0
01.05.2023,203390,new,treatment,0
01.05.2023,206799,new,control,0
01.05.2023,205038,old,treatment,0
01.05.2023,204135,new,control,0
01.05.2023,200764,new,treatment,0
01.05.2023,203019,old,control,0
01.05.2023,204125,old,control,0
01.05.2023,209945,old,control,0
01.05.2023,208846,old,treatment,1
01.05.2023,204400,new,treatment,0
01.05.2023,202519,old,control,0
01.05.2023,202882,new,treatment,0
01.05.2023,206280,new,treatment,0
01.05.2023,206557,new,control,0
01.05.2023,208672,old,treatment,0
01.05.2023,205571,old,control,0
01.05.2023,202586,old,treatment,0
01.05.2023,202415,old,control,0
01.05.2023,203833,old,control,0
01.05.2023,206639,new,control,0
01.05.2023,200412,old,treatment,0
01.05.2023,211025,new,control,0
01.05.2023,208828,old,treatment,0
01.05.2023,208521,old,control,1
01.05.2023,209369,new,control,0
01.05.2023,200903,new,control,0
01.05.2023,205353,new,control,0
01.05.2023,209898,new,treatment,0
01.05.2023,201284,new,treatment,0
01.05.2023,208641,old,control,0
01.05.2023,208068,old,treatment,0
01.05.2023,203757,new,control,0
01.05.2023,210669,new,control,0
01.05.2023,208513,new,control,0
01.05.2023,201023,new,control,0
01.05.2023,202261,old,control,0
01.05.2023,206486,new,treatment,0
01.05.2023,203577,new,control,0
01.05.2023,208715,new,control,0
01.05.2023,207275,old,control,0
01.05.2023,207106,new,treatment,0
01.05.2023,206837,old,control,0
01.05.2023,208629,new,control,0
01.05.2023,200611,new,control,0
01.05.2023,204984,new,treatment,0
01.05.2023,202283,new,control,0
01.05.2023,206197,new,control,0
01.05.2023,210873,new,control,0
01.05.2023,205185,old,control,0
01.05.2023,202230,old,treatment,0
01.05.2023,209718,new,treatment,0
01.05.2023,204160,old,treatment,0
01.05.2023,207246,new,treatment,0
01.05.2023,208704,old,treatment,1
01.05.2023,210300,old,treatment,1
01.05.2023,200889,new,control,0
01.05.2023,203501,old,control,0
01.05.2023,206790,new,treatment,0
01.05.2023,202633,old,control,1
01.05.2023,206091,new,control,0
01.05.2023,209137,new,control,0
01.05.2023,203479,new,control,0
01.05.2023,210626,old,treatment,0
01.05.2023,204178,old,treatment,0
01.05.2023,205581,old,control,1
01.05.2023,205224,old,treatment,0
01.05.2023,208251,old,control,0
01.05.2023,200550,new,treatment,0
01.05.2023,209015,new,control,0
01.05.2023,200089,old,control,0
01.05.2023,206668,old,treatment,0
01.05.2023,210229,old,control,0
01.05.2023,200645,old,control,0
01.05.2023,204166,old,treatment,1
01.05.2023,200638,new,treatment,0
01.05.2023,206572,new,treatment,0
01.05.2023,204949,old,control,0
01.05.2023,201598,old,treatment,0
01.05.2023,203316,old,treatment,0
01.05.2023,210225,old,control,1
01.05.2023,210589,old,control,0
01.05.2023,210138,old,treatment,0
01.05.2023,208130,old,treatment,0
01.05.2023,201375,new,control,0
01.05.2023,210422,old,treatment,0
02.05.2023,205319,new,control,0
02.05.2023,209236,old,treatment,0
02.05.2023,206237,new,control,0
02.05.2023,206751,new,control,0
02.05.2023,203524,new,treatment,0
02.05.2023,204567,old,control,0
02.05.2023,209952,old,treatment,0
02.05.2023,206363,old,control,0
02.05.2023,207571,new,control,0
02.05.2023,204224,new,treatment,0
02.05.2023,202419,old,control,0
02.05.2023,210085,new,control,0
02.05.2023,209497,new,control,0
02.05.2023,203293,old,control,0
02.05.2023,200808,old,treatment,0
02.05.2023,205796,old,treatment,0
02.05.2023,210240,new,treatment,0
02.05.2023,204771,new,control,0
02.05.2023,203719,new,control,0
02.05.2023,206355,old,control,0
02.05.2023,206521,new,control,0
02.05.2023,209288,new,treatment,0
02.05.2023,208995,old,control,0
02.05.2023,202808,old,treatment,1
02.05.2023,208575,old,control,0
02.05.2023,202284,new,treatment,0
02.05.2023,201312,old,treatment,0
02.05.2023,202075,old,control,0
02.05.2023,207824,new,treatment,0
02.05.2023,203503,old,control,0
02.05.2023,210793,new,control,0
02.05.2023,204827,old,control,0
02.05.2023,211014,old,treatment,0
02.05.2023,210055,old,control,0
02.05.2023,200838,new,treatment,0
02.05.2023,209072,new,treatment,1
02.05.2023,205824,old,treatment,0
02.05.2023,204317,old,control,0
02.05.2023,205313,old,control,0
02.05.2023,202019,old,control,0
02.05.2023,203287,old,control,0
02.05.2023,208661,new,control,0
02.05.2023,205394,old,treatment,0
02.05.2023,207858,old,treatment,0
02.05.2023,209665,old,control,0
02.05.2023,204159,new,control,0
02.05.2023,201240,old,treatment,0
02.05.2023,207135,old,control,0
02.05.2023,200267,new,control,0
02.05.2023,200553,old,control,0
02.05.2023,210017,new,control,0
02.05.2023,202966,new,treatment,0
02.05.2023,204451,old,control,0
02.05.2023,208091,old,control,0
02.05.2023,206584,old,treatment,0
02.05.2023,210725,old,control,0
02.05.2023,207523,old,control,0
02.05.2023,202435,new,control,0
02.05.2023,207611,new,control,0
02.05.2023,205731,new,control,0
02.05.2023,205570,new,treatment,0
02.05.2023,206543,new,control,0
02.05.2023,200284,new,treatment,0
02.05.2023,209822,old,treatment,0
02.05.2023,206860,new,treatment,0
02.05.2023,209033,new,control,0
02.05.2023,210129,old,control,1
02.05.2023,207334,old,treatment,1
02.05.2023,209164,new,treatment,0
02.05.2023,203677,old,control,0
02.05.2023,205221,new,control,0
02.05.2023,200010,old,treatment,0
02.05.2023,204790,old,treatment,0
02.05.2023,203005,old,control,0
02.05.2023,205113,old,control,0
02.05.2023,208892,new,treatment,0
02.05.2023,203733,old,control,0
02.05.2023,209856,old,treatment,1
02.05.2023,208696,new,treatment,0
02.05.2023,209398,old,treatment,0
02.05.2023,206292,old,treatment,0
02.05.2023,208150,old,treatment,0
02.05.2023,209428,old,treatment,0
02.05.2023,202287,new,control,0
02.05.2023,204957,old,control,0
02.05.2023,202454,old,treatment,1
02.05.2023,203395,old,control,0
02.05.2023,209562,new,treatment,0
02.05.2023,207080,old,treatment,0
02.05.2023,209789,new,control,0
02.05.2023,209810,new,treatment,0
02.05.2023,203892,new,treatment,0
02.05.2023,210417,old,control,0
02.05.2023,209926,old,treatment,0
02.05.2023,204029,old,control,0
02.05.2023,208049,old,control,0
02.05.2023,208115,new,control,0
02.05.2023,206278,new,treatment,1
02.05.2023,201922,new,treatment,0
02.05.2023,209814,old,treatment,0
02.05.2023,204342,old,treatment,0
02.05.2023,209079,old,control,0
02.05.2023,210953,new,control,1
02.05.2023,202280,new,treatment,0
02.05.2023,208505,new,control,0
02.05.2023,206359,new,control,0
02.05.2023,203655,old,control,0
02.05.2023,205758,new,treatment,0
02.05.2023,205845,new,control,1
02.05.2023,200716,old,treatment,0
02.05.2023,201305,old,control,0
02.05.2023,204151,new,control,0
02.05.2023,202696,new,treatment,0
02.05.2023,209771,old,control,0
02.05.2023,209985,new,control,0
02.05.2023,208579,old,control,0
02.05.2023,203301,old,control,0
02.05.2023,202149,new,control,0
02.05.2023,203614,old,treatment,0
02.05.2023,208793,old,control,0
02.05.2023,209461,new,control,0
02.05.2023,207087,new,control,0
02.05.2023,210554,new,treatment,0
02.05.2023,202374,old,treatment,0
02.05.2023,208734,old,treatment,0
02.05.2023,201813,new,control,0
02.05.2023,202097,new,control,0
02.05.2023,201868,new,treatment,0
02.05.2023,210807,old,control,0
02.05.2023,205420,new,treatment,0
02.05.2023,201337,old,control,0
02.05.2023,204764,old,treatment,0
02.05.2023,201410,new,treatment,0
02.05.2023,210655,old,control,0
02.05.2023,207548,old,treatment,0
02.05.2023,205357,old,control,0
02.05.2023,204801,old,control,0
02.05.2023,206160,old,treatment,0
02.05.2023,200226,new,treatment,0
02.05.2023,202474,old,treatment,0
02.05.2023,208159,new,control,0
02.05.2023,204856,new,treatment,0
02.05.2023,205128,old,treatment,0
02.05.2023,210888,old,treatment,0
02.05.2023,207912,new,treatment,0
02.05.2023,200234,old,treatment,0
02.05.2023,206116,old,treatment,1
02.05.2023,208628,old,treatment,0
02.05.2023,202949,old,control,0
02.05.2023,201174,old,treatment,0
02.05.2023,207901,old,control,0
02.05.2023,209948,new,treatment,0
02.05.2023,204051,new,control,0
02.05.2023,210702,new,treatment,0
02.05.2023,202891,new,control,0
02.05.2023,203794,old,treatment,0
02.05.2023,210748,old,treatment,0
02.05.2023,202470,old,treatment,0
02.05.2023,210470,new,treatment,0
02.05.2023,200424,old,treatment,0
02.05.2023,203970,new,treatment,0
02.05.2023,210266,old,treatment,0
02.05.2023,209177,new,control,1
02.05.2023,203226,old,treatment,1
03.05.2023,210774,old,treatment,0
03.05.2023,210361,old,control,0
03.05.2023,205939,old,control,0
03.05.2023,205347,old,control,0
03.05.2023,204536,old,treatment,1
03.05.2023,202318,old,treatment,0
03.05.2023,209132,old,treatment,0
03.05.2023,201468,new,treatment,0
03.05.2023,210708,new,treatment,0
03.05.2023,206551,old,control,0
03.05.2023,205256,new,treatment,0
03.05.2023,206037,new,control,0
03.05.2023,206984,old,treatment,0
03.05.2023,201698,old,treatment,0
03.05.2023,208770,new,treatment,0
03.05.2023,206680,new,treatment,0
03.05.2023,205549,old,control,0
03.05.2023,202345,old,control,0
03.05.2023,207656,new,treatment,0
03.05.2023,205848,old,treatment,0
03.05.2023,210251,old,control,0
03.05.2023,206286,old,treatment,0
03.05.2023,208417,old,control,0
03.05.2023,207777,new,control,0
03.05.2023,207464,new,treatment,0
03.05.2023,207812,old,treatment,0
03.05.2023,209295,new,control,0
03.05.2023,202749,old,control,0
03.05.2023,201935,new,control,0
03.05.2023,206374,new,treatment,1
03.05.2023,200489,old,control,0
03.05.2023,205066,new,treatment,0
03.05.2023,206036,old,treatment,0
03.05.2023,202838,old,treatment,0
03.05.2023,201497,old,control,0
03.05.2023,210273,new,control,0
03.05.2023,210894,old,treatment,0
03.05.2023,210999,old,control,0
03.05.2023,208644,new,treatment,1
03.05.2023,203808,old,treatment,0
03.05.2023,202275,old,control,0
03.05.2023,203282,old,treatment,0
03.05.2023,209201,old,control,1
03.05.2023,209797,old,control,0
03.05.2023,208267,new,control,0
03.05.2023,201244,new,treatment,0
03.05.2023,203238,old,treatment,0
03.05.2023,209251,old,control,0
03.05.2023,206934,old,treatment,0
03.05.2023,200105,new,control,0
03.05.2023,200750,old,treatment,0
03.05.2023,200121,old,control,0
03.05.2023,201596,old,treatment,0
03.05.2023,205554,old,treatment,1
03.05.2023,200401,old,control,1
03.05.2023,210083,new,control,0
03.05.2023,200311,new,control,0
03.05.2023,206170,new,treatment,0
03.05.2023,207574,old,treatment,0
03.05.2023,210892,old,treatment,0
03.05.2023,204665,new,control,0
03.05.2023,207245,old,control,0
03.05.2023,207407,new,control,0
03.05.2023,210387,new,control,0
03.05.2023,201696,old,treatment,0
03.05.2023,207416,old,treatment,0
03.05.2023,206472,old,treatment,0
03.05.2023,206865,new,control,0
03.05.2023,201128,new,treatment,1
03.05.2023,203014,new,treatment,0
03.05.2023,205053,new,control,0
03.05.2023,203251,new,control,0
03.05.2023,203883,new,control,0
03.05.2023,207599,old,control,0
03.05.2023,205461,new,control,0
03.05.2023,203559,new,control,0
03.05.2023,206840,old,treatment,0
03.05.2023,209586,old,treatment,0
03.05.2023,206283,new,control,0
03.05.2023,209881,old,control,0
03.05.2023,210981,new,control,1
03.05.2023,209509,new,control,0
03.05.2023,208304,new,treatment,0
03.05.2023,209925,old,control,0
03.05.2023,202489,old,control,0
03.05.2023,208783,new,control,0
03.05.2023,210310,old,treatment,0
03.05.2023,206662,new,treatment,0
03.05.2023,204593,old,control,0
03.05.2023,206924,new,treatment,0
03.05.2023,208219,new,control,0
03.05.2023,201326,old,treatment,0
03.05.2023,210628,new,treatment,0
03.05.2023,205756,old,treatment,0
03.05.2023,203845,old,control,0
03.05.2023,209995,old,control,0
03.05.2023,202529,old,control,0
03.05.2023,200987,old,control,0
03.05.2023,203350,old,treatment,0
03.05.2023,203337,old,control,0
03.05.2023,207835,old,control,0
03.05.2023,205678,new,treatment,0
03.05.2023,210567,old,control,0
03.05.2023,200438,old,treatment,0
03.05.2023,205468,old,treatment,0
03.05.2023,206740,new,treatment,0
03.05.2023,202023,new,control,0
03.05.2023,201321,old,control,0
03.05.2023,205684,new,treatment,1
03.05.2023,203443,new,control,0
03.05.2023,205147,old,control,0
03.05.2023,201188,new,treatment,0
03.05.2023,209417,old,control,0
03.05.2023,200973,old,control,0
03.05.2023,209275,old,control,0
03.05.2023,206442,new,treatment,1
03.05.2023,200869,old,control,0
03.05.2023,207139,new,control,0
03.05.2023,207420,old,treatment,0
03.05.2023,206649,new,control,0
03.05.2023,207239,old,control,1
03.05.2023,203320,new,treatment,0
03.05.2023,201403,new,control,0
03.05.2023,203325,new,control,0
03.05.2023,203061,old,control,0
03.05.2023,207981,new,control,0
03.05.2023,209595,new,control,0
03.05.2023,202597,old,control,0
03.05.2023,207793,new,control,0
03.05.2023,200773,old,control,0
03.05.2023,209395,old,control,0
03.05.2023,203394,old,treatment,0
03.05.2023,204930,new,treatment,1
03.05.2023,210779,new,control,0
03.05.2023,203497,new,control,0
03.05.2023,205430,new,treatment,0
03.05.2023,210292,new,treatment,0
03.05.2023,205530,old,treatment,0
03.05.2023,201949,new,control,0
03.05.2023,201083,old,control,0
03.05.2023,210344,new,treatment,1
03.05.2023,208574,new,treatment,0
03.05.2023,202400,old,treatment,0
03.05.2023,207399,old,control,0
03.05.2023,210654,old,treatment,0
03.05.2023,205809,old,control,1
03.05.2023,201625,old,control,0
03.05.2023,202293,old,control,0
03.05.2023,206209,new,control,0
03.05.2023,209954,old,treatment,0
03.05.2023,202563,new,control,0
03.05.2023,202061,new,control,0
03.05.2023,207808,new,treatment,0
03.05.2023,206222,old,treatment,0
03.05.2023,210587,old,control,0
03.05.2023,208067,new,control,0
03.05.2023,201426,old,treatment,1
03.05.2023,208101,new,control,0
03.05.2023,209120,old,treatment,0
03.05.2023,202754,old,treatment,1
03.05.2023,202617,old,control,0
03.05.2023,209372,old,treatment,1
03.05.2023,206910,new,treatment,0
03.05.2023,205838,new,treatment,0
04.05.2023,207865,old,control,0
04.05.2023,201529,old,control,0
04.05.2023,208733,old,control,0
04.05.2023,201763,old,control,0
04.05.2023,201660,old,treatment,0
04.05.2023,209439,new,control,0
04.05.2023,201656,new,treatment,0
04.05.2023,208202,old,treatment,1
04.05.2023,202277,new,control,0
04.05.2023,203135,old,control,0
04.05.2023,210035,old,control,0
04.05.2023,200014,new,treatment,0
04.05.2023,210840,new,treatment,1
04.05.2023,207747,new,control,0
04.05.2023,204559,old,control,0
04.05.2023,202368,old,treatment,0
04.05.2023,210574,old,treatment,0
04.05.2023,206867,old,control,0
04.05.2023,200896,new,treatment,0
04.05.2023,208922,old,treatment,0
04.05.2023,202393,new,control,0
04.05.2023,202927,new,control,0
04.05.2023,200538,new,treatment,0
04.05.2023,208560,new,treatment,0
04.05.2023,206561,new,control,0
04.05.2023,210363,new,control,0
04.05.2023,206054,old,treatment,0
04.05.2023,207192,new,treatment,1
04.05.2023,206309,old,control,0
04.05.2023,202840,new,treatment,0
04.05.2023,208127,old,control,0
04.05.2023,206401,old,control,0
04.05.2023,203063,new,control,1
04.05.2023,203389,old,control,0
04.05.2023,203178,old,treatment,0
04.05.2023,200660,old,treatment,0
04.05.2023,206560,new,treatment,0
04.05.2023,202611,old,control,0
04.05.2023,210145,new,control,0
04.05.2023,201561,old,control,0
04.05.2023,208485,old,control,0
04.05.2023,208898,old,treatment,0
04.05.2023,210504,new,treatment,0
04.05.2023,201286,new,treatment,0
04.05.2023,207940,old,treatment,0
04.05.2023,204679,old,control,0
04.05.2023,205771,new,control,0
04.05.2023,200529,old,control,0
04.05.2023,203464,new,treatment,0
04.05.2023,209609,old,control,0
04.05.2023,203878,old,treatment,0
04.05.2023,200180,new,treatment,0
04.05.2023,208240,old,treatment,0
04.05.2023,210103,old,control,0
04.05.2023,203651,old,control,0
04.05.2023,202169,old,control,0
04.05.2023,208090,new,treatment,0
04.05.2023,210492,new,treatment,0
04.05.2023,209388,new,treatment,1
04.05.2023,200888,old,treatment,0
04.05.2023,202803,new,control,0
04.05.2023,207187,old,control,0
04.05.2023,200013,old,control,0
04.05.2023,204251,old,control,0
04.05.2023,208494,old,treatment,0
04.05.2023,203674,new,treatment,0
04.05.2023,208721,new,control,0
04.05.2023,201702,new,treatment,0
04.05.2023,205514,old,treatment,0
04.05.2023,207671,new,control,0
04.05.2023,202395,new,control,0
04.05.2023,210585,new,control,0
04.05.2023,208310,new,treatment,1
04.05.2023,204929,new,control,0
04.05.2023,202546,new,treatment,0
04.05.2023,206898,new,treatment,0
04.05.2023,204452,new,treatment,1
04.05.2023,204496,old,treatment,0
04.05.2023,205448,new,treatment,0
04.05.2023,205460,new,treatment,1
04.05.2023,210527,old,control,0
04.05.2023,204948,old,treatment,1
04.05.2023,211000,new,treatment,0
04.05.2023,207655,new,control,0
04.05.2023,202137,old,control,0
04.05.2023,210982,old,treatment,0
04.05.2023,205506,old,treatment,0
04.05.2023,208487,new,control,0
04.05.2023,203498,old,treatment,0
04.05.2023,208198,new,treatment,0
04.05.2023,209871,new,control,0
04.05.2023,203680,old,treatment,0
04.05.2023,201382,old,treatment,0
04.05.2023,203091,new,control,0
04.05.2023,209992,old,treatment,0
04.05.2023,201213,new,control,0
04.05.2023,206643,old,control,0
04.05.2023,203600,new,treatment,0
04.05.2023,207347,old,control,0
04.05.2023,208396,old,treatment,0
04.05.2023,203683,new,control,0
04.05.2023,210638,new,treatment,0
04.05.2023,205412,old,treatment,0
04.05.2023,205587,old,control,0
04.05.2023,206900,new,treatment,0
04.05.2023,210308,old,treatment,0
04.05.2023,208050,new,treatment,0
04.05.2023,208430,old,treatment,0
04.05.2023,203914,old,treatment,0
04.05.2023,209276,new,treatment,0
04.05.2023,209365,old,control,0
04.05.2023,200559,old,control,0
04.05.2023,209727,new,control,0
04.05.2023,201828,new,treatment,1
04.05.2023,204797,old,control,0
04.05.2023,203895,old,control,1
04.05.2023,207369,old,control,0
04.05.2023,205897,old,control,0
04.05.2023,208633,new,control,0
04.05.2023,205641,old,control,1
04.05.2023,204145,new,control,0
04.05.2023,204996,old,treatment,0
04.05.2023,201129,new,control,0
04.05.2023,207755,old,control,0
04.05.2023,205759,new,control,0
04.05.2023,206553,new,control,0
04.05.2023,207297,old,control,0
04.05.2023,207946,new,treatment,0
04.05.2023,200025,new,control,0
04.05.2023,209770,new,treatment,0
04.05.2023,207020,new,treatment,0
04.05.2023,201754,old,treatment,0
04.05.2023,203442,old,treatment,0
04.05.2023,200631,old,control,0
04.05.2023,210383,new,control,0
04.05.2023,202695,old,control,0
04.05.2023,202786,old,treatment,0
04.05.2023,210625,new,control,0
04.05.2023,200600,old,treatment,0
04.05.2023,200442,old,treatment,0
04.05.2023,206570,new,treatment,1
04.05.2023,209545,old,control,0
04.05.2023,203399,old,control,0
04.05.2023,210908,new,treatment,1
04.05.2023,203708,old,treatment,0
04.05.2023,207945,old,control,0
04.05.2023,202568,old,treatment,0
04.05.2023,201953,new,control,0
04.05.2023,205575,old,control,0
04.05.2023,209958,old,treatment,0
04.05.2023,204453,old,control,0
04.05.2023,204570,new,treatment,0
04.05.2023,208259,new,control,0
04.05.2023,204219,new,control,0
04.05.2023,205004,new,treatment,0
04.05.2023,200919,old,control,0
04.05.2023,210123,new,control,0
04.05.2023,211026,old,treatment,0
04.05.2023,208854,new,treatment,0
04.05.2023,202922,new,treatment,0
04.05.2023,209426,new,treatment,0
04.05.2023,208943,old,control,1
04.05.2023,205930,new,treatment,0
04.05.2023,207851,old,control,0
05.05.2023,200925,old,control,0
05.05.2023,210611,old,control,0
05.05.2023,202910,old,treatment,0
05.05.2023,200904,new,treatment,0
05.05.2023,205973,old,control,0
05.05.2023,210808,new,treatment,0
05.05.2023,204562,old,treatment,0
05.05.2023,210984,old,treatment,0
05.05.2023,208957,new,control,0
05.05.2023,209438,new,treatment,0
05.05.2023,207221,new,control,0
05.05.2023,206711,old,control,0
05.05.2023,203318,new,treatment,0
05.05.2023,209114,old,treatment,0
05.05.2023,200157,old,control,0
05.05.2023,203371,old,control,0
05.05.2023,204325,old,control,0
05.05.2023,204250,old,treatment,0
05.05.2023,201070,new,treatment,0
05.05.2023,205073,old,control,0
05.05.2023,200596,old,treatment,0
05.05.2023,205918,old,treatment,0
05.05.2023,208339,old,control,0
05.05.2023,203589,old,control,0
05.05.2023,200571,old,control,1
05.05.2023,205434,old,treatment,1
05.05.2023,209423,old,control,0
05.05.2023,203459,new,control,0
05.05.2023,204870,old,treatment,0
05.05.2023,207721,old,control,0
05.05.2023,210206,new,treatment,0
05.05.2023,201478,new,treatment,0
05.05.2023,204881,new,control,0
05.05.2023,202017,old,control,1
05.05.2023,203047,new,control,0
05.05.2023,207707,old,control,0
05.05.2023,207695,old,control,0
05.05.2023,200308,old,treatment,0
05.05.2023,203405,old,control,0
05.05.2023,200471,old,control,0
05.05.2023,203981,old,control,0
05.05.2023,206696,new,treatment,1
05.05.2023,202122,old,treatment,1
05.05.2023,201004,old,treatment,0
05.05.2023,204255,new,control,0
05.05.2023,208017,old,control,0
05.05.2023,209240,new,treatment,0
05.05.2023,203913,new,control,0
05.05.2023,205594,old,treatment,1
05.05.2023,202985,old,control,0
05.05.2023,209916,old,treatment,1
05.05.2023,205082,new,treatment,0
05.05.2023,204341,old,control,0
05.05.2023,200064,old,treatment,0
05.05.2023,203823,new,control,0
05.05.2023,209565,new,control,0
05.05.2023,209687,new,control,0
05.05.2023,211039,new,control,0
05.05.2023,210930,old,treatment,0
05.05.2023,200218,new,treatment,1
05.05.2023,201270,old,treatment,0
05.05.2023,207604,new,treatment,0
05.05.2023,204061,old,control,1
05.05.2023,205490,new,treatment,0
05.05.2023,205463,old,control,0
05.05.2023,209776,old,treatment,1
05.05.2023,209806,old,treatment,0
05.05.2023,206466,old,treatment,0
05.05.2023,209168,new,treatment,0
05.05.2023,201339,old,control,0
05.05.2023,209708,old,treatment,0
05.05.2023,205164,new,treatment,0
05.05.2023,201767,new,control,0
05.05.2023,208111,old,control,0
05.05.2023,201324,new,treatment,0
05.05.2023,207293,new,control,0
05.05.2023,208620,old,treatment,0
05.05.2023,203963,new,control,0
05.05.2023,200598,old,treatment,0
05.05.2023,207767,new,control,0
05.05.2023,205401,new,control,0
05.05.2023,201963,old,control,0
05.05.2023,200096,old,treatment,0
05.05.2023,202676,old,treatment,0
05.05.2023,204718,old,treatment,0
05.05.2023,209030,new,treatment,0
05.05.2023,204913,old,control,0
05.05.2023,205628,old,treatment,0
05.05.2023,208697,old,control,0
05.05.2023,210757,new,control,0
05.05.2023,207250,old,treatment,0
05.05.2023,206770,new,treatment,0
05.05.2023,204454,old,treatment,0
05.05.2023,201771,new,control,0
05.05.2023,203743,new,control,0
05.05.2023,206754,old,treatment,0
05.05.2023,203716,new,treatment,0
05.05.2023,200129,new,control,0
05.05.2023,210806,old,treatment,0
05.05.2023,203349,old,control,0
05.05.2023,205631,old,control,0
05.05.2023,209671,old,control,0
05.05.2023,205258,old,treatment,0
05.05.2023,201233,new,control,0
05.05.2023,206103,old,control,0
05.05.2023,208705,old,control,1
05.05.2023,202254,old,treatment,0
05.05.2023,207944,old,treatment,0
05.05.2023,210866,new,treatment,0
05.05.2023,201491,old,control,0
05.05.2023,206153,old,control,0
05.05.2023,203113,old,control,1
05.05.2023,200118,old,treatment,0
05.05.2023,210882,new,treatment,0
05.05.2023,209605,old,control,0
05.05.2023,210509,old,control,0
05.05.2023,202925,old,control,0
05.05.2023,208752,old,treatment,0
05.05.2023,208207,old,control,0
05.05.2023,206666,new,treatment,0
05.05.2023,200534,old,treatment,0
05.05.2023,206716,old,treatment,0
05.05.2023,207509,old,control,0
05.05.2023,209870,old,treatment,0
05.05.2023,210922,new,treatment,0
05.05.2023,210880,old,treatment,0
05.05.2023,203835,old,control,0
05.05.2023,200101,old,control,0
05.05.2023,202921,new,control,0
05.05.2023,200285,new,control,1
05.05.2023,209443,old,control,0
05.05.2023,200607,new,control,0
05.05.2023,200091,old,control,1
05.05.2023,203819,old,control,0
05.05.2023,201821,old,control,0
05.05.2023,200447,new,control,0
05.05.2023,204291,old,control,0
05.05.2023,209184,new,treatment,0
05.05.2023,200557,old,control,0
05.05.2023,204671,new,control,0
05.05.2023,208246,old,treatment,0
05.05.2023,200864,new,treatment,0
05.05.2023,206306,old,treatment,0
05.05.2023,206679,old,control,1
05.05.2023,203185,old,control,0
05.05.2023,203381,old,control,0
05.05.2023,206488,new,treatment,0
05.05.2023,200088,new,treatment,0
05.05.2023,204197,new,control,0
05.05.2023,210015,old,control,0
05.05.2023,206830,new,treatment,0
05.05.2023,201105,old,control,0
05.05.2023,204737,new,control,0
05.05.2023,207837,old,control,0
05.05.2023,204263,old,control,0
05.05.2023,207049,old,control,0
05.05.2023,200741,new,control,0
05.05.2023,200204,new,treatment,0
05.05.2023,207198,old,treatment,0
05.05.2023,202481,old,control,0
05.05.2023,203669,new,control,0
05.05.2023,208075,old,control,0
05.05.2023,209981,new,control,1
05.05.2023,201562,new,treatment,0
06.05.2023,202509,old,control,0
06.05.2023,202933,old,control,0
06.05.2023,207756,old,treatment,0
06.05.2023,206992,old,treatment,0
06.05.2023,201259,old,control,0
06.05.2023,204516,new,treatment,0
06.05.2023,201968,new,treatment,0
06.05.2023,205884,old,treatment,1
06.05.2023,207350,old,treatment,0
06.05.2023,203729,old,control,0
06.05.2023,200546,old,treatment,0
06.05.2023,208410,old,treatment,0
06.05.2023,204365,new,control,0
06.05.2023,210483,new,control,0
06.05.2023,203754,new,treatment,0
06.05.2023,208916,old,treatment,0
06.05.2023,208264,new,treatment,0
06.05.2023,210856,old,treatment,0
06.05.2023,209678,new,treatment,0
06.05.2023,208013,new,control,0
06.05.2023,206042,new,treatment,0
06.05.2023,206310,new,treatment,0
06.05.2023,203922,old,treatment,0
06.05.2023,203212,old,treatment,0
06.05.2023,202483,old,control,0
06.05.2023,204837,old,control,0
06.05.2023,210588,new,treatment,0
06.05.2023,205161,new,control,0
06.05.2023,201751,old,control,0
06.05.2023,204149,old,control,0
06.05.2023,206846,new,treatment,1
06.05.2023,207697,old,control,0
06.05.2023,200086,new,treatment,0
06.05.2023,204820,old,treatment,0
06.05.2023,207535,old,control,0
06.05.2023,205273,old,control,0
06.05.2023,209633,old,control,0
06.05.2023,200723,old,control,0
06.05.2023,210816,new,treatment,0
06.05.2023,202248,new,treatment,0
06.05.2023,201399,new,control,0
06.05.2023,209382,old,treatment,0
06.05.2023,210227,old,control,0
06.05.2023,202285,new,control,0
06.05.2023,202819,old,control,0
06.05.2023,204017,new,control,0
06.05.2023,201069,old,control,0
06.05.2023,200449,old,control,0
06.05.2023,206690,new,treatment,0
06.05.2023,208070,old,treatment,0
06.05.2023,204339,old,control,0
06.05.2023,202715,new,control,0
06.05.2023,206681,old,control,0
06.05.2023,208160,old,treatment,0
06.05.2023,200155,new,control,0
06.05.2023,206538,old,treatment,0
06.05.2023,207098,old,treatment,1
06.05.2023,203800,old,treatment,0
06.05.2023,206473,new,control,0
06.05.2023,202602,new,treatment,0
06.05.2023,200620,old,treatment,0
06.05.2023,210566,old,treatment,0
06.05.2023,200604,old,treatment,0
06.05.2023,208804,new,treatment,0
06.05.2023,201610,old,treatment,0
06.05.2023,207980,old,treatment,0
06.05.2023,200464,new,treatment,0
06.05.2023,209087,new,control,0
06.05.2023,203622,new,treatment,0
06.05.2023,203932,old,treatment,1
06.05.2023,205202,old,treatment,0
06.05.2023,204991,old,control,0
06.05.2023,209715,old,control,0
06.05.2023,207924,new,treatment,0
06.05.2023,203537,new,control,0
06.05.2023,209572,old,treatment,1
06.05.2023,201383,old,control,0
06.05.2023,209729,old,control,0
06.05.2023,208765,new,control,0
06.05.2023,203373,old,control,0
06.05.2023,203200,old,treatment,0
06.05.2023,201300,new,treatment,1
06.05.2023,207878,new,treatment,0
06.05.2023,205014,old,treatment,0
06.05.2023,204616,new,treatment,0
06.05.2023,210207,new,control,0
06.05.2023,209663,old,control,0
06.05.2023,208455,new,control,0
06.05.2023,200193,old,control,0
06.05.2023,211008,new,treatment,0
06.05.2023,200378,new,treatment,0
06.05.2023,202671,old,control,0
06.05.2023,207712,new,treatment,0
06.05.2023,200168,new,treatment,1
06.05.2023,204965,old,control,0
06.05.2023,209172,new,treatment,1
06.05.2023,205029,new,control,0
06.05.2023,201353,new,control,0
06.05.2023,209380,old,treatment,0
06.05.2023,205958,old,treatment,0
06.05.2023,200567,old,control,0
06.05.2023,207044,old,treatment,1
06.05.2023,211035,old,control,0
06.05.2023,208439,old,control,0
06.05.2023,206118,old,treatment,0
06.05.2023,210090,old,treatment,0
06.05.2023,207452,old,treatment,0
06.05.2023,206040,old,treatment,0
06.05.2023,203876,old,treatment,0
06.05.2023,201112,new,treatment,1
06.05.2023,201740,new,treatment,0
06.05.2023,201303,new,control,0
06.05.2023,201886,old,treatment,0
06.05.2023,200877,new,control,0
06.05.2023,204345,new,control,0
06.05.2023,202650,new,treatment,0
06.05.2023,206686,old,treatment,0
06.05.2023,206849,old,control,0
06.05.2023,206346,old,treatment,0
06.05.2023,209518,old,treatment,0
06.05.2023,208595,old,control,0
06.05.2023,203441,old,control,0
06.05.2023,205829,new,control,0
06.05.2023,200042,old,treatment,0
06.05.2023,202876,old,treatment,0
06.05.2023,206137,old,control,0
06.05.2023,204958,new,treatment,0
06.05.2023,202477,old,control,0
06.05.2023,206120,new,treatment,0
06.05.2023,208933,new,control,0
06.05.2023,208709,new,control,1
06.05.2023,202133,old,control,0
06.05.2023,206746,old,treatment,0
06.05.2023,210333,new,control,0
06.05.2023,207938,new,treatment,0
06.05.2023,205117,old,control,0
06.05.2023,204532,old,treatment,0
06.05.2023,210291,old,control,0
06.05.2023,201093,old,control,0
06.05.2023,201783,old,control,0
06.05.2023,204990,new,treatment,0
06.05.2023,206146,old,treatment,0
06.05.2023,209344,old,treatment,1
06.05.2023,210063,old,control,0
06.05.2023,206357,old,control,0
06.05.2023,210847,old,control,0
06.05.2023,203438,old,treatment,0
06.05.2023,200583,new,control,0
06.05.2023,203810,new,treatment,0
06.05.2023,209102,new,treatment,0
06.05.2023,202258,old,treatment,0
06.05.2023,206562,old,treatment,0
06.05.2023,203250,old,treatment,0
06.05.2023,208942,old,treatment,0
06.05.2023,204420,old,treatment,0
06.05.2023,205505,new,control,0
06.05.2023,200357,new,control,0
06.05.2023,204089,old,control,0
06.05.2023,206044,new,treatment,1
06.05.2023,205825,old,control,0
06.05.2023,204946,new,treatment,0
06.05.2023,202052,new,treatment,0
06.05.2023,206968,new,treatment,0
06.05.2023,204462,old,treatment,0
07.05.2023,200263,old,control,0
07.05.2023,208324,new,treatment,0
07.05.2023,209261,new,control,0
07.05.2023,207060,new,treatment,0
07.05.2023,208727,old,control,0
07.05.2023,206041,old,control,0
07.05.2023,204501,old,control,0
07.05.2023,201194,old,treatment,0
07.05.2023,202177,old,control,0
07.05.2023,210796,new,treatment,0
07.05.2023,203177,new,control,0
07.05.2023,201103,old,control,0
07.05.2023,203332,old,treatment,0
07.05.2023,202198,old,treatment,0
07.05.2023,201817,old,control,0
07.05.2023,205474,new,treatment,0
07.05.2023,202881,new,control,0
07.05.2023,202046,old,treatment,0
07.05.2023,204167,new,control,0
07.05.2023,208902,old,treatment,0
07.05.2023,201299,old,control,0
07.05.2023,201601,new,control,1
07.05.2023,210060,old,treatment,0
07.05.2023,202281,new,control,0
07.05.2023,209745,new,control,0
07.05.2023,209567,old,control,0
07.05.2023,203560,old,treatment,0
07.05.2023,205083,new,control,0
07.05.2023,210961,new,control,0
07.05.2023,209933,old,control,0
07.05.2023,202036,old,treatment,0
07.05.2023,208352,new,treatment,0
07.05.2023,203886,old,treatment,0
07.05.2023,204642,old,treatment,0
07.05.2023,200494,old,treatment,0
07.05.2023,206914,old,treatment,0
07.05.2023,201867,new,control,0
07.05.2023,200336,old,treatment,0
07.05.2023,203294,new,treatment,0
07.05.2023,200337,old,control,0
07.05.2023,209436,old,treatment,0
07.05.2023,207166,old,treatment,0
07.05.2023,201274,old,treatment,0
07.05.2023,206300,old,treatment,0
07.05.2023,210704,old,treatment,0
07.05.2023,208884,old,treatment,0
07.05.2023,200845,old,control,0
07.05.2023,208008,new,treatment,0
07.05.2023,203558,old,treatment,0
07.05.2023,206389,old,control,0
07.05.2023,204439,old,control,0
07.05.2023,210256,old,treatment,0
07.05.2023,209217,old,control,0
07.05.2023,207908,old,treatment,0
07.05.2023,202309,new,control,0
07.05.2023,208268,new,treatment,0
07.05.2023,200810,new,treatment,0
07.05.2023,204792,old,treatment,0
07.05.2023,209294,old,treatment,1
07.05.2023,202308,old,treatment,0
07.05.2023,202272,old,treatment,0
07.05.2023,205435,new,control,0
07.05.2023,203807,new,control,0
07.05.2023,205218,new,treatment,0
07.05.2023,200517,new,control,0
07.05.2023,205795,new,control,0
07.05.2023,210528,old,treatment,0
07.05.2023,210150,old,treatment,0
07.05.2023,206482,old,treatment,1
07.05.2023,201366,old,treatment,0
07.05.2023,200605,old,control,0
07.05.2023,209238,old,treatment,0
07.05.2023,203411,new,control,0
07.05.2023,207046,old,treatment,0
07.05.2023,205388,old,treatment,0
07.05.2023,204249,old,control,0
07.05.2023,210158,old,treatment,0
07.05.2023,205856,new,treatment,1
07.05.2023,202898,new,treatment,0
07.05.2023,210315,old,control,0
07.05.2023,200189,new,control,0
07.05.2023,203096,new,treatment,0
07.05.2023,200993,old,control,0
07.05.2023,205176,new,treatment,0
07.05.2023,202105,old,control,0
07.05.2023,203157,old,control,0
07.05.2023,206805,new,control,0
07.05.2023,203615,old,control,1
07.05.2023,209244,new,treatment,0
07.05.2023,207692,old,treatment,0
07.05.2023,203881,old,control,0
07.05.2023,208096,new,treatment,0
07.05.2023,204226,old,treatment,0
07.05.2023,204185,old,control,0
07.05.2023,209037,new,control,1
07.05.2023,210881,old,control,0
07.05.2023,205489,old,control,0
07.05.2023,208162,new,treatment,0
07.05.2023,208124,old,treatment,0
07.05.2023,206818,old,treatment,0
07.05.2023,204418,old,treatment,1
07.05.2023,203522,new,treatment,0
07.05.2023,206134,old,treatment,0
07.05.2023,204814,old,treatment,0
07.05.2023,210297,old,control,0
07.05.2023,208289,new,control,0
07.05.2023,204540,new,treatment,0
07.05.2023,203725,new,control,0
07.05.2023,206701,old,control,0
07.05.2023,202739,new,control,0
07.05.2023,200298,new,treatment,0
07.05.2023,201865,old,control,0
07.05.2023,207194,old,treatment,0
07.05.2023,206695,new,control,0
07.05.2023,203474,new,treatment,0
07.05.2023,207081,old,control,0
07.05.2023,204939,old,control,0
07.05.2023,205189,new,control,0
07.05.2023,202190,new,treatment,0
07.05.2023,204717,new,control,0
07.05.2023,205989,old,control,0
07.05.2023,200634,old,treatment,0
07.05.2023,200977,new,control,0
07.05.2023,200909,new,control,0
07.05.2023,208341,old,control,0
07.05.2023,210594,old,treatment,0
07.05.2023,200229,old,control,0
07.05.2023,205385,old,control,0
07.05.2023,202270,new,treatment,0
07.05.2023,206070,old,treatment,0
07.05.2023,207758,new,treatment,0
07.05.2023,203901,old,control,0
07.05.2023,202199,old,control,0
07.05.2023,203500,old,treatment,0
07.05.2023,207164,new,treatment,0
07.05.2023,206508,old,treatment,0
07.05.2023,205513,old,control,0
07.05.2023,203871,new,control,0
07.05.2023,209630,old,treatment,0
07.05.2023,209160,old,treatment,0
07.05.2023,211010,new,treatment,0
07.05.2023,203865,old,control,0
07.05.2023,209256,new,treatment,0
07.05.2023,206815,new,control,0
07.05.2023,200509,new,control,0
07.05.2023,204416,new,treatment,0
07.05.2023,208814,old,treatment,1
07.05.2023,207181,old,control,0
07.05.2023,200107,new,control,0
07.05.2023,208555,old,control,1
07.05.2023,205694,new,treatment,0
07.05.2023,206076,old,treatment,0
07.05.2023,200966,old,treatment,0
07.05.2023,209640,new,treatment,0
07.05.2023,209759,old,control,0
07.05.2023,204762,new,treatment,0
07.05.2023,205281,new,control,0
07.05.2023,203062,old,treatment,0
07.05.2023,206745,new,control,0
07.05.2023,206640,new,treatment,1
07.05.2023,208707,new,control,0
07.05.2023,204608,old,treatment,1
07.05.2023,207252,new,treatment,1
07.05.2023,202548,old,treatment,0
08.05.2023,206577,old,control,0
08.05.2023,207421,new,control,0
08.05.2023,206520,new,treatment,0
08.05.2023,200788,new,treatment,0
08.05.2023,201526,new,treatment,0
08.05.2023,204423,new,control,0
08.05.2023,201516,new,treatment,0
08.05.2023,203470,new,treatment,0
08.05.2023,201463,old,control,0
08.05.2023,205449,old,control,0
08.05.2023,202216,old,treatment,0
08.05.2023,209255,new,control,0
08.05.2023,210731,new,control,0
08.05.2023,208346,new,treatment,0
08.05.2023,205941,new,control,0
08.05.2023,209912,old,treatment,0
08.05.2023,207967,new,control,0
08.05.2023,200164,old,treatment,1
08.05.2023,200377,old,control,0
08.05.2023,205652,new,treatment,0
08.05.2023,200078,old,treatment,0
08.05.2023,205298,new,treatment,0
08.05.2023,207083,old,control,0
08.05.2023,206571,old,control,0
08.05.2023,206345,old,control,0
08.05.2023,205254,old,treatment,0
08.05.2023,210720,old,treatment,0
08.05.2023,210306,new,treatment,1
08.05.2023,204583,old,control,0
08.05.2023,202867,old,control,0
08.05.2023,204497,old,control,0
08.05.2023,210392,old,treatment,0
08.05.2023,209529,old,control,0
08.05.2023,210385,old,control,0
08.05.2023,201456,old,treatment,0
08.05.2023,207214,old,treatment,0
08.05.2023,209589,new,control,0
08.05.2023,205208,new,treatment,0
08.05.2023,203420,old,treatment,0
08.05.2023,208803,old,control,1
08.05.2023,208679,old,control,0
08.05.2023,210432,new,treatment,0
08.05.2023,202590,new,treatment,0
08.05.2023,205834,new,treatment,0
08.05.2023,202486,old,treatment,0
08.05.2023,201589,old,control,0
08.05.2023,209298,new,treatment,0
08.05.2023,206112,new,treatment,0
08.05.2023,209508,new,treatment,0
08.05.2023,208372,old,treatment,0
08.05.2023,206979,old,control,0
08.05.2023,209726,old,treatment,0
08.05.2023,207145,old,control,0
08.05.2023,200331,new,control,0
08.05.2023,207030,old,treatment,0
08.05.2023,208998,new,treatment,0
08.05.2023,202071,old,control,0
08.05.2023,210447,old,control,0
08.05.2023,208357,old,control,0
08.05.2023,201179,new,control,0
08.05.2023,200081,old,control,0
08.05.2023,201801,old,control,0
08.05.2023,200915,old,control,0
08.05.2023,210989,new,control,0
08.05.2023,210455,new,control,0
08.05.2023,200496,new,treatment,0
08.05.2023,205440,old,treatment,1
08.05.2023,203982,old,treatment,0
08.05.2023,201564,old,treatment,0
08.05.2023,210773,new,control,0
08.05.2023,200623,new,control,0
08.05.2023,200834,old,treatment,0
08.05.2023,210968,old,treatment,0
08.05.2023,203376,new,treatment,0
08.05.2023,202043,old,control,0
08.05.2023,204582,new,treatment,0
08.05.2023,209435,new,control,0
08.05.2023,201496,old,treatment,0
08.05.2023,208105,old,control,0
08.05.2023,204902,old,treatment,0
08.05.2023,210914,new,treatment,0
08.05.2023,210033,old,control,0
08.05.2023,210558,old,treatment,0
08.05.2023,205458,new,treatment,0
08.05.2023,200761,new,control,0
08.05.2023,202858,old,treatment,0
08.05.2023,205690,old,treatment,0
08.05.2023,209739,new,control,0
08.05.2023,204612,old,treatment,0
08.05.2023,202995,old,control,0
08.05.2023,201961,old,control,0
08.05.2023,201214,new,treatment,0
08.05.2023,208820,new,treatment,0
08.05.2023,201346,new,treatment,1
08.05.2023,209371,new,control,0
08.05.2023,201455,old,control,0
08.05.2023,209377,new,control,0
08.05.2023,203102,old,treatment,0
08.05.2023,205613,old,control,0
08.05.2023,201427,old,control,0
08.05.2023,209469,old,control,0
08.05.2023,207769,old,control,0
08.05.2023,208312,old,treatment,0
08.05.2023,208498,new,treatment,0
08.05.2023,210082,new,treatment,0
08.05.2023,203995,old,control,0
08.05.2023,204395,new,control,0
08.05.2023,207325,old,control,0
08.05.2023,209842,new,treatment,0
08.05.2023,210855,new,control,0
08.05.2023,209864,old,treatment,0
08.05.2023,206606,old,treatment,0
08.05.2023,208303,old,control,0
08.05.2023,206136,old,treatment,0
08.05.2023,207813,new,control,0
08.05.2023,205288,new,treatment,0
08.05.2023,207958,new,treatment,0
08.05.2023,207208,old,treatment,0
08.05.2023,209707,new,control,0
08.05.2023,207235,new,control,0
08.05.2023,205009,old,control,1
08.05.2023,207653,old,control,1
08.05.2023,204597,old,control,0
08.05.2023,210019,new,control,0
08.05.2023,207900,old,treatment,0
08.05.2023,208168,old,treatment,0
08.05.2023,200905,old,control,0
08.05.2023,206555,old,control,0
08.05.2023,202367,new,control,0
08.05.2023,204445,new,control,0
08.05.2023,206719,old,control,1
08.05.2023,202935,old,control,0
08.05.2023,208048,new,treatment,0
08.05.2023,202232,new,treatment,0
08.05.2023,203592,old,treatment,0
08.05.2023,200495,old,control,0
08.05.2023,202768,old,treatment,0
08.05.2023,203518,new,treatment,0
08.05.2023,209127,old,control,0
08.05.2023,206796,new,treatment,0
08.05.2023,201365,new,control,0
08.05.2023,204216,new,treatment,0
08.05.2023,205307,new,control,0
08.05.2023,208508,new,treatment,0
08.05.2023,205191,old,control,0
08.05.2023,207279,new,control,1
08.05.2023,201009,new,control,0
08.05.2023,208026,old,treatment,0
08.05.2023,200432,old,treatment,0
08.05.2023,203449,new,control,0
08.05.2023,207992,old,treatment,0
08.05.2023,210537,new,control,0
08.05.2023,203147,old,control,0
08.05.2023,208065,old,control,0
08.05.2023,201332,old,treatment,1
08.05.2023,207150,old,treatment,0
08.05.2023,208979,old,control,0
08.05.2023,201405,old,control,0
08.05.2023,200278,old,treatment,0
08.05.2023,206646,old,treatment,1
08.05.2023,206470,old,treatment,0
08.05.2023,206352,old,treatment,1
08.05.2023,200805,new,control,0
08.05.2023,205949,old,control,0
09.05.2023,210529,old,control,0
09.05.2023,206275,old,control,0
09.05.2023,203045,new,control,0
09.05.2023,200374,new,treatment,0
09.05.2023,208872,new,treatment,0
09.05.2023,202087,new,control,0
09.05.2023,210328,old,treatment,0
09.05.2023,209440,old,treatment,0
09.05.2023,201341,old,control,0
09.05.2023,201996,new,treatment,0
09.05.2023,206616,new,treatment,0
09.05.2023,201029,old,control,0
09.05.2023,205349,old,control,0
09.05.2023,200027,old,control,0
09.05.2023,204900,old,treatment,0
09.05.2023,206514,old,treatment,0
09.05.2023,209056,old,treatment,0
09.05.2023,201146,old,treatment,1
09.05.2023,206456,old,treatment,0
09.05.2023,200569,old,control,0
09.05.2023,204431,old,control,0
09.05.2023,209880,old,treatment,0
09.05.2023,210198,old,treatment,0
09.05.2023,206986,new,treatment,0
09.05.2023,210270,new,treatment,0
09.05.2023,205276,old,treatment,1
09.05.2023,203429,old,control,0
09.05.2023,201855,old,control,1
09.05.2023,204594,old,treatment,0
09.05.2023,200670,new,treatment,0
09.05.2023,205051,old,control,0
09.05.2023,210368,old,treatment,0
09.05.2023,201028,new,treatment,0
09.05.2023,210700,old,treatment,0
09.05.2023,205894,old,treatment,0
09.05.2023,207054,new,treatment,0
09.05.2023,201555,new,control,0
09.05.2023,207281,new,control,0
09.05.2023,205137,old,control,0
09.05.2023,200396,old,treatment,0
09.05.2023,200141,new,control,0
09.05.2023,207559,new,control,0
09.05.2023,205124,old,treatment,0
09.05.2023,210257,old,control,0
09.05.2023,204381,new,control,0
09.05.2023,209334,new,treatment,0
09.05.2023,206776,old,treatment,0
09.05.2023,201087,new,control,0
09.05.2023,204148,new,treatment,0
09.05.2023,202106,old,treatment,0
09.05.2023,208593,old,control,0
09.05.2023,202461,new,control,0
09.05.2023,207919,old,control,0
09.05.2023,202619,old,control,0
09.05.2023,200671,old,control,0
09.05.2023,206464,new,treatment,0
09.05.2023,210550,new,treatment,0
09.05.2023,200239,old,control,0
09.05.2023,201942,new,treatment,0
09.05.2023,201047,old,control,0
09.05.2023,206630,old,treatment,0
09.05.2023,200398,old,treatment,0
09.05.2023,207567,old,control,0
09.05.2023,204768,old,treatment,0
09.05.2023,209757,old,control,0
09.05.2023,205496,new,treatment,0
09.05.2023,201528,new,treatment,0
09.05.2023,208354,old,treatment,0
09.05.2023,200312,old,treatment,0
09.05.2023,204079,old,control,0
09.05.2023,204214,old,treatment,0
09.05.2023,205183,old,control,0
09.05.2023,205713,old,control,0
09.05.2023,208597,old,control,0
09.05.2023,207057,old,control,0
09.05.2023,205056,old,treatment,0
09.05.2023,201203,old,control,0
09.05.2023,202686,old,treatment,0
09.05.2023,204781,old,control,0
09.05.2023,206987,new,control,0
09.05.2023,205402,old,treatment,0
09.05.2023,205500,old,treatment,0
09.05.2023,204815,new,control,0
09.05.2023,204390,old,treatment,0
09.05.2023,205801,old,control,0
09.05.2023,204571,old,control,0
09.05.2023,209844,old,treatment,0
09.05.2023,207926,old,treatment,0
09.05.2023,204183,old,control,0
09.05.2023,201936,new,treatment,0
09.05.2023,203602,new,treatment,0
09.05.2023,200566,old,treatment,0
09.05.2023,209732,old,treatment,0
09.05.2023,200117,old,control,0
09.05.2023,200443,old,control,0
09.05.2023,210985,new,control,0
09.05.2023,208637,old,control,1
09.05.2023,210575,new,control,0
09.05.2023,206247,new,control,0
09.05.2023,210797,old,control,0
09.05.2023,208698,old,treatment,0
09.05.2023,210340,old,treatment,0
09.05.2023,210898,old,treatment,0
09.05.2023,201436,new,treatment,0
09.05.2023,207605,old,control,0
09.05.2023,206024,old,treatment,0
09.05.2023,208649,new,control,0
09.05.2023,209362,new,treatment,0
09.05.2023,204356,new,treatment,0
09.05.2023,208327,old,control,0
09.05.2023,205127,new,control,1
09.05.2023,201638,new,treatment,0
09.05.2023,208664,old,treatment,0
09.05.2023,200207,old,control,0
09.05.2023,210234,old,treatment,0
09.05.2023,208993,old,control,1
09.05.2023,205315,old,control,0
09.05.2023,209316,old,treatment,0
09.05.2023,203388,new,treatment,0
09.05.2023,202142,old,treatment,0
09.05.2023,203249,old,control,0
09.05.2023,209345,old,control,1
09.05.2023,209548,old,treatment,0
09.05.2023,202416,old,treatment,0
09.05.2023,209330,new,treatment,0
09.05.2023,208686,new,treatment,0
09.05.2023,202380,old,treatment,0
09.05.2023,210473,old,control,0
09.05.2023,209657,new,control,0
09.05.2023,202821,old,control,0
09.05.2023,209719,old,control,0
09.05.2023,206386,old,treatment,1
09.05.2023,208518,old,treatment,0
09.05.2023,208768,old,treatment,0
09.05.2023,201002,old,treatment,0
09.05.2023,207124,old,treatment,0
09.05.2023,203477,old,control,0
09.05.2023,200328,old,treatment,0
09.05.2023,204048,old,treatment,0
09.05.2023,201075,old,control,0
09.05.2023,209796,old,treatment,0
09.05.2023,202302,new,treatment,1
09.05.2023,203527,old,control,0
09.05.2023,204974,old,treatment,0
09.05.2023,210295,old,control,0
09.05.2023,205764,old,treatment,0
09.05.2023,205815,new,control,0
09.05.2023,205671,old,control,0
09.05.2023,207236,old,treatment,0
09.05.2023,201076,new,treatment,0
09.05.2023,205953,old,control,0
09.05.2023,200358,new,treatment,1
09.05.2023,202096,old,treatment,0
09.05.2023,209103,new,control,0
09.05.2023,205760,new,treatment,0
09.05.2023,201037,old,control,0
09.05.2023,202679,new,control,0
09.05.2023,201108,old,treatment,0
09.05.2023,201737,new,control,0
09.05.2023,207375,new,control,0
09.05.2023,205096,new,treatment,0
09.05.2023,202505,old,control,0
09.05.2023,209944,old,treatment,0
09.05.2023,203960,old,treatment,0
10.05.2023,204868,old,treatment,0
10.05.2023,210634,old,treatment,0
10.05.2023,208169,new,control,0
10.05.2023,206085,old,control,0
10.05.2023,205008,old,treatment,0
10.05.2023,201347,old,control,0
10.05.2023,202714,new,treatment,0
10.05.2023,203921,new,control,0
10.05.2023,209697,old,control,0
10.05.2023,208906,old,treatment,1
10.05.2023,204770,new,treatment,0
10.05.2023,209535,old,control,0
10.05.2023,207587,new,control,0
10.05.2023,203756,old,treatment,0
10.05.2023,204220,old,treatment,0
10.05.2023,208469,old,control,1
10.05.2023,210031,old,control,0
10.05.2023,200959,old,control,0
10.05.2023,205278,new,treatment,0
10.05.2023,205136,old,treatment,0
10.05.2023,206375,new,control,0
10.05.2023,206008,new,treatment,0
10.05.2023,206038,old,treatment,1
10.05.2023,202153,new,control,0
10.05.2023,209876,new,treatment,0
10.05.2023,206180,old,treatment,0
10.05.2023,205819,old,control,0
10.05.2023,200437,old,control,0
10.05.2023,200698,new,treatment,1
10.05.2023,207315,new,control,0
10.05.2023,204928,old,treatment,0
10.05.2023,204352,old,treatment,0
10.05.2023,207623,new,control,0
10.05.2023,205242,old,treatment,0
10.05.2023,204471,old,control,0
10.05.2023,200227,new,control,0
10.05.2023,208047,new,control,0
10.05.2023,206402,new,treatment,0
10.05.2023,203659,new,control,0
10.05.2023,201488,old,treatment,0
10.05.2023,209740,new,treatment,0
10.05.2023,202584,new,treatment,1
10.05.2023,204114,old,treatment,0
10.05.2023,206241,old,control,0
10.05.2023,204235,old,control,0
10.05.2023,210136,new,treatment,0
10.05.2023,208723,new,control,0
10.05.2023,202076,old,treatment,0
10.05.2023,201979,new,control,0
10.05.2023,205351,old,control,0
10.05.2023,210420,new,treatment,0
10.05.2023,209409,old,control,0
10.05.2023,200533,new,control,0
10.05.2023,207871,old,control,1
10.05.2023,202320,new,treatment,0
10.05.2023,209308,old,treatment,0
10.05.2023,207299,new,control,0
10.05.2023,203536,old,treatment,0
10.05.2023,209969,old,control,0
10.05.2023,202192,new,treatment,0
10.05.2023,205826,new,treatment,0
10.05.2023,209619,old,control,0
10.05.2023,208544,old,treatment,0
10.05.2023,206369,old,control,0
10.05.2023,205076,old,treatment,0
10.05.2023,203676,old,treatment,0
10.05.2023,206795,new,control,0
10.05.2023,206826,old,treatment,0
10.05.2023,202720,new,treatment,0
10.05.2023,201794,new,treatment,0
10.05.2023,210970,old,treatment,0
10.05.2023,201525,new,control,0
10.05.2023,210068,old,treatment,0
10.05.2023,205565,new,control,0
10.05.2023,209048,old,treatment,0
10.05.2023,202622,old,treatment,0
10.05.2023,206334,old,treatment,0
10.05.2023,209993,old,control,0
10.05.2023,207426,old,treatment,0
10.05.2023,204344,new,treatment,0
10.05.2023,205951,old,control,0
10.05.2023,201934,old,treatment,0
10.05.2023,209710,old,treatment,0
10.05.2023,209699,old,control,0
10.05.2023,207573,old,control,0
10.05.2023,208507,new,control,0
10.05.2023,200907,new,control,0
10.05.2023,210093,old,control,0
10.05.2023,207829,old,control,1
10.05.2023,209041,new,control,0
10.05.2023,208708,old,treatment,0
10.05.2023,203108,old,treatment,0
10.05.2023,201416,new,treatment,0
10.05.2023,203162,old,treatment,0
10.05.2023,206078,old,treatment,0
10.05.2023,208856,new,treatment,0
10.05.2023,203495,new,control,0
10.05.2023,205229,new,control,0
10.05.2023,203681,new,control,0
10.05.2023,204786,old,treatment,0
10.05.2023,204688,old,treatment,0
10.05.2023,206323,old,control,0
10.05.2023,207032,old,treatment,0
10.05.2023,210872,new,treatment,1
10.05.2023,210309,old,control,0
10.05.2023,201199,old,control,0
10.05.2023,202612,new,treatment,0
10.05.2023,202781,old,control,0
10.05.2023,207723,old,control,0
10.05.2023,206664,old,treatment,0
10.05.2023,210871,new,control,1
10.05.2023,200542,new,treatment,0
10.05.2023,205410,new,treatment,0
10.05.2023,205050,old,treatment,1
10.05.2023,206393,old,control,1
10.05.2023,201262,new,treatment,0
10.05.2023,203562,old,treatment,0
10.05.2023,202496,old,treatment,0
10.05.2023,209130,old,treatment,0
10.05.2023,205015,old,control,0
10.05.2023,207172,new,treatment,0
10.05.2023,200765,new,control,0
10.05.2023,210484,old,treatment,0
10.05.2023,200947,new,control,0
10.05.2023,209000,old,treatment,0
10.05.2023,205775,old,control,0
10.05.2023,206789,old,control,0
10.05.2023,208333,new,control,0
10.05.2023,207934,old,treatment,0
10.05.2023,202040,old,treatment,0
10.05.2023,201932,old,treatment,0
10.05.2023,205148,new,treatment,0
10.05.2023,208495,new,control,0
10.05.2023,209723,old,control,0
10.05.2023,206549,new,control,0
10.05.2023,203806,new,treatment,0
10.05.2023,208461,old,control,0
10.05.2023,209658,new,treatment,0
10.05.2023,210994,old,treatment,0
10.05.2023,203936,new,treatment,0
10.05.2023,203106,new,treatment,0
10.05.2023,209204,old,treatment,0
10.05.2023,208418,old,treatment,0
10.05.2023,210169,old,control,0
10.05.2023,201109,new,control,0
10.05.2023,203206,new,treatment,0
10.05.2023,203685,old,control,0
10.05.2023,206010,old,treatment,0
10.05.2023,207555,new,control,0
10.05.2023,202113,new,control,0
10.05.2023,210794,old,treatment,0
10.05.2023,209299,old,control,0
10.05.2023,200353,new,control,0
10.05.2023,201133,new,control,0
10.05.2023,205098,new,treatment,0
10.05.2023,204433,old,control,1
10.05.2023,200148,old,treatment,0
10.05.2023,210944,old,treatment,0
10.05.2023,208652,new,treatment,0
10.05.2023,202090,new,treatment,0
10.05.2023,203011,new,control,0
10.05.2023,207951,old,control,0
10.05.2023,207489,new,control,0
10.05.2023,209229,new,control,0
